{
  "Healthcare": {
    "ann_vol": {
      "ks": 0.08833546189868029,
      "p": 0.8567906213497356,
      "n_sector": 58,
      "n_rest": 162
    },
    "mean_range": {
      "ks": 0.20157513835674756,
      "p": 0.05254178521040388,
      "n_sector": 58,
      "n_rest": 162
    },
    "mean_overnight": {
      "ks": 0.19284802043422733,
      "p": 0.07119609724907007,
      "n_sector": 58,
      "n_rest": 162
    },
    "mean_turnover": {
      "ks": 0.1841209025117071,
      "p": 0.09517367377513931,
      "n_sector": 58,
      "n_rest": 162
    },
    "beta_spy": {
      "ks": 0.42060451255853554,
      "p": 2.487467081140777e-07,
      "n_sector": 58,
      "n_rest": 162
    },
    "skew_ret": {
      "ks": 0.143252447850149,
      "p": 0.30902122253821945,
      "n_sector": 58,
      "n_rest": 162
    },
    "kurt_ret": {
      "ks": 0.0968497232865049,
      "p": 0.774105616792533,
      "n_sector": 58,
      "n_rest": 162
    },
    "mom_52w": {
      "ks": 0.1951894423158791,
      "p": 0.06568691290147755,
      "n_sector": 58,
      "n_rest": 162
    }
  },
  "Technology": {
    "ann_vol": {
      "ks": 0.2854938271604938,
      "p": 0.00044874605119375033,
      "n_sector": 72,
      "n_rest": 162
    },
    "mean_range": {
      "ks": 0.2330246913580247,
      "p": 0.0073997370850803525,
      "n_sector": 72,
      "n_rest": 162
    },
    "mean_overnight": {
      "ks": 0.25925925925925924,
      "p": 0.0019612751737032035,
      "n_sector": 72,
      "n_rest": 162
    },
    "mean_turnover": {
      "ks": 0.19290123456790123,
      "p": 0.04263116063339321,
      "n_sector": 72,
      "n_rest": 162
    },
    "beta_spy": {
      "ks": 0.38117283950617287,
      "p": 5.708835202716976e-07,
      "n_sector": 72,
      "n_rest": 162
    },
    "skew_ret": {
      "ks": 0.08179012345679013,
      "p": 0.8647294085158345,
      "n_sector": 72,
      "n_rest": 162
    },
    "kurt_ret": {
      "ks": 0.13117283950617284,
      "p": 0.3285083692541234,
      "n_sector": 72,
      "n_rest": 162
    },
    "mom_52w": {
      "ks": 0.0787037037037037,
      "p": 0.8923657863482283,
      "n_sector": 72,
      "n_rest": 162
    }
  },
  "Energy": {
    "ann_vol": {
      "ks": 0.2691358024691358,
      "p": 0.12435158374180745,
      "n_sector": 20,
      "n_rest": 162
    },
    "mean_range": {
      "ks": 0.195679012345679,
      "p": 0.44425454801773373,
      "n_sector": 20,
      "n_rest": 162
    },
    "mean_overnight": {
      "ks": 0.2580246913580247,
      "p": 0.15495750368570188,
      "n_sector": 20,
      "n_rest": 162
    },
    "mean_turnover": {
      "ks": 0.4654320987654321,
      "p": 0.0004981115598496139,
      "n_sector": 20,
      "n_rest": 162
    },
    "beta_spy": {
      "ks": 0.47469135802469137,
      "p": 0.0003304419971271607,
      "n_sector": 20,
      "n_rest": 162
    },
    "skew_ret": {
      "ks": 0.32654320987654323,
      "p": 0.03405506716845212,
      "n_sector": 20,
      "n_rest": 162
    },
    "kurt_ret": {
      "ks": 0.5604938271604938,
      "p": 9.07509645078068e-06,
      "n_sector": 20,
      "n_rest": 162
    },
    "mom_52w": {
      "ks": 0.25555555555555554,
      "p": 0.16232094357934673,
      "n_sector": 20,
      "n_rest": 162
    }
  },
  "Utilities": {
    "ann_vol": {
      "ks": 0.4469135802469136,
      "p": 4.217393660779277e-05,
      "n_sector": 30,
      "n_rest": 162
    },
    "mean_range": {
      "ks": 0.408641975308642,
      "p": 0.0002563315668812851,
      "n_sector": 30,
      "n_rest": 162
    },
    "mean_overnight": {
      "ks": 0.6234567901234568,
      "p": 7.055935769923952e-10,
      "n_sector": 30,
      "n_rest": 162
    },
    "mean_turnover": {
      "ks": 0.6,
      "p": 4.039968155171865e-09,
      "n_sector": 30,
      "n_rest": 162
    },
    "beta_spy": {
      "ks": 0.7506172839506173,
      "p": 8.40439411310582e-15,
      "n_sector": 30,
      "n_rest": 162
    },
    "skew_ret": {
      "ks": 0.2382716049382716,
      "p": 0.09487657390096388,
      "n_sector": 30,
      "n_rest": 162
    },
    "kurt_ret": {
      "ks": 0.4666666666666667,
      "p": 1.5419010367887402e-05,
      "n_sector": 30,
      "n_rest": 162
    },
    "mom_52w": {
      "ks": 0.3135802469135803,
      "p": 0.010458977776448962,
      "n_sector": 30,
      "n_rest": 162
    }
  },
  "Real Estate": {
    "ann_vol": {
      "ks": 0.4049382716049383,
      "p": 0.0003022067149454585,
      "n_sector": 30,
      "n_rest": 162
    },
    "mean_range": {
      "ks": 0.3432098765432099,
      "p": 0.0036894397751199783,
      "n_sector": 30,
      "n_rest": 162
    },
    "mean_overnight": {
      "ks": 0.3037037037037037,
      "p": 0.014477947596295428,
      "n_sector": 30,
      "n_rest": 162
    },
    "mean_turnover": {
      "ks": 0.36666666666666664,
      "p": 0.0015044576974534106,
      "n_sector": 30,
      "n_rest": 162
    },
    "beta_spy": {
      "ks": 0.4654320987654321,
      "p": 1.6455141347383373e-05,
      "n_sector": 30,
      "n_rest": 162
    },
    "skew_ret": {
      "ks": 0.2765432098765432,
      "p": 0.03345431495924162,
      "n_sector": 30,
      "n_rest": 162
    },
    "kurt_ret": {
      "ks": 0.5246913580246914,
      "p": 5.901548870059762e-07,
      "n_sector": 30,
      "n_rest": 162
    },
    "mom_52w": {
      "ks": 0.17407407407407408,
      "p": 0.3810623700077011,
      "n_sector": 30,
      "n_rest": 162
    }
  },
  "Consumer Defensive": {
    "ann_vol": {
      "ks": 0.3123123123123123,
      "p": 0.004124188159105745,
      "n_sector": 37,
      "n_rest": 162
    },
    "mean_range": {
      "ks": 0.25375375375375375,
      "p": 0.03322526140594158,
      "n_sector": 37,
      "n_rest": 162
    },
    "mean_overnight": {
      "ks": 0.509009009009009,
      "p": 1.0683295796991991e-07,
      "n_sector": 37,
      "n_rest": 162
    },
    "mean_turnover": {
      "ks": 0.4009009009009009,
      "p": 7.22181295540398e-05,
      "n_sector": 37,
      "n_rest": 162
    },
    "beta_spy": {
      "ks": 0.7258925592258926,
      "p": 3.331978947820275e-16,
      "n_sector": 37,
      "n_rest": 162
    },
    "skew_ret": {
      "ks": 0.12746079412746078,
      "p": 0.6576236829369092,
      "n_sector": 37,
      "n_rest": 162
    },
    "kurt_ret": {
      "ks": 0.16149482816149482,
      "p": 0.36672330099396866,
      "n_sector": 37,
      "n_rest": 162
    },
    "mom_52w": {
      "ks": 0.30613947280613946,
      "p": 0.005251200780831696,
      "n_sector": 37,
      "n_rest": 162
    }
  },
  "Financial Services": {
    "ann_vol": {
      "ks": 0.30185185185185187,
      "p": 0.000495491125393137,
      "n_sector": 60,
      "n_rest": 162
    },
    "mean_range": {
      "ks": 0.21975308641975308,
      "p": 0.024261096198801405,
      "n_sector": 60,
      "n_rest": 162
    },
    "mean_overnight": {
      "ks": 0.2537037037037037,
      "p": 0.005659872895876312,
      "n_sector": 60,
      "n_rest": 162
    },
    "mean_turnover": {
      "ks": 0.20617283950617285,
      "p": 0.04092655579636121,
      "n_sector": 60,
      "n_rest": 162
    },
    "beta_spy": {
      "ks": 0.13148148148148148,
      "p": 0.39610490626169886,
      "n_sector": 60,
      "n_rest": 162
    },
    "skew_ret": {
      "ks": 0.15123456790123457,
      "p": 0.24057981327731154,
      "n_sector": 60,
      "n_rest": 162
    },
    "kurt_ret": {
      "ks": 0.20617283950617285,
      "p": 0.04092655579636121,
      "n_sector": 60,
      "n_rest": 162
    },
    "mom_52w": {
      "ks": 0.35802469135802467,
      "p": 1.638552547497941e-05,
      "n_sector": 60,
      "n_rest": 162
    }
  }
}