{
  "time_steps": [
    1,
    2,
    3,
    4,
    5,
    6,
    7,
    8,
    9,
    10,
    11,
    12,
    13,
    14,
    15,
    16,
    17,
    18,
    19,
    20,
    21,
    22,
    23,
    24,
    25,
    26,
    27,
    28,
    29,
    30,
    31,
    32,
    33,
    34,
    35,
    36,
    37,
    38,
    39,
    40
  ],
  "n_seeds": 30,
  "config": {
    "predictor": "algorithm",
    "n_series": 500,
    "n_train": 1000,
    "n_cal": 1000,
    "alpha": 0.1,
    "aci_stepsize": 0.005,
    "T": 40,
    "window_size": 800,
    "ar_coef": 0.9,
    "beta": 1.0,
    "noise_std": 0.2,
    "trend_coef": 0.0,
    "covariate_mode": "static",
    "with_shift": true,
    "use_lr": false,
    "covar_rate": 1.0,
    "covar_rate_shift": 2.0,
    "x_rate": 0.7,
    "x_trend": 0.0,
    "x_noise_std": 0.2,
    "x0_lambda": 1.0,
    "x_rate_shift": null,
    "x_trend_shift": null,
    "x_noise_std_shift": null,
    "x0_lambda_shift": null
  },
  "by_time": {
    "1": {
      "coverage_mean": 0.6588666666666667,
      "coverage_std": 0.027850473764172993,
      "coverage_median": 0.654,
      "coverage_q25": 0.6385000000000001,
      "coverage_q75": 0.6845,
      "coverage_min": 0.61,
      "coverage_max": 0.714,
      "width_mean": 2.75777211393703,
      "width_std": 0.11390317200419826,
      "width_median": 2.732364191816763,
      "n_predictions_total": 15000,
      "empirical_coverage": 0.6588666666666667
    },
    "2": {
      "coverage_mean": 0.7436000000000001,
      "coverage_std": 0.028873979058430223,
      "coverage_median": 0.743,
      "coverage_q25": 0.728,
      "coverage_q75": 0.7575000000000001,
      "coverage_min": 0.672,
      "coverage_max": 0.8,
      "width_mean": 2.4986289484656656,
      "width_std": 0.06830995391827,
      "width_median": 2.5060473965211427,
      "n_predictions_total": 15000,
      "empirical_coverage": 0.7436
    },
    "3": {
      "coverage_mean": 0.8762666666666665,
      "coverage_std": 0.02333371428260453,
      "coverage_median": 0.875,
      "coverage_q25": 0.8625,
      "coverage_q75": 0.8915,
      "coverage_min": 0.83,
      "coverage_max": 0.944,
      "width_mean": 1.9513942920992695,
      "width_std": 0.06637306983752403,
      "width_median": 1.9597077261631566,
      "n_predictions_total": 15000,
      "empirical_coverage": 0.8762666666666666
    },
    "4": {
      "coverage_mean": 0.9396,
      "coverage_std": 0.015270014189035076,
      "coverage_median": 0.943,
      "coverage_q25": 0.9345000000000001,
      "coverage_q75": 0.948,
      "coverage_min": 0.89,
      "coverage_max": 0.968,
      "width_mean": 1.709962118360076,
      "width_std": 0.0696349638180272,
      "width_median": 1.6996920742625112,
      "n_predictions_total": 15000,
      "empirical_coverage": 0.9396
    },
    "5": {
      "coverage_mean": 0.9434666666666665,
      "coverage_std": 0.011182526051339575,
      "coverage_median": 0.942,
      "coverage_q25": 0.9345000000000001,
      "coverage_q75": 0.9524999999999999,
      "coverage_min": 0.926,
      "coverage_max": 0.968,
      "width_mean": 1.6249922101556058,
      "width_std": 0.054003596043142775,
      "width_median": 1.628530126589915,
      "n_predictions_total": 15000,
      "empirical_coverage": 0.9434666666666667
    },
    "6": {
      "coverage_mean": 0.9309333333333334,
      "coverage_std": 0.015123785534345827,
      "coverage_median": 0.93,
      "coverage_q25": 0.9205000000000001,
      "coverage_q75": 0.9395,
      "coverage_min": 0.904,
      "coverage_max": 0.96,
      "width_mean": 1.5680416339102514,
      "width_std": 0.04808303456873788,
      "width_median": 1.574291776345547,
      "n_predictions_total": 15000,
      "empirical_coverage": 0.9309333333333333
    },
    "7": {
      "coverage_mean": 0.9117333333333334,
      "coverage_std": 0.01656287683009474,
      "coverage_median": 0.915,
      "coverage_q25": 0.9025000000000001,
      "coverage_q75": 0.9255,
      "coverage_min": 0.862,
      "coverage_max": 0.938,
      "width_mean": 1.5415478221402343,
      "width_std": 0.04514684483925129,
      "width_median": 1.5461317196203854,
      "n_predictions_total": 15000,
      "empirical_coverage": 0.9117333333333333
    },
    "8": {
      "coverage_mean": 0.8891333333333333,
      "coverage_std": 0.019111485784440975,
      "coverage_median": 0.891,
      "coverage_q25": 0.8734999999999999,
      "coverage_q75": 0.902,
      "coverage_min": 0.838,
      "coverage_max": 0.924,
      "width_mean": 1.5155108312077443,
      "width_std": 0.0382669061007169,
      "width_median": 1.5202989021352464,
      "n_predictions_total": 15000,
      "empirical_coverage": 0.8891333333333333
    },
    "9": {
      "coverage_mean": 0.8651999999999999,
      "coverage_std": 0.02391429140353805,
      "coverage_median": 0.867,
      "coverage_q25": 0.8565,
      "coverage_q75": 0.882,
      "coverage_min": 0.788,
      "coverage_max": 0.9,
      "width_mean": 1.5041517312550614,
      "width_std": 0.03941882102686376,
      "width_median": 1.4966260263452535,
      "n_predictions_total": 15000,
      "empirical_coverage": 0.8652
    },
    "10": {
      "coverage_mean": 0.853,
      "coverage_std": 0.029064296539454266,
      "coverage_median": 0.855,
      "coverage_q25": 0.8345,
      "coverage_q75": 0.8765000000000001,
      "coverage_min": 0.784,
      "coverage_max": 0.898,
      "width_mean": 1.486754558728311,
      "width_std": 0.04724372945278693,
      "width_median": 1.4880120584597287,
      "n_predictions_total": 15000,
      "empirical_coverage": 0.853
    },
    "11": {
      "coverage_mean": 0.8444,
      "coverage_std": 0.022452319850444567,
      "coverage_median": 0.839,
      "coverage_q25": 0.83,
      "coverage_q75": 0.858,
      "coverage_min": 0.808,
      "coverage_max": 0.89,
      "width_mean": 1.4818554628243257,
      "width_std": 0.033363993302736684,
      "width_median": 1.4818684371925008,
      "n_predictions_total": 15000,
      "empirical_coverage": 0.8444
    },
    "12": {
      "coverage_mean": 0.8405333333333334,
      "coverage_std": 0.023697726098134864,
      "coverage_median": 0.845,
      "coverage_q25": 0.8205,
      "coverage_q75": 0.857,
      "coverage_min": 0.786,
      "coverage_max": 0.884,
      "width_mean": 1.4899988904238848,
      "width_std": 0.04226394141458412,
      "width_median": 1.50816514626004,
      "n_predictions_total": 15000,
      "empirical_coverage": 0.8405333333333334
    },
    "13": {
      "coverage_mean": 0.8489333333333332,
      "coverage_std": 0.022418643035553142,
      "coverage_median": 0.852,
      "coverage_q25": 0.8365,
      "coverage_q75": 0.866,
      "coverage_min": 0.796,
      "coverage_max": 0.89,
      "width_mean": 1.488871380120622,
      "width_std": 0.04683922639805345,
      "width_median": 1.4878946833382223,
      "n_predictions_total": 15000,
      "empirical_coverage": 0.8489333333333333
    },
    "14": {
      "coverage_mean": 0.8507333333333332,
      "coverage_std": 0.02764770434512702,
      "coverage_median": 0.854,
      "coverage_q25": 0.8405,
      "coverage_q75": 0.87,
      "coverage_min": 0.788,
      "coverage_max": 0.892,
      "width_mean": 1.4824441628450795,
      "width_std": 0.048349973262314896,
      "width_median": 1.48020117245617,
      "n_predictions_total": 15000,
      "empirical_coverage": 0.8507333333333333
    },
    "15": {
      "coverage_mean": 0.8492000000000001,
      "coverage_std": 0.027739742849084474,
      "coverage_median": 0.852,
      "coverage_q25": 0.832,
      "coverage_q75": 0.871,
      "coverage_min": 0.784,
      "coverage_max": 0.892,
      "width_mean": 1.4740260717340723,
      "width_std": 0.05096887370101244,
      "width_median": 1.4744869654106059,
      "n_predictions_total": 15000,
      "empirical_coverage": 0.8492
    },
    "16": {
      "coverage_mean": 0.857,
      "coverage_std": 0.029201598129782784,
      "coverage_median": 0.865,
      "coverage_q25": 0.8425,