{
  "time_steps": [
    1,
    2,
    3,
    4,
    5,
    6,
    7,
    8,
    9,
    10,
    11,
    12,
    13,
    14,
    15,
    16,
    17,
    18,
    19,
    20
  ],
  "n_seeds": 3,
  "config": {
    "predictor": "algorithm",
    "n_series": 300,
    "n_train": 600,
    "n_cal": 600,
    "alpha": 0.1,
    "aci_stepsize": 0.005,
    "T": 20,
    "window_size": 800,
    "ar_coef": 0.7,
    "beta": 1.0,
    "noise_std": 0.2,
    "trend_coef": 0.0,
    "covariate_mode": "static",
    "with_shift": true,
    "use_lr": true,
    "weight_mode": "estimated",
    "covar_rate": 1.0,
    "covar_rate_shift": 2.0,
    "x_rate": 0.7,
    "x_trend": 0.0,
    "x_noise_std": 0.2,
    "x0_lambda": 1.0,
    "x_rate_shift": null,
    "x_trend_shift": null,
    "x_noise_std_shift": null,
    "x0_lambda_shift": null
  },
  "by_time": {
    "1": {
      "coverage_mean": 0.6544444444444445,
      "coverage_std": 0.005665577237325346,
      "coverage_median": 0.6566666666666666,
      "coverage_q25": 0.6516666666666666,
      "coverage_q75": 0.6583333333333333,
      "coverage_min": 0.6466666666666666,
      "coverage_max": 0.66,
      "width_mean": 2.697768798116258,
      "width_std": 0.10070323336606778,
      "width_median": 2.680552596675405,
      "n_predictions_total": 900,
      "empirical_coverage": 0.6544444444444445,
      "ess_mean": 600.0,
      "ess_std": 0.0
    },
    "2": {
      "coverage_mean": 0.8555555555555555,
      "coverage_std": 0.026712922844825116,
      "coverage_median": 0.8366666666666667,
      "coverage_q25": 0.8366666666666667,
      "coverage_q75": 0.865,
      "coverage_min": 0.8366666666666667,
      "coverage_max": 0.8933333333333333,
      "width_mean": 3.1027820426628936,
      "width_std": 0.1933002952793566,
      "width_median": 3.2220183189282556,
      "n_predictions_total": 900,
      "empirical_coverage": 0.8555555555555555,
      "ess_mean": 297.6848377207942,
      "ess_std": 39.10303179059529
    },
    "3": {
      "coverage_mean": 0.8655555555555555,
      "coverage_std": 0.019116278371205827,
      "coverage_median": 0.8633333333333333,
      "coverage_q25": 0.8533333333333333,
      "coverage_q75": 0.8766666666666667,
      "coverage_min": 0.8433333333333334,
      "coverage_max": 0.89,
      "width_mean": 1.7688572818129764,
      "width_std": 0.05343038872277995,
      "width_median": 1.7968779441719391,
      "n_predictions_total": 900,
      "empirical_coverage": 0.8655555555555555,
      "ess_mean": 297.35128756959483,
      "ess_std": 37.72378716049695
    },
    "4": {
      "coverage_mean": 0.9066666666666667,
      "coverage_std": 0.016996731711975962,
      "coverage_median": 0.9,
      "coverage_q25": 0.895,
      "coverage_q75": 0.915,
      "coverage_min": 0.89,
      "coverage_max": 0.93,
      "width_mean": 1.3314373125309686,
      "width_std": 0.06278380093901617,
      "width_median": 1.3174698010445347,
      "n_predictions_total": 900,
      "empirical_coverage": 0.9066666666666666,
      "ess_mean": 296.58436533061405,
      "ess_std": 39.06135052450534
    },
    "5": {
      "coverage_mean": 0.8955555555555555,
      "coverage_std": 0.026434171674156272,
      "coverage_median": 0.9033333333333333,
      "coverage_q25": 0.8816666666666666,
      "coverage_q75": 0.9133333333333333,
      "coverage_min": 0.86,
      "coverage_max": 0.9233333333333333,
      "width_mean": 1.1999082741592406,
      "width_std": 0.07798468392056303,
      "width_median": 1.2053261674387643,
      "n_predictions_total": 900,
      "empirical_coverage": 0.8955555555555555,
      "ess_mean": 296.6892185134736,
      "ess_std": 37.46637715545138
    },
    "6": {
      "coverage_mean": 0.8944444444444445,
      "coverage_std": 0.012862041003100221,
      "coverage_median": 0.9,
      "coverage_q25": 0.8883333333333334,
      "coverage_q75": 0.9033333333333333,
      "coverage_min": 0.8766666666666667,
      "coverage_max": 0.9066666666666666,
      "width_mean": 1.1594773950658646,
      "width_std": 0.018675582108637748,
      "width_median": 1.1669820864859606,
      "n_predictions_total": 900,
      "empirical_coverage": 0.8944444444444445,
      "ess_mean": 300.7094383086251,
      "ess_std": 38.53270027243519
    },
    "7": {
      "coverage_mean": 0.9033333333333333,
      "coverage_std": 0.021602468994692887,
      "coverage_median": 0.9133333333333333,
      "coverage_q25": 0.8933333333333333,
      "coverage_q75": 0.9183333333333333,
      "coverage_min": 0.8733333333333333,
      "coverage_max": 0.9233333333333333,
      "width_mean": 1.2156328098546683,
      "width_std": 0.02224482608648112,
      "width_median": 1.223485878112598,
      "n_predictions_total": 900,
      "empirical_coverage": 0.9033333333333333,
      "ess_mean": 298.37370175801806,
      "ess_std": 49.83533282217677
    },
    "8": {
      "coverage_mean": 0.8877777777777779,
      "coverage_std": 0.0258676593929396,
      "coverage_median": 0.8866666666666667,
      "coverage_q25": 0.8716666666666667,
      "coverage_q75": 0.9033333333333333,
      "coverage_min": 0.8566666666666667,
      "coverage_max": 0.92,
      "width_mean": 1.1621712728683373,
      "width_std": 0.0402438943280756,
      "width_median": 1.1573307812129265,
      "n_predictions_total": 900,
      "empirical_coverage": 0.8877777777777778,
      "ess_mean": 302.53477428179093,
      "ess_std": 45.50734610127907
    },
    "9": {
      "coverage_mean": 0.8955555555555555,
      "coverage_std": 0.03142696805273544,
      "coverage_median": 0.8733333333333333,
      "coverage_q25": 0.8733333333333333,
      "coverage_q75": 0.9066666666666666,
      "coverage_min": 0.8733333333333333,
      "coverage_max": 0.94,
      "width_mean": 1.0902017689194219,
      "width_std": 0.027207820213070565,
      "width_median": 1.0800104675038475,
      "n_predictions_total": 900,
      "empirical_coverage": 0.8955555555555555,
      "ess_mean": 301.20036455841256,
      "ess_std": 42.44672295807798
    },
    "10": {
      "coverage_mean": 0.8922222222222222,
      "coverage_std": 0.017284832429004478,
      "coverage_median": 0.88,
      "coverage_q25": 0.88,
      "coverage_q75": 0.8983333333333333,
      "coverage_min": 0.88,
      "coverage_max": 0.9166666666666666,
      "width_mean": 1.0817216471607216,
      "width_std": 0.021542319686671765,
      "width_median": 1.087548741815187,
      "n_predictions_total": 900,
      "empirical_coverage": 0.8922222222222222,
      "ess_mean": 299.00218861412344,
      "ess_std": 54.514820926953476
    },
    "11": {
      "coverage_mean": 0.8933333333333334,
      "coverage_std": 0.014401645996461902,
      "coverage_median": 0.8866666666666667,
      "coverage_q25": 0.8833333333333333,
      "coverage_q75": 0.9,
      "coverage_min": 0.88,
      "coverage_max": 0.9133333333333333,
      "width_mean": 1.0222503257766038,
      "width_std": 0.015599814785561316,
      "width_median": 1.013987219024979,
      "n_predictions_total": 900,
      "empirical_coverage": 0.8933333333333333,
      "ess_mean": 299.11355661240464,
      "ess_std": 51.5417903275811
    },
    "12": {
      "coverage_mean": 0.91,
      "coverage_std": 0.009813067629253163,
      "coverage_median": 0.9066666666666666,
      "coverage_q25": 0.9033333333333333,
      "coverage_q75": 0.915,
      "coverage_min": 0.9,
      "coverage_max": 0.9233333333333333,
      "width_mean": 0.9994616985353947,
      "width_std": 0.026190137852267963,
      "width_median": 1.0073367648711242,
      "n_predictions_total": 900,
      "empirical_coverage": 0.91,
      "ess_mean": 299.97696217012003,
      "ess_std": 53.62448207482054
    },
    "13": {
      "coverage_mean": 0.8911111111111111,
      "coverage_std": 0.02910177967490845,
      "coverage_median": 0.91,
      "coverage_q25": 0.88,
      "coverage_q75": 0.9116666666666666,
      "coverage_min": 0.85,
      "coverage_max": 0.9133333333333333,
      "width_mean": 0.9982477840189047,
      "width_std": 0.033725202923966836,