{
  "time_steps": [
    1,
    2,
    3,
    4,
    5,
    6,
    7,
    8,
    9,
    10,
    11,
    12,
    13,
    14,
    15,
    16,
    17,
    18,
    19,
    20,
    21,
    22,
    23,
    24,
    25,
    26,
    27,
    28,
    29,
    30,
    31,
    32,
    33,
    34,
    35,
    36,
    37,
    38,
    39,
    40
  ],
  "n_seeds": 30,
  "config": {
    "predictor": "algorithm",
    "n_series": 500,
    "n_train": 1000,
    "n_cal": 1000,
    "alpha": 0.1,
    "aci_stepsize": 0.005,
    "T": 40,
    "window_size": 800,
    "ar_coef": 0.9,
    "beta": 1.0,
    "noise_std": 0.2,
    "trend_coef": 0.0,
    "covariate_mode": "static",
    "with_shift": false,
    "use_lr": false,
    "covar_rate": 1.0,
    "covar_rate_shift": 2.0,
    "x_rate": 0.7,
    "x_trend": 0.0,
    "x_noise_std": 0.2,
    "x0_lambda": 1.0,
    "x_rate_shift": null,
    "x_trend_shift": null,
    "x_noise_std_shift": null,
    "x0_lambda_shift": null
  },
  "by_time": {
    "1": {
      "coverage_mean": 0.8947333333333333,
      "coverage_std": 0.018550711277169115,
      "coverage_median": 0.893,
      "coverage_q25": 0.881,
      "coverage_q75": 0.9105000000000001,
      "coverage_min": 0.852,
      "coverage_max": 0.932,
      "width_mean": 2.7577721139370306,
      "width_std": 0.11390317200419829,
      "width_median": 2.732364191816763,
      "n_predictions_total": 15000,
      "empirical_coverage": 0.8947333333333334
    },
    "2": {
      "coverage_mean": 0.8986666666666668,
      "coverage_std": 0.013888444437333117,
      "coverage_median": 0.899,
      "coverage_q25": 0.89,
      "coverage_q75": 0.906,
      "coverage_min": 0.87,
      "coverage_max": 0.922,
      "width_mean": 2.4909045581117923,
      "width_std": 0.06768695774781971,
      "width_median": 2.4989362847960552,
      "n_predictions_total": 15000,
      "empirical_coverage": 0.8986666666666666
    },
    "3": {
      "coverage_mean": 0.9007333333333335,
      "coverage_std": 0.01648015641781218,
      "coverage_median": 0.898,
      "coverage_q25": 0.8905000000000001,
      "coverage_q75": 0.914,
      "coverage_min": 0.856,
      "coverage_max": 0.936,
      "width_mean": 1.9418262220151228,
      "width_std": 0.0668449105517,
      "width_median": 1.9519845735481949,
      "n_predictions_total": 15000,
      "empirical_coverage": 0.9007333333333334
    },
    "4": {
      "coverage_mean": 0.8960666666666667,
      "coverage_std": 0.01605393686573139,
      "coverage_median": 0.896,
      "coverage_q25": 0.886,
      "coverage_q75": 0.904,
      "coverage_min": 0.866,
      "coverage_max": 0.934,
      "width_mean": 1.7015353108669158,
      "width_std": 0.07053902961929794,
      "width_median": 1.6897934188470107,
      "n_predictions_total": 15000,
      "empirical_coverage": 0.8960666666666667
    },
    "5": {
      "coverage_mean": 0.9024000000000001,
      "coverage_std": 0.013994284547628733,
      "coverage_median": 0.898,
      "coverage_q25": 0.8905000000000001,
      "coverage_q75": 0.911,
      "coverage_min": 0.876,
      "coverage_max": 0.934,
      "width_mean": 1.6187222434810533,
      "width_std": 0.054258102149378915,
      "width_median": 1.6198841047865895,
      "n_predictions_total": 15000,
      "empirical_coverage": 0.9024
    },
    "6": {
      "coverage_mean": 0.9051333333333333,
      "coverage_std": 0.0171478537691715,
      "coverage_median": 0.906,
      "coverage_q25": 0.889,
      "coverage_q75": 0.918,
      "coverage_min": 0.878,
      "coverage_max": 0.944,
      "width_mean": 1.5626329706788342,
      "width_std": 0.04830834609865324,
      "width_median": 1.5707468631003416,
      "n_predictions_total": 15000,
      "empirical_coverage": 0.9051333333333333
    },
    "7": {
      "coverage_mean": 0.9021333333333335,
      "coverage_std": 0.013730096705979746,
      "coverage_median": 0.9,
      "coverage_q25": 0.8945000000000001,
      "coverage_q75": 0.908,
      "coverage_min": 0.874,
      "coverage_max": 0.93,
      "width_mean": 1.5370606248356353,
      "width_std": 0.0456748881144067,
      "width_median": 1.541983004685711,
      "n_predictions_total": 15000,
      "empirical_coverage": 0.9021333333333333
    },
    "8": {
      "coverage_mean": 0.8984,
      "coverage_std": 0.012737346662472537,
      "coverage_median": 0.898,
      "coverage_q25": 0.8905000000000001,
      "coverage_q75": 0.908,
      "coverage_min": 0.87,
      "coverage_max": 0.92,
      "width_mean": 1.5112027072089986,
      "width_std": 0.038416887068628204,
      "width_median": 1.5170924560639687,
      "n_predictions_total": 15000,
      "empirical_coverage": 0.8984
    },
    "9": {
      "coverage_mean": 0.898,
      "coverage_std": 0.01437590576856523,
      "coverage_median": 0.896,
      "coverage_q25": 0.888,
      "coverage_q75": 0.9115,
      "coverage_min": 0.866,
      "coverage_max": 0.924,
      "width_mean": 1.5000856418234205,
      "width_std": 0.03938915282935518,
      "width_median": 1.4931743609630872,
      "n_predictions_total": 15000,
      "empirical_coverage": 0.898
    },
    "10": {
      "coverage_mean": 0.8978000000000002,
      "coverage_std": 0.018714343874864203,
      "coverage_median": 0.899,
      "coverage_q25": 0.888,
      "coverage_q75": 0.9125000000000001,
      "coverage_min": 0.862,
      "coverage_max": 0.93,
      "width_mean": 1.4825633497109008,
      "width_std": 0.046884557686112514,
      "width_median": 1.4851804783470373,
      "n_predictions_total": 15000,
      "empirical_coverage": 0.8978
    },
    "11": {
      "coverage_mean": 0.9020666666666668,
      "coverage_std": 0.012987002049057455,
      "coverage_median": 0.9,
      "coverage_q25": 0.8945000000000001,
      "coverage_q75": 0.9095,
      "coverage_min": 0.878,
      "coverage_max": 0.93,
      "width_mean": 1.4769665584007252,
      "width_std": 0.033582650191291974,
      "width_median": 1.476184177181686,
      "n_predictions_total": 15000,
      "empirical_coverage": 0.9020666666666667
    },
    "12": {
      "coverage_mean": 0.8976000000000001,
      "coverage_std": 0.016688519007589237,
      "coverage_median": 0.893,
      "coverage_q25": 0.8845000000000001,
      "coverage_q75": 0.9115,
      "coverage_min": 0.866,
      "coverage_max": 0.928,
      "width_mean": 1.466318948825414,
      "width_std": 0.034507175922999275,
      "width_median": 1.470503861594493,
      "n_predictions_total": 15000,
      "empirical_coverage": 0.8976
    },
    "13": {
      "coverage_mean": 0.9041333333333333,
      "coverage_std": 0.015517158961041246,
      "coverage_median": 0.905,
      "coverage_q25": 0.9,
      "coverage_q75": 0.9135,
      "coverage_min": 0.85,
      "coverage_max": 0.926,
      "width_mean": 1.457587686558777,
      "width_std": 0.03655875523040638,
      "width_median": 1.4655547101193238,
      "n_predictions_total": 15000,
      "empirical_coverage": 0.9041333333333333
    },
    "14": {
      "coverage_mean": 0.8991333333333333,
      "coverage_std": 0.01380515201735289,
      "coverage_median": 0.899,
      "coverage_q25": 0.8925000000000001,
      "coverage_q75": 0.908,
      "coverage_min": 0.87,
      "coverage_max": 0.928,
      "width_mean": 1.4423764837071429,
      "width_std": 0.03387207799329353,
      "width_median": 1.4462294455582196,
      "n_predictions_total": 15000,
      "empirical_coverage": 0.8991333333333333
    },
    "15": {
      "coverage_mean": 0.9018666666666666,
      "coverage_std": 0.014750668534755384,
      "coverage_median": 0.901,
      "coverage_q25": 0.891,
      "coverage_q75": 0.9135,
      "coverage_min": 0.874,
      "coverage_max": 0.93,
      "width_mean": 1.431945295766272,
      "width_std": 0.03509801081759463,
      "width_median": 1.432292174086092,
      "n_predictions_total": 15000,
      "empirical_coverage": 0.9018666666666667
    },
    "16": {
      "coverage_mean": 0.9066000000000002,
      "coverage_std": 0.014451297519600096,
      "coverage_median": 0.908,