{
  "time_steps": [
    1,
    2,
    3,
    4,
    5,
    6,
    7,
    8,
    9,
    10,
    11,
    12,
    13,
    14,
    15,
    16,
    17,
    18,
    19,
    20
  ],
  "n_seeds": 30,
  "config": {
    "predictor": "algorithm",
    "n_series": 300,
    "n_train": 600,
    "n_cal": 600,
    "alpha": 0.1,
    "aci_stepsize": 0.0,
    "T": 20,
    "window_size": 800,
    "ar_coef": 0.7,
    "beta": 1.0,
    "noise_std": 0.2,
    "trend_coef": 0.0,
    "covariate_mode": "static",
    "with_shift": true,
    "use_lr": true,
    "weight_mode": "oracle_poisson",
    "covar_rate": 1.0,
    "covar_rate_shift": 2.0,
    "x_rate": 0.7,
    "x_trend": 0.0,
    "x_noise_std": 0.2,
    "x0_lambda": 1.0,
    "x_rate_shift": null,
    "x_trend_shift": null,
    "x_noise_std_shift": null,
    "x0_lambda_shift": null
  },
  "by_time": {
    "1": {
      "coverage_mean": 0.6642222222222223,
      "coverage_std": 0.022209996637039008,
      "coverage_median": 0.6666666666666666,
      "coverage_q25": 0.6575,
      "coverage_q75": 0.6758333333333333,
      "coverage_min": 0.59,
      "coverage_max": 0.72,
      "width_mean": 2.789920190915061,
      "width_std": 0.1887135566586422,
      "width_median": 2.77994076498775,
      "n_predictions_total": 9000,
      "empirical_coverage": 0.6642222222222223,
      "ess_mean": 600.0,
      "ess_std": 0.0
    },
    "2": {
      "coverage_mean": 0.9005555555555556,
      "coverage_std": 0.032134939256013136,
      "coverage_median": 0.9016666666666666,
      "coverage_q25": 0.8741666666666666,
      "coverage_q75": 0.9233333333333333,
      "coverage_min": 0.8133333333333334,
      "coverage_max": 0.9533333333333334,
      "width_mean": 3.688679304565466,
      "width_std": 0.3691608041828716,
      "width_median": 3.591957010974655,
      "n_predictions_total": 9000,
      "empirical_coverage": 0.9005555555555556,
      "ess_mean": 240.3333280780386,
      "ess_std": 41.833657901428225
    },
    "3": {
      "coverage_mean": 0.9106666666666668,
      "coverage_std": 0.031604031622797985,
      "coverage_median": 0.9116666666666666,
      "coverage_q25": 0.8875000000000001,
      "coverage_q75": 0.9333333333333333,
      "coverage_min": 0.8433333333333334,
      "coverage_max": 0.9633333333333334,
      "width_mean": 1.9751053896612212,
      "width_std": 0.2291026493408472,
      "width_median": 1.8954860157511506,
      "n_predictions_total": 9000,
      "empirical_coverage": 0.9106666666666666,
      "ess_mean": 240.3333280780386,
      "ess_std": 41.833657901428225
    },
    "4": {
      "coverage_mean": 0.8995555555555556,
      "coverage_std": 0.03003372589869637,
      "coverage_median": 0.8983333333333333,
      "coverage_q25": 0.8741666666666666,
      "coverage_q75": 0.92,
      "coverage_min": 0.8266666666666667,
      "coverage_max": 0.9733333333333334,
      "width_mean": 1.3661831724251177,
      "width_std": 0.12084943288567394,
      "width_median": 1.3440756911474603,
      "n_predictions_total": 9000,
      "empirical_coverage": 0.8995555555555556,
      "ess_mean": 240.3333280780386,
      "ess_std": 41.833657901428225
    },
    "5": {
      "coverage_mean": 0.9042222222222223,
      "coverage_std": 0.023458921280705147,
      "coverage_median": 0.905,
      "coverage_q25": 0.8908333333333334,
      "coverage_q75": 0.9191666666666667,
      "coverage_min": 0.8533333333333334,
      "coverage_max": 0.9566666666666667,
      "width_mean": 1.2359910263880522,
      "width_std": 0.07020753368285536,
      "width_median": 1.2392653455855398,
      "n_predictions_total": 9000,
      "empirical_coverage": 0.9042222222222223,
      "ess_mean": 240.3333280780386,
      "ess_std": 41.833657901428225
    },
    "6": {
      "coverage_mean": 0.9009999999999999,
      "coverage_std": 0.02064066464620355,
      "coverage_median": 0.9016666666666666,
      "coverage_q25": 0.8883333333333334,
      "coverage_q75": 0.9158333333333333,
      "coverage_min": 0.8533333333333334,
      "coverage_max": 0.9433333333333334,
      "width_mean": 1.2094463419677006,
      "width_std": 0.05566370529629596,
      "width_median": 1.22300626274937,
      "n_predictions_total": 9000,
      "empirical_coverage": 0.901,
      "ess_mean": 240.3333280780386,
      "ess_std": 41.833657901428225
    },
    "7": {
      "coverage_mean": 0.9026666666666667,
      "coverage_std": 0.026658332030842943,
      "coverage_median": 0.9083333333333333,
      "coverage_q25": 0.8883333333333334,
      "coverage_q75": 0.9241666666666666,
      "coverage_min": 0.8166666666666667,
      "coverage_max": 0.94,
      "width_mean": 1.203199798296335,
      "width_std": 0.0553944123292397,
      "width_median": 1.2136857146439286,
      "n_predictions_total": 9000,
      "empirical_coverage": 0.9026666666666666,
      "ess_mean": 240.3333280780386,
      "ess_std": 41.833657901428225
    },
    "8": {
      "coverage_mean": 0.9027777777777779,
      "coverage_std": 0.023790495041528394,
      "coverage_median": 0.9,
      "coverage_q25": 0.8933333333333333,
      "coverage_q75": 0.9258333333333333,
      "coverage_min": 0.8533333333333334,
      "coverage_max": 0.94,
      "width_mean": 1.1652891992545904,
      "width_std": 0.05071392109079315,
      "width_median": 1.1646085675700988,
      "n_predictions_total": 9000,
      "empirical_coverage": 0.9027777777777778,
      "ess_mean": 240.3333280780386,
      "ess_std": 41.833657901428225
    },
    "9": {
      "coverage_mean": 0.9041111111111113,
      "coverage_std": 0.023216905292437768,
      "coverage_median": 0.9033333333333333,
      "coverage_q25": 0.8841666666666667,
      "coverage_q75": 0.9158333333333333,
      "coverage_min": 0.8733333333333333,
      "coverage_max": 0.95,
      "width_mean": 1.136764953635102,
      "width_std": 0.05587077827334211,
      "width_median": 1.1174489211924197,
      "n_predictions_total": 9000,
      "empirical_coverage": 0.9041111111111111,
      "ess_mean": 240.3333280780386,
      "ess_std": 41.833657901428225
    },
    "10": {
      "coverage_mean": 0.8946666666666666,
      "coverage_std": 0.02496812783144558,
      "coverage_median": 0.8933333333333333,
      "coverage_q25": 0.8775000000000001,
      "coverage_q75": 0.9191666666666667,
      "coverage_min": 0.8533333333333334,
      "coverage_max": 0.9433333333333334,
      "width_mean": 1.1026061214234095,
      "width_std": 0.05476604099943294,
      "width_median": 1.1063594254640456,
      "n_predictions_total": 9000,
      "empirical_coverage": 0.8946666666666667,
      "ess_mean": 240.3333280780386,
      "ess_std": 41.833657901428225
    },
    "11": {
      "coverage_mean": 0.8966666666666667,
      "coverage_std": 0.025283576868379582,
      "coverage_median": 0.9033333333333333,
      "coverage_q25": 0.8741666666666666,
      "coverage_q75": 0.9125,
      "coverage_min": 0.8466666666666667,
      "coverage_max": 0.9466666666666667,
      "width_mean": 1.0598389582602354,
      "width_std": 0.05226506125055325,
      "width_median": 1.054807586832498,
      "n_predictions_total": 9000,
      "empirical_coverage": 0.8966666666666666,
      "ess_mean": 240.3333280780386,
      "ess_std": 41.833657901428225
    },
    "12": {
      "coverage_mean": 0.901,
      "coverage_std": 0.027650597743187316,
      "coverage_median": 0.9066666666666666,
      "coverage_q25": 0.8841666666666667,
      "coverage_q75": 0.9133333333333333,
      "coverage_min": 0.83,
      "coverage_max": 0.9466666666666667,
      "width_mean": 1.0312962562938721,
      "width_std": 0.03284389994250268,
      "width_median": 1.0348610566136132,
      "n_predictions_total": 9000,
      "empirical_coverage": 0.901,
      "ess_mean": 240.3333280780386,
      "ess_std": 41.833657901428225
    },
    "13": {
      "coverage_mean": 0.8927777777777777,
      "coverage_std": 0.02721768669699543,
      "coverage_median": 0.8966666666666666,
      "coverage_q25": 0.8808333333333334,
      "coverage_q75": 0.9091666666666667,