{
  "time_steps": [
    1,
    2,
    3,
    4,
    5,
    6,
    7,
    8,
    9,
    10,
    11,
    12,
    13,
    14,
    15,
    16,
    17,
    18,
    19,
    20,
    21,
    22,
    23,
    24,
    25,
    26,
    27,
    28,
    29,
    30,
    31,
    32,
    33,
    34,
    35,
    36,
    37,
    38,
    39,
    40
  ],
  "n_seeds": 30,
  "config": {
    "predictor": "algorithm",
    "n_series": 500,
    "n_train": 1000,
    "n_cal": 1000,
    "alpha": 0.1,
    "aci_stepsize": 0.005,
    "T": 40,
    "window_size": 800,
    "ar_coef": 0.7,
    "beta": 1.0,
    "noise_std": 0.2,
    "trend_coef": 0.0,
    "covariate_mode": "dynamic",
    "with_shift": true,
    "use_lr": false,
    "covar_rate": 1.0,
    "covar_rate_shift": 2.0,
    "x_rate": 0.6,
    "x_trend": 0.0,
    "x_noise_std": 0.2,
    "x0_lambda": 1.0,
    "x_rate_shift": 0.9,
    "x_trend_shift": null,
    "x_noise_std_shift": null,
    "x0_lambda_shift": null
  },
  "by_time": {
    "1": {
      "coverage_mean": 0.8989333333333334,
      "coverage_std": 0.01310199306297414,
      "coverage_median": 0.901,
      "coverage_q25": 0.8905000000000001,
      "coverage_q75": 0.908,
      "coverage_min": 0.866,
      "coverage_max": 0.926,
      "width_mean": 2.733352362609675,
      "width_std": 0.078374867331671,
      "width_median": 2.722327240697193,
      "n_predictions_total": 15000,
      "empirical_coverage": 0.8989333333333334
    },
    "2": {
      "coverage_mean": 0.8074,
      "coverage_std": 0.022915206014056815,
      "coverage_median": 0.809,
      "coverage_q25": 0.79,
      "coverage_q75": 0.8254999999999999,
      "coverage_min": 0.762,
      "coverage_max": 0.848,
      "width_mean": 1.9819181039334834,
      "width_std": 0.06027799044344439,
      "width_median": 1.9851174168494035,
      "n_predictions_total": 15000,
      "empirical_coverage": 0.8074
    },
    "3": {
      "coverage_mean": 0.7910666666666667,
      "coverage_std": 0.02021044834292951,
      "coverage_median": 0.793,
      "coverage_q25": 0.777,
      "coverage_q75": 0.8055000000000001,
      "coverage_min": 0.74,
      "coverage_max": 0.832,
      "width_mean": 1.6587563560984115,
      "width_std": 0.05632687469512691,
      "width_median": 1.6735659054446468,
      "n_predictions_total": 15000,
      "empirical_coverage": 0.7910666666666667
    },
    "4": {
      "coverage_mean": 0.8026666666666666,
      "coverage_std": 0.020658062725133607,
      "coverage_median": 0.8,
      "coverage_q25": 0.7905,
      "coverage_q75": 0.817,
      "coverage_min": 0.76,
      "coverage_max": 0.856,
      "width_mean": 1.5595470320284521,
      "width_std": 0.0485925564881321,
      "width_median": 1.5671822863929914,
      "n_predictions_total": 15000,
      "empirical_coverage": 0.8026666666666666
    },
    "5": {
      "coverage_mean": 0.8201999999999999,
      "coverage_std": 0.022682445488380047,
      "coverage_median": 0.823,
      "coverage_q25": 0.805,
      "coverage_q75": 0.8314999999999999,
      "coverage_min": 0.778,
      "coverage_max": 0.876,
      "width_mean": 1.4953127689827246,
      "width_std": 0.05074367748671828,
      "width_median": 1.495557157685698,
      "n_predictions_total": 15000,
      "empirical_coverage": 0.8202
    },
    "6": {
      "coverage_mean": 0.8333999999999998,
      "coverage_std": 0.01842570668025154,
      "coverage_median": 0.834,
      "coverage_q25": 0.822,
      "coverage_q75": 0.848,
      "coverage_min": 0.79,
      "coverage_max": 0.872,
      "width_mean": 1.4375968598749862,
      "width_std": 0.03712821399115269,
      "width_median": 1.4348450112795978,
      "n_predictions_total": 15000,
      "empirical_coverage": 0.8334
    },
    "7": {
      "coverage_mean": 0.8417999999999999,
      "coverage_std": 0.01762838619953625,
      "coverage_median": 0.843,
      "coverage_q25": 0.832,
      "coverage_q75": 0.85,
      "coverage_min": 0.8,
      "coverage_max": 0.88,
      "width_mean": 1.3585335152910318,
      "width_std": 0.036584483291667684,
      "width_median": 1.3566864288301712,
      "n_predictions_total": 15000,
      "empirical_coverage": 0.8418
    },
    "8": {
      "coverage_mean": 0.8463999999999999,
      "coverage_std": 0.017568153004798217,
      "coverage_median": 0.846,
      "coverage_q25": 0.836,
      "coverage_q75": 0.858,
      "coverage_min": 0.816,
      "coverage_max": 0.886,
      "width_mean": 1.2872567126386831,
      "width_std": 0.035969422540734354,
      "width_median": 1.277440622246035,
      "n_predictions_total": 15000,
      "empirical_coverage": 0.8464
    },
    "9": {
      "coverage_mean": 0.8561999999999999,
      "coverage_std": 0.018135416547003656,
      "coverage_median": 0.856,
      "coverage_q25": 0.843,
      "coverage_q75": 0.868,
      "coverage_min": 0.824,
      "coverage_max": 0.894,
      "width_mean": 1.2248199741645387,
      "width_std": 0.03450051702988659,
      "width_median": 1.2304805283092017,
      "n_predictions_total": 15000,
      "empirical_coverage": 0.8562
    },
    "10": {
      "coverage_mean": 0.8464666666666666,
      "coverage_std": 0.017132295688422963,
      "coverage_median": 0.848,
      "coverage_q25": 0.8345,
      "coverage_q75": 0.8574999999999999,
      "coverage_min": 0.814,
      "coverage_max": 0.878,
      "width_mean": 1.157724545623445,
      "width_std": 0.029473848930600354,
      "width_median": 1.1572557731647422,
      "n_predictions_total": 15000,
      "empirical_coverage": 0.8464666666666667
    },
    "11": {
      "coverage_mean": 0.8464666666666666,
      "coverage_std": 0.017653580058698836,
      "coverage_median": 0.848,
      "coverage_q25": 0.833,
      "coverage_q75": 0.8585,
      "coverage_min": 0.812,
      "coverage_max": 0.88,
      "width_mean": 1.1248421344416772,
      "width_std": 0.02514960192554643,
      "width_median": 1.1205753531179226,
      "n_predictions_total": 15000,
      "empirical_coverage": 0.8464666666666667
    },
    "12": {
      "coverage_mean": 0.8685333333333334,
      "coverage_std": 0.021999595955885715,
      "coverage_median": 0.871,
      "coverage_q25": 0.8545,
      "coverage_q75": 0.8835,
      "coverage_min": 0.824,
      "coverage_max": 0.906,
      "width_mean": 1.146629036479833,
      "width_std": 0.0574309962568099,
      "width_median": 1.1400925355988507,
      "n_predictions_total": 15000,
      "empirical_coverage": 0.8685333333333334
    },
    "13": {
      "coverage_mean": 0.8608666666666668,
      "coverage_std": 0.019409161639688515,
      "coverage_median": 0.861,
      "coverage_q25": 0.848,
      "coverage_q75": 0.8714999999999999,
      "coverage_min": 0.826,
      "coverage_max": 0.902,
      "width_mean": 1.117261310995452,
      "width_std": 0.03957576441674024,
      "width_median": 1.1119363416051922,
      "n_predictions_total": 15000,
      "empirical_coverage": 0.8608666666666667
    },
    "14": {
      "coverage_mean": 0.8659333333333332,
      "coverage_std": 0.023137175473442934,
      "coverage_median": 0.871,
      "coverage_q25": 0.854,
      "coverage_q75": 0.88,
      "coverage_min": 0.79,
      "coverage_max": 0.9,
      "width_mean": 1.1086337089088765,
      "width_std": 0.05833846990909368,
      "width_median": 1.1161247202685467,
      "n_predictions_total": 15000,
      "empirical_coverage": 0.8659333333333333
    },
    "15": {
      "coverage_mean": 0.8583333333333333,
      "coverage_std": 0.023844403023677404,
      "coverage_median": 0.853,
      "coverage_q25": 0.845,
      "coverage_q75": 0.8694999999999999,
      "coverage_min": 0.804,
      "coverage_max": 0.912,
      "width_mean": 1.0945851544352803,
      "width_std": 0.040450531174241945,
      "width_median": 1.095422553652135,
      "n_predictions_total": 15000,
      "empirical_coverage": 0.8583333333333333
    },
    "16": {
      "coverage_mean": 0.8616666666666666,
      "coverage_std": 0.02565454259104138,
      "coverage_median": 0.862,
      "coverage_q25": 0.846,