{
  "time_steps": [
    1,
    2,
    3,
    4,
    5,
    6,
    7,
    8,
    9,
    10,
    11,
    12,
    13,
    14,
    15,
    16,
    17,
    18,
    19,
    20,
    21,
    22,
    23,
    24,
    25,
    26,
    27,
    28,
    29,
    30,
    31,
    32,
    33,
    34,
    35,
    36,
    37,
    38,
    39,
    40
  ],
  "n_seeds": 10,
  "config": {
    "predictor": "algorithm",
    "n_series": 500,
    "n_train": 1000,
    "n_cal": 1000,
    "alpha": 0.1,
    "aci_stepsize": 0.005,
    "T": 40,
    "window_size": 800,
    "ar_coef": 0.9,
    "beta": 1.0,
    "noise_std": 0.2,
    "trend_coef": 0.0,
    "covariate_mode": "static",
    "with_shift": true,
    "use_lr": false,
    "covar_rate": 1.0,
    "covar_rate_shift": 2.0,
    "x_rate": 0.7,
    "x_trend": 0.0,
    "x_noise_std": 0.2,
    "x0_lambda": 1.0,
    "x_rate_shift": null,
    "x_trend_shift": null,
    "x_noise_std_shift": null,
    "x0_lambda_shift": null
  },
  "by_time": {
    "1": {
      "coverage_mean": 0.6548,
      "coverage_std": 0.032424681956805666,
      "coverage_median": 0.649,
      "coverage_q25": 0.631,
      "coverage_q75": 0.6865,
      "coverage_min": 0.61,
      "coverage_max": 0.706,
      "width_mean": 2.7794259258295946,
      "width_std": 0.11774874951739608,
      "width_median": 2.7603068212242396,
      "n_predictions_total": 5000,
      "empirical_coverage": 0.6548
    },
    "2": {
      "coverage_mean": 0.7295999999999999,
      "coverage_std": 0.034395348522729054,
      "coverage_median": 0.733,
      "coverage_q25": 0.7144999999999999,
      "coverage_q75": 0.7444999999999999,
      "coverage_min": 0.672,
      "coverage_max": 0.8,
      "width_mean": 2.465873575955494,
      "width_std": 0.06713561995354411,
      "width_median": 2.449738145610193,
      "n_predictions_total": 5000,
      "empirical_coverage": 0.7296
    },
    "3": {
      "coverage_mean": 0.8768,
      "coverage_std": 0.021150886506243676,
      "coverage_median": 0.874,
      "coverage_q25": 0.8685,
      "coverage_q75": 0.894,
      "coverage_min": 0.83,
      "coverage_max": 0.908,
      "width_mean": 1.9563826592351092,
      "width_std": 0.07565490526578973,
      "width_median": 1.9591944810790172,
      "n_predictions_total": 5000,
      "empirical_coverage": 0.8768
    },
    "4": {
      "coverage_mean": 0.9331999999999999,
      "coverage_std": 0.02163700533807761,
      "coverage_median": 0.938,
      "coverage_q25": 0.9215,
      "coverage_q75": 0.9504999999999999,
      "coverage_min": 0.89,
      "coverage_max": 0.958,
      "width_mean": 1.6885768386170983,
      "width_std": 0.08756979102945618,
      "width_median": 1.6956412533871972,
      "n_predictions_total": 5000,
      "empirical_coverage": 0.9332
    },
    "5": {
      "coverage_mean": 0.9438000000000001,
      "coverage_std": 0.012504399225872431,
      "coverage_median": 0.945,
      "coverage_q25": 0.9325000000000001,
      "coverage_q75": 0.954,
      "coverage_min": 0.926,
      "coverage_max": 0.962,
      "width_mean": 1.6228510594887642,
      "width_std": 0.07027027632849887,
      "width_median": 1.628530126589915,
      "n_predictions_total": 5000,
      "empirical_coverage": 0.9438
    },
    "6": {
      "coverage_mean": 0.9388,
      "coverage_std": 0.015210522673465203,
      "coverage_median": 0.937,
      "coverage_q25": 0.9295,
      "coverage_q75": 0.954,
      "coverage_min": 0.914,
      "coverage_max": 0.96,
      "width_mean": 1.5609929095195185,
      "width_std": 0.05410273479904373,
      "width_median": 1.5719820956715758,
      "n_predictions_total": 5000,
      "empirical_coverage": 0.9388
    },
    "7": {
      "coverage_mean": 0.9103999999999999,
      "coverage_std": 0.012126005112979305,
      "coverage_median": 0.907,
      "coverage_q25": 0.9025000000000001,
      "coverage_q75": 0.9225000000000001,
      "coverage_min": 0.894,
      "coverage_max": 0.928,
      "width_mean": 1.5259049127400552,
      "width_std": 0.04547609783171979,
      "width_median": 1.523232053047443,
      "n_predictions_total": 5000,
      "empirical_coverage": 0.9104
    },
    "8": {
      "coverage_mean": 0.8858,
      "coverage_std": 0.015911002482559056,
      "coverage_median": 0.889,
      "coverage_q25": 0.8705,
      "coverage_q75": 0.899,
      "coverage_min": 0.86,
      "coverage_max": 0.91,
      "width_mean": 1.5037336265086223,
      "width_std": 0.04048213801185366,
      "width_median": 1.5076614750755386,
      "n_predictions_total": 5000,
      "empirical_coverage": 0.8858
    },
    "9": {
      "coverage_mean": 0.8562,
      "coverage_std": 0.019317349714699495,
      "coverage_median": 0.855,
      "coverage_q25": 0.8454999999999999,
      "coverage_q75": 0.866,
      "coverage_min": 0.822,
      "coverage_max": 0.89,
      "width_mean": 1.48774475064871,
      "width_std": 0.03613141095830978,
      "width_median": 1.4897394648739863,
      "n_predictions_total": 5000,
      "empirical_coverage": 0.8562
    },
    "10": {
      "coverage_mean": 0.8493999999999999,
      "coverage_std": 0.032888295790448,
      "coverage_median": 0.849,
      "coverage_q25": 0.843,
      "coverage_q75": 0.8734999999999999,
      "coverage_min": 0.784,
      "coverage_max": 0.894,
      "width_mean": 1.485622535102119,
      "width_std": 0.057067404440834794,
      "width_median": 1.4906579576831946,
      "n_predictions_total": 5000,
      "empirical_coverage": 0.8494
    },
    "11": {
      "coverage_mean": 0.8394,
      "coverage_std": 0.019100785324169266,
      "coverage_median": 0.838,
      "coverage_q25": 0.8305,
      "coverage_q75": 0.8534999999999999,
      "coverage_min": 0.808,
      "coverage_max": 0.874,
      "width_mean": 1.4673890419871636,
      "width_std": 0.03657065098009789,
      "width_median": 1.453329915912645,
      "n_predictions_total": 5000,
      "empirical_coverage": 0.8394
    },
    "12": {
      "coverage_mean": 0.8389999999999999,
      "coverage_std": 0.01958060264649688,
      "coverage_median": 0.839,
      "coverage_q25": 0.8205,
      "coverage_q75": 0.856,
      "coverage_min": 0.814,
      "coverage_max": 0.872,
      "width_mean": 1.476830723654818,
      "width_std": 0.04625680873303584,
      "width_median": 1.4707572067828636,
      "n_predictions_total": 5000,
      "empirical_coverage": 0.839
    },
    "13": {
      "coverage_mean": 0.8552,
      "coverage_std": 0.021018087448671435,
      "coverage_median": 0.858,
      "coverage_q25": 0.8505,
      "coverage_q75": 0.8665,
      "coverage_min": 0.806,
      "coverage_max": 0.89,
      "width_mean": 1.4883437038886593,
      "width_std": 0.050089784534482304,
      "width_median": 1.5015450426250545,
      "n_predictions_total": 5000,
      "empirical_coverage": 0.8552
    },
    "14": {
      "coverage_mean": 0.8465999999999999,
      "coverage_std": 0.03344308598200829,
      "coverage_median": 0.852,
      "coverage_q25": 0.8234999999999999,
      "coverage_q75": 0.876,
      "coverage_min": 0.788,
      "coverage_max": 0.888,
      "width_mean": 1.4762357639325026,
      "width_std": 0.05824240741579067,
      "width_median": 1.4957020377035894,
      "n_predictions_total": 5000,
      "empirical_coverage": 0.8466
    },
    "15": {
      "coverage_mean": 0.8464,
      "coverage_std": 0.02455687276507331,
      "coverage_median": 0.85,
      "coverage_q25": 0.8394999999999999,
      "coverage_q75": 0.861,
      "coverage_min": 0.8,
      "coverage_max": 0.882,
      "width_mean": 1.4692348892877343,
      "width_std": 0.06441945247471711,
      "width_median": 1.4792950049202922,
      "n_predictions_total": 5000,
      "empirical_coverage": 0.8464
    },
    "16": {
      "coverage_mean": 0.8544,
      "coverage_std": 0.033380233672040106,
      "coverage_median": 0.869,
      "coverage_q25": 0.845,
      "coverage_q75": 0.878,
      "coverage_min": 0.772,
      "coverage_max": 0.886,
      "width_mean": 1.4660446867434809,
      "width_std": 0.06642964283233091,