{
  "time_steps": [
    1,
    2,
    3,
    4,
    5,
    6,
    7,
    8,
    9,
    10,
    11,
    12,
    13,
    14,
    15,
    16,
    17,
    18,
    19,
    20,
    21,
    22,
    23,
    24,
    25,
    26,
    27,
    28,
    29,
    30,
    31,
    32,
    33,
    34,
    35,
    36,
    37,
    38,
    39,
    40
  ],
  "n_seeds": 30,
  "config": {
    "predictor": "algorithm",
    "n_series": 500,
    "n_train": 1000,
    "n_cal": 1000,
    "alpha": 0.1,
    "aci_stepsize": 0.005,
    "T": 40,
    "window_size": 800,
    "ar_coef": 0.7,
    "beta": 1.0,
    "noise_std": 0.2,
    "trend_coef": 0.0,
    "covariate_mode": "static",
    "with_shift": false,
    "use_lr": true,
    "covar_rate": 1.0,
    "covar_rate_shift": 2.0,
    "x_rate": 0.7,
    "x_trend": 0.0,
    "x_noise_std": 0.2,
    "x0_lambda": 1.0,
    "x_rate_shift": null,
    "x_trend_shift": null,
    "x_noise_std_shift": null,
    "x0_lambda_shift": null
  },
  "by_time": {
    "1": {
      "coverage_mean": 0.8947333333333333,
      "coverage_std": 0.018550711277169115,
      "coverage_median": 0.893,
      "coverage_q25": 0.881,
      "coverage_q75": 0.9105000000000001,
      "coverage_min": 0.852,
      "coverage_max": 0.932,
      "width_mean": 2.75777211393703,
      "width_std": 0.11390317200419832,
      "width_median": 2.732364191816763,
      "n_predictions_total": 15000,
      "empirical_coverage": 0.8947333333333334
    },
    "2": {
      "coverage_mean": 0.9011999999999999,
      "coverage_std": 0.013382575736132923,
      "coverage_median": 0.9,
      "coverage_q25": 0.8925000000000001,
      "coverage_q75": 0.9115,
      "coverage_min": 0.87,
      "coverage_max": 0.92,
      "width_mean": 2.3872581435078146,
      "width_std": 0.07661576419350578,
      "width_median": 2.3855500130051097,
      "n_predictions_total": 15000,
      "empirical_coverage": 0.9012
    },
    "3": {
      "coverage_mean": 0.9005333333333334,
      "coverage_std": 0.01633755047599107,
      "coverage_median": 0.899,
      "coverage_q25": 0.8885000000000001,
      "coverage_q75": 0.915,
      "coverage_min": 0.87,
      "coverage_max": 0.932,
      "width_mean": 1.780395664295525,
      "width_std": 0.06895628834010217,
      "width_median": 1.7800571347444953,
      "n_predictions_total": 15000,
      "empirical_coverage": 0.9005333333333333
    },
    "4": {
      "coverage_mean": 0.8933999999999999,
      "coverage_std": 0.01593444905438111,
      "coverage_median": 0.89,
      "coverage_q25": 0.8805000000000001,
      "coverage_q75": 0.905,
      "coverage_min": 0.868,
      "coverage_max": 0.934,
      "width_mean": 1.5186421878210148,
      "width_std": 0.07551048701730133,
      "width_median": 1.5211026740729678,
      "n_predictions_total": 15000,
      "empirical_coverage": 0.8934
    },
    "5": {
      "coverage_mean": 0.8991333333333333,
      "coverage_std": 0.010741611714366816,
      "coverage_median": 0.898,
      "coverage_q25": 0.8945000000000001,
      "coverage_q75": 0.9075,
      "coverage_min": 0.872,
      "coverage_max": 0.916,
      "width_mean": 1.4107110682193602,
      "width_std": 0.05391876590878396,
      "width_median": 1.4070541185540284,
      "n_predictions_total": 15000,
      "empirical_coverage": 0.8991333333333333
    },
    "6": {
      "coverage_mean": 0.9042666666666667,
      "coverage_std": 0.017210332813619722,
      "coverage_median": 0.906,
      "coverage_q25": 0.8945000000000001,
      "coverage_q75": 0.9165000000000001,
      "coverage_min": 0.87,
      "coverage_max": 0.94,
      "width_mean": 1.3363580323895348,
      "width_std": 0.04834513768842181,
      "width_median": 1.3446448311635406,
      "n_predictions_total": 15000,
      "empirical_coverage": 0.9042666666666667
    },
    "7": {
      "coverage_mean": 0.9002,
      "coverage_std": 0.017043864976387657,
      "coverage_median": 0.899,
      "coverage_q25": 0.8865000000000001,
      "coverage_q75": 0.908,
      "coverage_min": 0.866,
      "coverage_max": 0.932,
      "width_mean": 1.2847278441826147,
      "width_std": 0.043242011139079176,
      "width_median": 1.2841447141474802,
      "n_predictions_total": 15000,
      "empirical_coverage": 0.9002
    },
    "8": {
      "coverage_mean": 0.8956000000000001,
      "coverage_std": 0.01669650662064774,
      "coverage_median": 0.896,
      "coverage_q25": 0.887,
      "coverage_q75": 0.908,
      "coverage_min": 0.852,
      "coverage_max": 0.92,
      "width_mean": 1.2226527576013255,
      "width_std": 0.031288671773319114,
      "width_median": 1.2227250366086242,
      "n_predictions_total": 15000,
      "empirical_coverage": 0.8956
    },
    "9": {
      "coverage_mean": 0.9012000000000001,
      "coverage_std": 0.013322662396583262,
      "coverage_median": 0.903,
      "coverage_q25": 0.8925000000000001,
      "coverage_q75": 0.9095,
      "coverage_min": 0.866,
      "coverage_max": 0.922,
      "width_mean": 1.1809502062706343,
      "width_std": 0.03990369710943723,
      "width_median": 1.1825597842828304,
      "n_predictions_total": 15000,
      "empirical_coverage": 0.9012
    },
    "10": {
      "coverage_mean": 0.9008666666666668,
      "coverage_std": 0.019722632233609757,
      "coverage_median": 0.899,
      "coverage_q25": 0.886,
      "coverage_q75": 0.919,
      "coverage_min": 0.86,
      "coverage_max": 0.94,
      "width_mean": 1.1431572626626159,
      "width_std": 0.040426777876797104,
      "width_median": 1.1421776590566957,
      "n_predictions_total": 15000,
      "empirical_coverage": 0.9008666666666667
    },
    "11": {
      "coverage_mean": 0.9008666666666667,
      "coverage_std": 0.015070353531206756,
      "coverage_median": 0.902,
      "coverage_q25": 0.894,
      "coverage_q75": 0.912,
      "coverage_min": 0.87,
      "coverage_max": 0.93,
      "width_mean": 1.1077697718201867,
      "width_std": 0.027530841243122266,
      "width_median": 1.1097495019623522,
      "n_predictions_total": 15000,
      "empirical_coverage": 0.9008666666666667
    },
    "12": {
      "coverage_mean": 0.8964666666666669,
      "coverage_std": 0.01311165723909666,
      "coverage_median": 0.894,
      "coverage_q25": 0.888,
      "coverage_q75": 0.904,
      "coverage_min": 0.872,
      "coverage_max": 0.926,
      "width_mean": 1.0670476105745974,
      "width_std": 0.03309464046645418,
      "width_median": 1.064488902702084,
      "n_predictions_total": 15000,
      "empirical_coverage": 0.8964666666666666
    },
    "13": {
      "coverage_mean": 0.8996666666666667,
      "coverage_std": 0.017716909687891098,
      "coverage_median": 0.898,
      "coverage_q25": 0.89,
      "coverage_q75": 0.9135,
      "coverage_min": 0.866,
      "coverage_max": 0.934,
      "width_mean": 1.0396859607522118,
      "width_std": 0.03616659086962677,
      "width_median": 1.0404315760543699,
      "n_predictions_total": 15000,
      "empirical_coverage": 0.8996666666666666
    },
    "14": {
      "coverage_mean": 0.8937999999999999,
      "coverage_std": 0.015486338065103288,
      "coverage_median": 0.894,
      "coverage_q25": 0.8845000000000001,
      "coverage_q75": 0.9075,
      "coverage_min": 0.856,
      "coverage_max": 0.922,
      "width_mean": 1.010272915864404,
      "width_std": 0.03086536172816063,
      "width_median": 1.0166994371576918,
      "n_predictions_total": 15000,
      "empirical_coverage": 0.8938
    },
    "15": {
      "coverage_mean": 0.8987333333333333,
      "coverage_std": 0.015547632903078505,
      "coverage_median": 0.902,
      "coverage_q25": 0.8875,
      "coverage_q75": 0.908,
      "coverage_min": 0.864,
      "coverage_max": 0.934,
      "width_mean": 0.9869708389761573,
      "width_std": 0.027019277918735405,
      "width_median": 0.9886282375414774,
      "n_predictions_total": 15000,
      "empirical_coverage": 0.8987333333333334
    },
    "16": {
      "coverage_mean": 0.9004,
      "coverage_std": 0.014079772725438445,
      "coverage_median": 0.901,