{
  "time_steps": [
    1,
    2,
    3,
    4,
    5,
    6,
    7,
    8,
    9,
    10,
    11,
    12,
    13,
    14,
    15,
    16,
    17,
    18,
    19,
    20,
    21,
    22,
    23,
    24,
    25,
    26,
    27,
    28,
    29,
    30,
    31,
    32,
    33,
    34,
    35,
    36,
    37,
    38,
    39,
    40
  ],
  "n_seeds": 30,
  "config": {
    "predictor": "algorithm",
    "n_series": 500,
    "n_train": 1000,
    "n_cal": 1000,
    "alpha": 0.1,
    "aci_stepsize": 0.0,
    "T": 40,
    "window_size": 800,
    "ar_coef": 0.7,
    "beta": 1.0,
    "noise_std": 0.2,
    "trend_coef": 0.0,
    "covariate_mode": "static",
    "with_shift": true,
    "use_lr": true,
    "covar_rate": 1.0,
    "covar_rate_shift": 2.0,
    "x_rate": 0.7,
    "x_trend": 0.0,
    "x_noise_std": 0.2,
    "x0_lambda": 1.0,
    "x_rate_shift": null,
    "x_trend_shift": null,
    "x_noise_std_shift": null,
    "x0_lambda_shift": null
  },
  "by_time": {
    "1": {
      "coverage_mean": 0.6588666666666667,
      "coverage_std": 0.027850473764172993,
      "coverage_median": 0.654,
      "coverage_q25": 0.6385000000000001,
      "coverage_q75": 0.6845,
      "coverage_min": 0.61,
      "coverage_max": 0.714,
      "width_mean": 2.75777211393703,
      "width_std": 0.1139031720041983,
      "width_median": 2.7323641918167634,
      "n_predictions_total": 15000,
      "empirical_coverage": 0.6588666666666667
    },
    "2": {
      "coverage_mean": 0.8172666666666666,
      "coverage_std": 0.025578550041435524,
      "coverage_median": 0.819,
      "coverage_q25": 0.802,
      "coverage_q75": 0.8374999999999999,
      "coverage_min": 0.76,
      "coverage_max": 0.866,
      "width_mean": 2.831346983683181,
      "width_std": 0.1732017454007183,
      "width_median": 2.813971139946446,
      "n_predictions_total": 15000,
      "empirical_coverage": 0.8172666666666667
    },
    "3": {
      "coverage_mean": 0.8752,
      "coverage_std": 0.023903137869325866,
      "coverage_median": 0.872,
      "coverage_q25": 0.8594999999999999,
      "coverage_q75": 0.8915,
      "coverage_min": 0.834,
      "coverage_max": 0.938,
      "width_mean": 1.7687716869220578,
      "width_std": 0.08761702599475604,
      "width_median": 1.7606555733039904,
      "n_predictions_total": 15000,
      "empirical_coverage": 0.8752
    },
    "4": {
      "coverage_mean": 0.9025333333333333,
      "coverage_std": 0.02040871273636718,
      "coverage_median": 0.907,
      "coverage_q25": 0.8905000000000001,
      "coverage_q75": 0.917,
      "coverage_min": 0.844,
      "coverage_max": 0.938,
      "width_mean": 1.3637597113005597,
      "width_std": 0.06788765861550748,
      "width_median": 1.3631771106620898,
      "n_predictions_total": 15000,
      "empirical_coverage": 0.9025333333333333
    },
    "5": {
      "coverage_mean": 0.9129999999999999,
      "coverage_std": 0.012476644848141937,
      "coverage_median": 0.912,
      "coverage_q25": 0.9065000000000001,
      "coverage_q75": 0.9215,
      "coverage_min": 0.892,
      "coverage_max": 0.94,
      "width_mean": 1.2751274617123747,
      "width_std": 0.048755983184608255,
      "width_median": 1.2901315601591203,
      "n_predictions_total": 15000,
      "empirical_coverage": 0.913
    },
    "6": {
      "coverage_mean": 0.9120666666666666,
      "coverage_std": 0.018485910550711013,
      "coverage_median": 0.915,
      "coverage_q25": 0.9005000000000001,
      "coverage_q75": 0.922,
      "coverage_min": 0.87,
      "coverage_max": 0.952,
      "width_mean": 1.2424001743854873,
      "width_std": 0.049670144819123824,
      "width_median": 1.2543128247951079,
      "n_predictions_total": 15000,
      "empirical_coverage": 0.9120666666666667
    },
    "7": {
      "coverage_mean": 0.9129333333333334,
      "coverage_std": 0.014775956445824042,
      "coverage_median": 0.911,
      "coverage_q25": 0.9065000000000001,
      "coverage_q75": 0.9255,
      "coverage_min": 0.882,
      "coverage_max": 0.938,
      "width_mean": 1.2224277124150233,
      "width_std": 0.04323014956590593,
      "width_median": 1.221663688221394,
      "n_predictions_total": 15000,
      "empirical_coverage": 0.9129333333333334
    },
    "8": {
      "coverage_mean": 0.9042666666666668,
      "coverage_std": 0.01678676727531409,
      "coverage_median": 0.903,
      "coverage_q25": 0.8945000000000001,
      "coverage_q75": 0.914,
      "coverage_min": 0.868,
      "coverage_max": 0.936,
      "width_mean": 1.1767937874255643,
      "width_std": 0.03210454857408977,
      "width_median": 1.1826902454435464,
      "n_predictions_total": 15000,
      "empirical_coverage": 0.9042666666666667
    },
    "9": {
      "coverage_mean": 0.8984666666666666,
      "coverage_std": 0.01661070605228917,
      "coverage_median": 0.9,
      "coverage_q25": 0.89,
      "coverage_q75": 0.911,
      "coverage_min": 0.86,
      "coverage_max": 0.926,
      "width_mean": 1.148172650127468,
      "width_std": 0.03963580690523537,
      "width_median": 1.1501807830583144,
      "n_predictions_total": 15000,
      "empirical_coverage": 0.8984666666666666
    },
    "10": {
      "coverage_mean": 0.9032666666666668,
      "coverage_std": 0.01423126448664662,
      "coverage_median": 0.898,
      "coverage_q25": 0.894,
      "coverage_q75": 0.915,
      "coverage_min": 0.878,
      "coverage_max": 0.936,
      "width_mean": 1.1177529444444927,
      "width_std": 0.04258997281995147,
      "width_median": 1.125383384894346,
      "n_predictions_total": 15000,
      "empirical_coverage": 0.9032666666666667
    },
    "11": {
      "coverage_mean": 0.9026000000000001,
      "coverage_std": 0.0162164525508304,
      "coverage_median": 0.9,
      "coverage_q25": 0.892,
      "coverage_q75": 0.9175,
      "coverage_min": 0.868,
      "coverage_max": 0.932,
      "width_mean": 1.085848310005283,
      "width_std": 0.03435073578908213,
      "width_median": 1.0849322707254307,
      "n_predictions_total": 15000,
      "empirical_coverage": 0.9026
    },
    "12": {
      "coverage_mean": 0.8984666666666665,
      "coverage_std": 0.015634861332576296,
      "coverage_median": 0.896,
      "coverage_q25": 0.89,
      "coverage_q75": 0.9105000000000001,
      "coverage_min": 0.868,
      "coverage_max": 0.924,
      "width_mean": 1.0381666742219562,
      "width_std": 0.03789361832814318,
      "width_median": 1.0349606949008558,
      "n_predictions_total": 15000,
      "empirical_coverage": 0.8984666666666666
    },
    "13": {
      "coverage_mean": 0.9025333333333332,
      "coverage_std": 0.015072565217049897,
      "coverage_median": 0.904,
      "coverage_q25": 0.892,
      "coverage_q75": 0.91,
      "coverage_min": 0.872,
      "coverage_max": 0.938,
      "width_mean": 1.012328606148979,
      "width_std": 0.039441075961754286,
      "width_median": 1.020954923378194,
      "n_predictions_total": 15000,
      "empirical_coverage": 0.9025333333333333
    },
    "14": {
      "coverage_mean": 0.9048666666666668,
      "coverage_std": 0.013639973932852262,
      "coverage_median": 0.904,
      "coverage_q25": 0.896,
      "coverage_q75": 0.916,
      "coverage_min": 0.878,
      "coverage_max": 0.928,
      "width_mean": 0.989456514281023,
      "width_std": 0.03299749129815482,
      "width_median": 0.9907750449572101,
      "n_predictions_total": 15000,
      "empirical_coverage": 0.9048666666666667
    },
    "15": {
      "coverage_mean": 0.8999333333333336,
      "coverage_std": 0.021388366515987675,
      "coverage_median": 0.901,
      "coverage_q25": 0.8885000000000001,
      "coverage_q75": 0.915,
      "coverage_min": 0.846,
      "coverage_max": 0.94,
      "width_mean": 0.9666969115748159,
      "width_std": 0.03703980023751622,
      "width_median": 0.9646248687722274,
      "n_predictions_total": 15000,
      "empirical_coverage": 0.8999333333333334
    },
    "16": {
      "coverage_mean": 0.9070666666666668,
      "coverage_std": 0.01410185173025948,