{
  "time_steps": [
    1,
    2,
    3,
    4,
    5,
    6,
    7,
    8,
    9,
    10,
    11,
    12,
    13,
    14,
    15,
    16,
    17,
    18,
    19,
    20
  ],
  "n_seeds": 30,
  "config": {
    "predictor": "algorithm",
    "n_series": 300,
    "n_train": 600,
    "n_cal": 600,
    "alpha": 0.1,
    "aci_stepsize": 0.005,
    "T": 20,
    "window_size": 800,
    "ar_coef": 0.7,
    "beta": 1.0,
    "noise_std": 0.2,
    "trend_coef": 0.0,
    "covariate_mode": "static",
    "with_shift": false,
    "covar_rate": 1.0,
    "covar_rate_shift": 2.0,
    "x_rate": 0.7,
    "x_trend": 0.0,
    "x_noise_std": 0.2,
    "x0_lambda": 1.0,
    "x_rate_shift": null,
    "x_trend_shift": null,
    "x_noise_std_shift": null,
    "x0_lambda_shift": null
  },
  "by_time": {
    "1": {
      "coverage_mean": 0.9024444444444445,
      "coverage_std": 0.02210971519881791,
      "coverage_median": 0.905,
      "coverage_q25": 0.8875000000000001,
      "coverage_q75": 0.92,
      "coverage_min": 0.85,
      "coverage_max": 0.9366666666666666,
      "width_mean": 2.789920190915061,
      "width_std": 0.18871355665864206,
      "width_median": 2.77994076498775,
      "n_predictions_total": 9000,
      "empirical_coverage": 0.9024444444444445
    },
    "2": {
      "coverage_mean": 0.8992222222222223,
      "coverage_std": 0.0216655270355557,
      "coverage_median": 0.8966666666666666,
      "coverage_q25": 0.89,
      "coverage_q75": 0.9133333333333333,
      "coverage_min": 0.8433333333333334,
      "coverage_max": 0.95,
      "width_mean": 2.365605917629862,
      "width_std": 0.09743505113705751,
      "width_median": 2.3317896122847017,
      "n_predictions_total": 9000,
      "empirical_coverage": 0.8992222222222223
    },
    "3": {
      "coverage_mean": 0.8935555555555557,
      "coverage_std": 0.022209996637038994,
      "coverage_median": 0.8966666666666666,
      "coverage_q25": 0.88,
      "coverage_q75": 0.9066666666666666,
      "coverage_min": 0.8433333333333334,
      "coverage_max": 0.9466666666666667,
      "width_mean": 1.757586319139585,
      "width_std": 0.0702362080807214,
      "width_median": 1.7776822084679886,
      "n_predictions_total": 9000,
      "empirical_coverage": 0.8935555555555555
    },
    "4": {
      "coverage_mean": 0.9017777777777777,
      "coverage_std": 0.020543239553634778,
      "coverage_median": 0.9,
      "coverage_q25": 0.89,
      "coverage_q75": 0.9166666666666666,
      "coverage_min": 0.86,
      "coverage_max": 0.94,
      "width_mean": 1.5167448421941279,
      "width_std": 0.06037922433813719,
      "width_median": 1.517428828271457,
      "n_predictions_total": 9000,
      "empirical_coverage": 0.9017777777777778
    },
    "5": {
      "coverage_mean": 0.8943333333333333,
      "coverage_std": 0.018240167315671855,
      "coverage_median": 0.8933333333333333,
      "coverage_q25": 0.8808333333333334,
      "coverage_q75": 0.9025,
      "coverage_min": 0.86,
      "coverage_max": 0.9433333333333334,
      "width_mean": 1.3908886396069668,
      "width_std": 0.06988211646722389,
      "width_median": 1.3811515547906394,
      "n_predictions_total": 9000,
      "empirical_coverage": 0.8943333333333333
    },
    "6": {
      "coverage_mean": 0.898888888888889,
      "coverage_std": 0.019442857078064025,
      "coverage_median": 0.8966666666666666,
      "coverage_q25": 0.8866666666666667,
      "coverage_q75": 0.9125,
      "coverage_min": 0.8633333333333333,
      "coverage_max": 0.9333333333333333,
      "width_mean": 1.3174813991932244,
      "width_std": 0.05346565938682561,
      "width_median": 1.3187875063398895,
      "n_predictions_total": 9000,
      "empirical_coverage": 0.8988888888888888
    },
    "7": {
      "coverage_mean": 0.8993333333333333,
      "coverage_std": 0.020044395171163885,
      "coverage_median": 0.9016666666666666,
      "coverage_q25": 0.89,
      "coverage_q75": 0.9116666666666666,
      "coverage_min": 0.86,
      "coverage_max": 0.94,
      "width_mean": 1.2704925438818573,
      "width_std": 0.04121031577342178,
      "width_median": 1.2724043516528352,
      "n_predictions_total": 9000,
      "empirical_coverage": 0.8993333333333333
    },
    "8": {
      "coverage_mean": 0.9029999999999999,
      "coverage_std": 0.017047862905057325,
      "coverage_median": 0.9033333333333333,
      "coverage_q25": 0.8908333333333334,
      "coverage_q75": 0.9166666666666666,
      "coverage_min": 0.8666666666666667,
      "coverage_max": 0.93,
      "width_mean": 1.2194587498898526,
      "width_std": 0.04082777106154563,
      "width_median": 1.2267308957456207,
      "n_predictions_total": 9000,
      "empirical_coverage": 0.903
    },
    "9": {
      "coverage_mean": 0.8944444444444445,
      "coverage_std": 0.019745291671937303,
      "coverage_median": 0.8966666666666667,
      "coverage_q25": 0.8841666666666667,
      "coverage_q75": 0.9091666666666667,
      "coverage_min": 0.8466666666666667,
      "coverage_max": 0.93,
      "width_mean": 1.173548537116792,
      "width_std": 0.03775940799118011,
      "width_median": 1.1741963923943228,
      "n_predictions_total": 9000,
      "empirical_coverage": 0.8944444444444445
    },
    "10": {
      "coverage_mean": 0.8951111111111112,
      "coverage_std": 0.026058812873864034,
      "coverage_median": 0.8983333333333333,
      "coverage_q25": 0.8808333333333334,
      "coverage_q75": 0.91,
      "coverage_min": 0.8233333333333334,
      "coverage_max": 0.9333333333333333,
      "width_mean": 1.1315067052781267,
      "width_std": 0.040294178661292895,
      "width_median": 1.141644053415042,
      "n_predictions_total": 9000,
      "empirical_coverage": 0.8951111111111111
    },
    "11": {
      "coverage_mean": 0.8946666666666669,
      "coverage_std": 0.023119656539804353,
      "coverage_median": 0.8966666666666666,
      "coverage_q25": 0.8808333333333334,
      "coverage_q75": 0.91,
      "coverage_min": 0.8433333333333334,
      "coverage_max": 0.94,
      "width_mean": 1.0947077446881373,
      "width_std": 0.03880972302260822,
      "width_median": 1.093254598079075,
      "n_predictions_total": 9000,
      "empirical_coverage": 0.8946666666666667
    },
    "12": {
      "coverage_mean": 0.8998888888888888,
      "coverage_std": 0.019822982048217433,
      "coverage_median": 0.9033333333333333,
      "coverage_q25": 0.8841666666666667,
      "coverage_q75": 0.91,
      "coverage_min": 0.8633333333333333,
      "coverage_max": 0.95,
      "width_mean": 1.0646515212616925,
      "width_std": 0.0303654859824749,
      "width_median": 1.067233841442006,
      "n_predictions_total": 9000,
      "empirical_coverage": 0.8998888888888888
    },
    "13": {
      "coverage_mean": 0.8984444444444445,
      "coverage_std": 0.021304378498559307,
      "coverage_median": 0.8966666666666666,
      "coverage_q25": 0.89,
      "coverage_q75": 0.9125,
      "coverage_min": 0.8533333333333334,
      "coverage_max": 0.9566666666666667,
      "width_mean": 1.031412387300073,
      "width_std": 0.03727619175148792,
      "width_median": 1.0351185268448257,
      "n_predictions_total": 9000,
      "empirical_coverage": 0.8984444444444445
    },
    "14": {
      "coverage_mean": 0.9065555555555557,
      "coverage_std": 0.018944037141271564,
      "coverage_median": 0.91,
      "coverage_q25": 0.895,
      "coverage_q75": 0.92,
      "coverage_min": 0.8533333333333334,
      "coverage_max": 0.9333333333333333,
      "width_mean": 1.0140687733186324,
      "width_std": 0.0339382889072439,
      "width_median": 1.013442566388215,
      "n_predictions_total": 9000,
      "empirical_coverage": 0.9065555555555556
    },
    "15": {
      "coverage_mean": 0.8997777777777778,
      "coverage_std": 0.01677593808898423,
      "coverage_median": 0.9033333333333333,
      "coverage_q25": 0.8866666666666667,
      "coverage_q75": 0.9125,
      "coverage_min": 0.8566666666666667,
      "coverage_max": 0.9266666666666666,