{
  "time_steps": [
    1,
    2,
    3,
    4,
    5,
    6,
    7,
    8,
    9,
    10,
    11,
    12,
    13,
    14,
    15,
    16,
    17,
    18,
    19,
    20,
    21,
    22,
    23,
    24,
    25,
    26,
    27,
    28,
    29,
    30,
    31,
    32,
    33,
    34,
    35,
    36,
    37,
    38,
    39,
    40
  ],
  "n_seeds": 100,
  "config": {
    "predictor": "algorithm",
    "n_series": 500,
    "n_train": 1000,
    "n_cal": 1000,
    "alpha": 0.1,
    "aci_stepsize": 0.005,
    "T": 40,
    "window_size": 800,
    "ar_coef": 0.7,
    "beta": 1.0,
    "noise_std": 0.2,
    "trend_coef": 0.0,
    "covariate_mode": "dynamic",
    "with_shift": true,
    "covar_rate": 1.0,
    "covar_rate_shift": 2.0,
    "x_rate": 0.6,
    "x_trend": 0.0,
    "x_noise_std": 0.2,
    "x0_lambda": 1.0,
    "x_rate_shift": 0.9,
    "x_trend_shift": null,
    "x_noise_std_shift": null,
    "x0_lambda_shift": null
  },
  "by_time": {
    "1": {
      "coverage_mean": 0.8974600000000003,
      "coverage_std": 0.015579101386151912,
      "coverage_median": 0.898,
      "coverage_q25": 0.884,
      "coverage_q75": 0.9085000000000001,
      "coverage_min": 0.866,
      "coverage_max": 0.936,
      "width_mean": 2.740385569079137,
      "width_std": 0.1163839290898881,
      "width_median": 2.7211695730780114,
      "n_predictions_total": 50000,
      "empirical_coverage": 0.89746
    },
    "2": {
      "coverage_mean": 0.80048,
      "coverage_std": 0.023208825907399953,
      "coverage_median": 0.802,
      "coverage_q25": 0.782,
      "coverage_q75": 0.8145,
      "coverage_min": 0.728,
      "coverage_max": 0.854,
      "width_mean": 1.9732278672292136,
      "width_std": 0.05540748220156673,
      "width_median": 1.9778827822966885,
      "n_predictions_total": 50000,
      "empirical_coverage": 0.80048
    },
    "3": {
      "coverage_mean": 0.7713399999999999,
      "coverage_std": 0.025407172215734693,
      "coverage_median": 0.774,
      "coverage_q25": 0.752,
      "coverage_q75": 0.7865,
      "coverage_min": 0.702,
      "coverage_max": 0.836,
      "width_mean": 1.6078231354357484,
      "width_std": 0.06097374042852597,
      "width_median": 1.602889622067769,
      "n_predictions_total": 50000,
      "empirical_coverage": 0.77134
    },
    "4": {
      "coverage_mean": 0.7833199999999999,
      "coverage_std": 0.023307028982691033,
      "coverage_median": 0.78,
      "coverage_q25": 0.764,
      "coverage_q75": 0.7985,
      "coverage_min": 0.734,
      "coverage_max": 0.846,
      "width_mean": 1.505637769580872,
      "width_std": 0.04827613413964426,
      "width_median": 1.5016565204821188,
      "n_predictions_total": 50000,
      "empirical_coverage": 0.78332
    },
    "5": {
      "coverage_mean": 0.8085400000000001,
      "coverage_std": 0.023285798247000222,
      "coverage_median": 0.809,
      "coverage_q25": 0.7895000000000001,
      "coverage_q75": 0.824,
      "coverage_min": 0.762,
      "coverage_max": 0.86,
      "width_mean": 1.4612153711448437,
      "width_std": 0.04378671265160154,
      "width_median": 1.4606520885485264,
      "n_predictions_total": 50000,
      "empirical_coverage": 0.80854
    },
    "6": {
      "coverage_mean": 0.8307799999999999,
      "coverage_std": 0.021508872587841496,
      "coverage_median": 0.831,
      "coverage_q25": 0.814,
      "coverage_q75": 0.848,
      "coverage_min": 0.778,
      "coverage_max": 0.876,
      "width_mean": 1.4259752052782286,
      "width_std": 0.044535101659749714,
      "width_median": 1.425582830584427,
      "n_predictions_total": 50000,
      "empirical_coverage": 0.83078
    },
    "7": {
      "coverage_mean": 0.8432599999999999,
      "coverage_std": 0.02366711642765126,
      "coverage_median": 0.843,
      "coverage_q25": 0.83,
      "coverage_q75": 0.8605,
      "coverage_min": 0.792,
      "coverage_max": 0.904,
      "width_mean": 1.364047132956464,
      "width_std": 0.036695015322779224,
      "width_median": 1.3654053252744318,
      "n_predictions_total": 50000,
      "empirical_coverage": 0.84326
    },
    "8": {
      "coverage_mean": 0.84824,
      "coverage_std": 0.020995771002751965,
      "coverage_median": 0.85,
      "coverage_q25": 0.832,
      "coverage_q75": 0.862,
      "coverage_min": 0.788,
      "coverage_max": 0.904,
      "width_mean": 1.2885005622675652,
      "width_std": 0.03778415110827495,
      "width_median": 1.288649134473901,
      "n_predictions_total": 50000,
      "empirical_coverage": 0.84824
    },
    "9": {
      "coverage_mean": 0.8520400000000001,
      "coverage_std": 0.01989166659684403,
      "coverage_median": 0.852,
      "coverage_q25": 0.8374999999999999,
      "coverage_q75": 0.868,
      "coverage_min": 0.81,
      "coverage_max": 0.896,
      "width_mean": 1.229273418260627,
      "width_std": 0.03523560846328125,
      "width_median": 1.236098799292783,
      "n_predictions_total": 50000,
      "empirical_coverage": 0.85204
    },
    "10": {
      "coverage_mean": 0.8497399999999999,
      "coverage_std": 0.020409125409972872,
      "coverage_median": 0.85,
      "coverage_q25": 0.834,
      "coverage_q75": 0.8645,
      "coverage_min": 0.806,
      "coverage_max": 0.896,
      "width_mean": 1.1706938072860682,
      "width_std": 0.037065837538280404,
      "width_median": 1.1707838362473022,
      "n_predictions_total": 50000,
      "empirical_coverage": 0.84974
    },
    "11": {
      "coverage_mean": 0.85084,
      "coverage_std": 0.02084261020122001,
      "coverage_median": 0.851,
      "coverage_q25": 0.838,
      "coverage_q75": 0.8625,
      "coverage_min": 0.792,
      "coverage_max": 0.91,
      "width_mean": 1.1355381301816843,
      "width_std": 0.036925951013329766,
      "width_median": 1.1330145114814458,
      "n_predictions_total": 50000,
      "empirical_coverage": 0.85084
    },
    "12": {
      "coverage_mean": 0.8568999999999999,
      "coverage_std": 0.027587497168101358,
      "coverage_median": 0.86,
      "coverage_q25": 0.838,
      "coverage_q75": 0.8785000000000001,
      "coverage_min": 0.784,
      "coverage_max": 0.906,
      "width_mean": 1.13014700509216,
      "width_std": 0.056237418563125974,
      "width_median": 1.117415959862063,
      "n_predictions_total": 50000,
      "empirical_coverage": 0.8569
    },
    "13": {
      "coverage_mean": 0.8578,
      "coverage_std": 0.021763271812850222,
      "coverage_median": 0.854,
      "coverage_q25": 0.8414999999999999,
      "coverage_q75": 0.876,
      "coverage_min": 0.814,
      "coverage_max": 0.916,
      "width_mean": 1.1128182293639544,
      "width_std": 0.04596972108806212,
      "width_median": 1.1071839188457386,
      "n_predictions_total": 50000,
      "empirical_coverage": 0.8578
    },
    "14": {
      "coverage_mean": 0.8560399999999998,
      "coverage_std": 0.024911009614224804,
      "coverage_median": 0.858,
      "coverage_q25": 0.836,
      "coverage_q75": 0.874,
      "coverage_min": 0.786,
      "coverage_max": 0.904,
      "width_mean": 1.1012362460865341,
      "width_std": 0.05521442940429374,
      "width_median": 1.0974945327178407,
      "n_predictions_total": 50000,
      "empirical_coverage": 0.85604
    },
    "15": {
      "coverage_mean": 0.8555000000000001,
      "coverage_std": 0.025624012176082036,
      "coverage_median": 0.858,
      "coverage_q25": 0.8394999999999999,
      "coverage_q75": 0.8725,
      "coverage_min": 0.788,
      "coverage_max": 0.906,
      "width_mean": 1.093916742940391,
      "width_std": 0.051210794790385594,
      "width_median": 1.100057269578267,
      "n_predictions_total": 50000,
      "empirical_coverage": 0.8555
    },
    "16": {
      "coverage_mean": 0.8589599999999998,
      "coverage_std": 0.02526575548049179,
      "coverage_median": 0.861,
      "coverage_q25": 0.838,
      "coverage_q75": 0.876,
      "coverage_min": 0.778,
      "coverage_max": 0.916,
      "width_mean": 1.0957695057071881,