{
  "time_steps": [
    1,
    2,
    3,
    4,
    5,
    6,
    7,
    8,
    9,
    10,
    11,
    12,
    13,
    14,
    15,
    16,
    17,
    18,
    19,
    20,
    21,
    22,
    23,
    24,
    25,
    26,
    27,
    28,
    29,
    30,
    31,
    32,
    33,
    34,
    35,
    36,
    37,
    38,
    39,
    40
  ],
  "n_seeds": 30,
  "config": {
    "predictor": "algorithm",
    "n_series": 500,
    "n_train": 1000,
    "n_cal": 1000,
    "alpha": 0.1,
    "aci_stepsize": 0.005,
    "T": 40,
    "window_size": 800,
    "ar_coef": 0.9,
    "beta": 1.0,
    "noise_std": 0.2,
    "trend_coef": 0.0,
    "covariate_mode": "static",
    "with_shift": false,
    "use_lr": true,
    "covar_rate": 1.0,
    "covar_rate_shift": 2.0,
    "x_rate": 0.7,
    "x_trend": 0.0,
    "x_noise_std": 0.2,
    "x0_lambda": 1.0,
    "x_rate_shift": null,
    "x_trend_shift": null,
    "x_noise_std_shift": null,
    "x0_lambda_shift": null
  },
  "by_time": {
    "1": {
      "coverage_mean": 0.8947333333333333,
      "coverage_std": 0.018550711277169115,
      "coverage_median": 0.893,
      "coverage_q25": 0.881,
      "coverage_q75": 0.9105000000000001,
      "coverage_min": 0.852,
      "coverage_max": 0.932,
      "width_mean": 2.7577721139370306,
      "width_std": 0.11390317200419829,
      "width_median": 2.732364191816763,
      "n_predictions_total": 15000,
      "empirical_coverage": 0.8947333333333334
    },
    "2": {
      "coverage_mean": 0.9009333333333333,
      "coverage_std": 0.013834578257234872,
      "coverage_median": 0.902,
      "coverage_q25": 0.8905000000000001,
      "coverage_q75": 0.9115,
      "coverage_min": 0.872,
      "coverage_max": 0.924,
      "width_mean": 2.508206898422512,
      "width_std": 0.08061490290862569,
      "width_median": 2.500797249333716,
      "n_predictions_total": 15000,
      "empirical_coverage": 0.9009333333333334
    },
    "3": {
      "coverage_mean": 0.9010666666666667,
      "coverage_std": 0.015053091229231158,
      "coverage_median": 0.9,
      "coverage_q25": 0.89,
      "coverage_q75": 0.912,
      "coverage_min": 0.87,
      "coverage_max": 0.928,
      "width_mean": 1.94498646191898,
      "width_std": 0.078013513619846,
      "width_median": 1.9469815016925431,
      "n_predictions_total": 15000,
      "empirical_coverage": 0.9010666666666667
    },
    "4": {
      "coverage_mean": 0.8954666666666667,
      "coverage_std": 0.017017115567046687,
      "coverage_median": 0.896,
      "coverage_q25": 0.886,
      "coverage_q75": 0.9095,
      "coverage_min": 0.862,
      "coverage_max": 0.934,
      "width_mean": 1.7012423371192669,
      "width_std": 0.08712263084576446,
      "width_median": 1.6875422622086755,
      "n_predictions_total": 15000,
      "empirical_coverage": 0.8954666666666666
    },
    "5": {
      "coverage_mean": 0.9009333333333335,
      "coverage_std": 0.012412180397586174,
      "coverage_median": 0.903,
      "coverage_q25": 0.8925000000000001,
      "coverage_q75": 0.9095,
      "coverage_min": 0.872,
      "coverage_max": 0.92,
      "width_mean": 1.6186245398294454,
      "width_std": 0.06611863420108263,
      "width_median": 1.6136561199300457,
      "n_predictions_total": 15000,
      "empirical_coverage": 0.9009333333333334
    },
    "6": {
      "coverage_mean": 0.9053333333333334,
      "coverage_std": 0.01678358986894309,
      "coverage_median": 0.905,
      "coverage_q25": 0.8905000000000001,
      "coverage_q75": 0.9155,
      "coverage_min": 0.874,
      "coverage_max": 0.944,
      "width_mean": 1.5627333782923112,
      "width_std": 0.05477289468115555,
      "width_median": 1.5694648867417405,
      "n_predictions_total": 15000,
      "empirical_coverage": 0.9053333333333333
    },
    "7": {
      "coverage_mean": 0.9023333333333333,
      "coverage_std": 0.014422975498218886,
      "coverage_median": 0.9,
      "coverage_q25": 0.8925000000000001,
      "coverage_q75": 0.911,
      "coverage_min": 0.874,
      "coverage_max": 0.938,
      "width_mean": 1.538767295183514,
      "width_std": 0.049988941483084186,
      "width_median": 1.5480875104491556,
      "n_predictions_total": 15000,
      "empirical_coverage": 0.9023333333333333
    },
    "8": {
      "coverage_mean": 0.8982666666666667,
      "coverage_std": 0.012379912044203805,
      "coverage_median": 0.898,
      "coverage_q25": 0.892,
      "coverage_q75": 0.908,
      "coverage_min": 0.872,
      "coverage_max": 0.92,
      "width_mean": 1.5111372430085195,
      "width_std": 0.03727466543859293,
      "width_median": 1.5140336873918687,
      "n_predictions_total": 15000,
      "empirical_coverage": 0.8982666666666667
    },
    "9": {
      "coverage_mean": 0.8978666666666668,
      "coverage_std": 0.014056394353539696,
      "coverage_median": 0.896,
      "coverage_q25": 0.888,
      "coverage_q75": 0.9115,
      "coverage_min": 0.87,
      "coverage_max": 0.922,
      "width_mean": 1.500352510157867,
      "width_std": 0.03791235656105653,
      "width_median": 1.4960032432309456,
      "n_predictions_total": 15000,
      "empirical_coverage": 0.8978666666666667
    },
    "10": {
      "coverage_mean": 0.8980666666666667,
      "coverage_std": 0.018442583574133253,
      "coverage_median": 0.9,
      "coverage_q25": 0.885,
      "coverage_q75": 0.9135,
      "coverage_min": 0.862,
      "coverage_max": 0.93,
      "width_mean": 1.4834741077687486,
      "width_std": 0.043518896911800733,
      "width_median": 1.4893945305495366,
      "n_predictions_total": 15000,
      "empirical_coverage": 0.8980666666666667
    },
    "11": {
      "coverage_mean": 0.9022666666666669,
      "coverage_std": 0.013293941811550448,
      "coverage_median": 0.903,
      "coverage_q25": 0.896,
      "coverage_q75": 0.91,
      "coverage_min": 0.876,
      "coverage_max": 0.932,
      "width_mean": 1.477881201679717,
      "width_std": 0.03141067505904049,
      "width_median": 1.4769562323340608,
      "n_predictions_total": 15000,
      "empirical_coverage": 0.9022666666666667
    },
    "12": {
      "coverage_mean": 0.8979333333333333,
      "coverage_std": 0.016161545580653976,
      "coverage_median": 0.895,
      "coverage_q25": 0.886,
      "coverage_q75": 0.9115,
      "coverage_min": 0.866,
      "coverage_max": 0.93,
      "width_mean": 1.4675686533555783,
      "width_std": 0.03314948425406319,
      "width_median": 1.4771384820261364,
      "n_predictions_total": 15000,
      "empirical_coverage": 0.8979333333333334
    },
    "13": {
      "coverage_mean": 0.9043333333333334,
      "coverage_std": 0.014459906254498653,
      "coverage_median": 0.904,
      "coverage_q25": 0.902,
      "coverage_q75": 0.9115,
      "coverage_min": 0.856,
      "coverage_max": 0.926,
      "width_mean": 1.4577372491841125,
      "width_std": 0.032476960903508226,
      "width_median": 1.462284816152183,
      "n_predictions_total": 15000,
      "empirical_coverage": 0.9043333333333333
    },
    "14": {
      "coverage_mean": 0.8998,
      "coverage_std": 0.013459569086713004,
      "coverage_median": 0.9,
      "coverage_q25": 0.8905000000000001,
      "coverage_q75": 0.9085000000000001,
      "coverage_min": 0.87,
      "coverage_max": 0.932,
      "width_mean": 1.4440277479843444,
      "width_std": 0.030342353132248395,
      "width_median": 1.447270395692319,
      "n_predictions_total": 15000,
      "empirical_coverage": 0.8998
    },
    "15": {
      "coverage_mean": 0.9008666666666668,
      "coverage_std": 0.016072198217902737,
      "coverage_median": 0.9,
      "coverage_q25": 0.8885000000000001,
      "coverage_q75": 0.9155,
      "coverage_min": 0.866,
      "coverage_max": 0.934,
      "width_mean": 1.4311872200346691,
      "width_std": 0.029496379527371528,
      "width_median": 1.432762121693961,
      "n_predictions_total": 15000,
      "empirical_coverage": 0.9008666666666667
    },
    "16": {
      "coverage_mean": 0.9063333333333333,