{
  "time_steps": [
    1,
    2,
    3,
    4,
    5,
    6,
    7,
    8,
    9,
    10,
    11,
    12,
    13,
    14,
    15,
    16,
    17,
    18,
    19,
    20
  ],
  "n_seeds": 3,
  "config": {
    "predictor": "algorithm",
    "n_series": 300,
    "n_train": 600,
    "n_cal": 600,
    "alpha": 0.1,
    "aci_stepsize": 0.005,
    "T": 20,
    "window_size": 800,
    "ar_coef": 0.7,
    "beta": 1.0,
    "noise_std": 0.2,
    "trend_coef": 0.0,
    "covariate_mode": "dynamic",
    "with_shift": true,
    "use_lr": true,
    "weight_mode": "oracle_dynamic",
    "covar_rate": 1.0,
    "covar_rate_shift": 2.0,
    "x_rate": 0.6,
    "x_trend": 0.0,
    "x_noise_std": 0.2,
    "x0_lambda": 1.0,
    "x_rate_shift": 0.9,
    "x_trend_shift": null,
    "x_noise_std_shift": null,
    "x0_lambda_shift": null
  },
  "by_time": {
    "1": {
      "coverage_mean": 0.8911111111111111,
      "coverage_std": 0.007856742013183834,
      "coverage_median": 0.8966666666666666,
      "coverage_q25": 0.8883333333333333,
      "coverage_q75": 0.8966666666666666,
      "coverage_min": 0.88,
      "coverage_max": 0.8966666666666666,
      "width_mean": 2.6336984280126665,
      "width_std": 0.027919503218556414,
      "width_median": 2.6268110202553667,
      "n_predictions_total": 900,
      "empirical_coverage": 0.8911111111111111,
      "ess_mean": 600.0,
      "ess_std": 0.0
    },
    "2": {
      "coverage_mean": 0.9222222222222222,
      "coverage_std": 0.03965904066127722,
      "coverage_median": 0.9166666666666666,
      "coverage_q25": 0.8966666666666667,
      "coverage_q75": 0.9450000000000001,
      "coverage_min": 0.8766666666666667,
      "coverage_max": 0.9733333333333334,
      "width_mean": 2.6559545285491004,
      "width_std": 0.5503127189099501,
      "width_median": 2.466241287985876,
      "n_predictions_total": 900,
      "empirical_coverage": 0.9222222222222223,
      "ess_mean": 60.92286918204928,
      "ess_std": 63.8057332342275
    },
    "3": {
      "coverage_mean": 0.9088888888888889,
      "coverage_std": 0.015947444549341445,
      "coverage_median": 0.9166666666666666,
      "coverage_q25": 0.9016666666666666,
      "coverage_q75": 0.9199999999999999,
      "coverage_min": 0.8866666666666667,
      "coverage_max": 0.9233333333333333,
      "width_mean": 2.183922340964707,
      "width_std": 0.09008262093571495,
      "width_median": 2.1748586541716253,
      "n_predictions_total": 900,
      "empirical_coverage": 0.9088888888888889,
      "ess_mean": 143.01553874677822,
      "ess_std": 16.83186543700851
    },
    "4": {
      "coverage_mean": 0.9177777777777778,
      "coverage_std": 0.015947444549341445,
      "coverage_median": 0.91,
      "coverage_q25": 0.9066666666666667,
      "coverage_q75": 0.925,
      "coverage_min": 0.9033333333333333,
      "coverage_max": 0.94,
      "width_mean": 2.057726764229189,
      "width_std": 0.10016164490280643,
      "width_median": 2.1225627919718977,
      "n_predictions_total": 900,
      "empirical_coverage": 0.9177777777777778,
      "ess_mean": 106.48973411190828,
      "ess_std": 34.86983135265788
    },
    "5": {
      "coverage_mean": 0.9333333333333332,
      "coverage_std": 0.021602468994692887,
      "coverage_median": 0.9433333333333334,
      "coverage_q25": 0.9233333333333333,
      "coverage_q75": 0.9483333333333334,
      "coverage_min": 0.9033333333333333,
      "coverage_max": 0.9533333333333334,
      "width_mean": 2.03814533703866,
      "width_std": 0.037308647826510076,
      "width_median": 2.0340618531953565,
      "n_predictions_total": 900,
      "empirical_coverage": 0.9333333333333333,
      "ess_mean": 106.66447145012184,
      "ess_std": 8.252863360006867
    },
    "6": {
      "coverage_mean": 0.9322222222222223,
      "coverage_std": 0.0015713484026367562,
      "coverage_median": 0.9333333333333333,
      "coverage_q25": 0.9316666666666666,
      "coverage_q75": 0.9333333333333333,
      "coverage_min": 0.93,
      "coverage_max": 0.9333333333333333,
      "width_mean": 1.8879272808325618,
      "width_std": 0.10957197805476027,
      "width_median": 1.8232740460745944,
      "n_predictions_total": 900,
      "empirical_coverage": 0.9322222222222222,
      "ess_mean": 101.49065603126336,
      "ess_std": 32.56119044180258
    },
    "7": {
      "coverage_mean": 0.9500000000000001,
      "coverage_std": 0.019626135258506316,
      "coverage_median": 0.9433333333333334,
      "coverage_q25": 0.9366666666666668,
      "coverage_q75": 0.96,
      "coverage_min": 0.93,
      "coverage_max": 0.9766666666666667,
      "width_mean": 2.1088201567771363,
      "width_std": 0.19456106298403208,
      "width_median": 2.177382700240648,
      "n_predictions_total": 900,
      "empirical_coverage": 0.95,
      "ess_mean": 68.9781561973813,
      "ess_std": 19.956778313863733
    },
    "8": {
      "coverage_mean": 0.9411111111111111,
      "coverage_std": 0.004157397096415497,
      "coverage_median": 0.94,
      "coverage_q25": 0.9383333333333332,
      "coverage_q75": 0.9433333333333334,
      "coverage_min": 0.9366666666666666,
      "coverage_max": 0.9466666666666667,
      "width_mean": 1.8120515225460327,
      "width_std": 0.033064117799053175,
      "width_median": 1.8044128530482566,
      "n_predictions_total": 900,
      "empirical_coverage": 0.9411111111111111,
      "ess_mean": 122.04211975893304,
      "ess_std": 29.905484165549545
    },
    "9": {
      "coverage_mean": 0.94,
      "coverage_std": 0.0027216552697591043,
      "coverage_median": 0.94,
      "coverage_q25": 0.9383333333333332,
      "coverage_q75": 0.9416666666666667,
      "coverage_min": 0.9366666666666666,
      "coverage_max": 0.9433333333333334,
      "width_mean": 1.7496315285211594,
      "width_std": 0.09620098901849522,
      "width_median": 1.797331959978688,
      "n_predictions_total": 900,
      "empirical_coverage": 0.94,
      "ess_mean": 98.30851117531051,
      "ess_std": 40.260269530565736
    },
    "10": {
      "coverage_mean": 0.9488888888888889,
      "coverage_std": 0.015475986974649001,
      "coverage_median": 0.9433333333333334,
      "coverage_q25": 0.9383333333333334,
      "coverage_q75": 0.9566666666666667,
      "coverage_min": 0.9333333333333333,
      "coverage_max": 0.97,
      "width_mean": 1.8735207172673023,
      "width_std": 0.07062669002173343,
      "width_median": 1.871964819744422,
      "n_predictions_total": 900,
      "empirical_coverage": 0.9488888888888889,
      "ess_mean": 75.67210400066064,
      "ess_std": 27.71585157433614
    },
    "11": {
      "coverage_mean": 0.9522222222222222,
      "coverage_std": 0.024545246704860555,
      "coverage_median": 0.95,
      "coverage_q25": 0.9366666666666666,
      "coverage_q75": 0.9666666666666666,
      "coverage_min": 0.9233333333333333,
      "coverage_max": 0.9833333333333333,
      "width_mean": 1.7748065036689937,
      "width_std": 0.1725588802618724,
      "width_median": 1.711116888555479,
      "n_predictions_total": 900,
      "empirical_coverage": 0.9522222222222222,
      "ess_mean": 100.59932063708443,
      "ess_std": 31.050470540420207
    },
    "12": {
      "coverage_mean": 0.9755555555555556,
      "coverage_std": 0.019309052441091993,
      "coverage_median": 0.98,
      "coverage_q25": 0.965,
      "coverage_q75": 0.9883333333333333,
      "coverage_min": 0.95,
      "coverage_max": 0.9966666666666667,
      "width_mean": 1.819820953027121,
      "width_std": 0.24741089051255868,
      "width_median": 1.6982317274315264,
      "n_predictions_total": 900,
      "empirical_coverage": 0.9755555555555555,
      "ess_mean": 81.10422150964416,
      "ess_std": 65.81706064720147
    },
    "13": {
      "coverage_mean": 0.9211111111111111,
      "coverage_std": 0.036951753662924226,
      "coverage_median": 0.9266666666666666,
      "coverage_q25": 0.8999999999999999,
      "coverage_q75": 0.9450000000000001,
      "coverage_min": 0.8733333333333333,