{
  "time_steps": [
    1,
    2,
    3,
    4,
    5,
    6,
    7,
    8,
    9,
    10,
    11,
    12,
    13,
    14,
    15,
    16,
    17,
    18,
    19,
    20,
    21,
    22,
    23,
    24,
    25,
    26,
    27,
    28,
    29,
    30,
    31,
    32,
    33,
    34,
    35,
    36,
    37,
    38,
    39,
    40
  ],
  "n_seeds": 10,
  "config": {
    "predictor": "algorithm",
    "n_series": 500,
    "n_train": 1000,
    "n_cal": 1000,
    "alpha": 0.1,
    "aci_stepsize": 0.005,
    "T": 40,
    "window_size": 800,
    "ar_coef": 0.7,
    "beta": 1.0,
    "noise_std": 0.2,
    "trend_coef": 0.0,
    "covariate_mode": "static",
    "with_shift": true,
    "use_lr": false,
    "covar_rate": 1.0,
    "covar_rate_shift": 4.0,
    "x_rate": 0.7,
    "x_trend": 0.0,
    "x_noise_std": 0.2,
    "x0_lambda": 1.0,
    "x_rate_shift": null,
    "x_trend_shift": null,
    "x_noise_std_shift": null,
    "x0_lambda_shift": null
  },
  "by_time": {
    "1": {
      "coverage_mean": 0.23959999999999998,
      "coverage_std": 0.021832086478392305,
      "coverage_median": 0.242,
      "coverage_q25": 0.2295,
      "coverage_q75": 0.2535,
      "coverage_min": 0.2,
      "coverage_max": 0.276,
      "width_mean": 2.7794259258295946,
      "width_std": 0.11774874951739625,
      "width_median": 2.7603068212242396,
      "n_predictions_total": 5000,
      "empirical_coverage": 0.2396
    },
    "2": {
      "coverage_mean": 0.3413999999999999,
      "coverage_std": 0.0332150568266863,
      "coverage_median": 0.34099999999999997,
      "coverage_q25": 0.324,
      "coverage_q75": 0.372,
      "coverage_min": 0.29,
      "coverage_max": 0.388,
      "width_mean": 2.363843205683727,
      "width_std": 0.06943537988826724,
      "width_median": 2.343183585995241,
      "n_predictions_total": 5000,
      "empirical_coverage": 0.3414
    },
    "3": {
      "coverage_mean": 0.5876,
      "coverage_std": 0.04597216549174077,
      "coverage_median": 0.591,
      "coverage_q25": 0.5654999999999999,
      "coverage_q75": 0.604,
      "coverage_min": 0.504,
      "coverage_max": 0.662,
      "width_mean": 1.8078249192488864,
      "width_std": 0.0654764375004639,
      "width_median": 1.8136455040343964,
      "n_predictions_total": 5000,
      "empirical_coverage": 0.5876
    },
    "4": {
      "coverage_mean": 0.8493999999999999,
      "coverage_std": 0.03291261156456595,
      "coverage_median": 0.842,
      "coverage_q25": 0.834,
      "coverage_q75": 0.8605,
      "coverage_min": 0.794,
      "coverage_max": 0.92,
      "width_mean": 1.53590171394176,
      "width_std": 0.07655293350836682,
      "width_median": 1.5317281749870326,
      "n_predictions_total": 5000,
      "empirical_coverage": 0.8494
    },
    "5": {
      "coverage_mean": 0.966,
      "coverage_std": 0.010119288512538823,
      "coverage_median": 0.968,
      "coverage_q25": 0.963,
      "coverage_q75": 0.9715,
      "coverage_min": 0.944,
      "coverage_max": 0.982,
      "width_mean": 1.4364789680912868,
      "width_std": 0.059847327054733584,
      "width_median": 1.4402066486594531,
      "n_predictions_total": 5000,
      "empirical_coverage": 0.966
    },
    "6": {
      "coverage_mean": 0.9763999999999999,
      "coverage_std": 0.008039900496896719,
      "coverage_median": 0.98,
      "coverage_q25": 0.9724999999999999,
      "coverage_q75": 0.9815,
      "coverage_min": 0.956,
      "coverage_max": 0.984,
      "width_mean": 1.3500929734616256,
      "width_std": 0.0434328696675944,
      "width_median": 1.3546237072363092,
      "n_predictions_total": 5000,
      "empirical_coverage": 0.9764
    },
    "7": {
      "coverage_mean": 0.9691999999999998,
      "coverage_std": 0.012204917041913897,
      "coverage_median": 0.969,
      "coverage_q25": 0.964,
      "coverage_q75": 0.978,
      "coverage_min": 0.94,
      "coverage_max": 0.984,
      "width_mean": 1.2892013150323138,
      "width_std": 0.04252116355453535,
      "width_median": 1.2896309611893833,
      "n_predictions_total": 5000,
      "empirical_coverage": 0.9692
    },
    "8": {
      "coverage_mean": 0.9560000000000001,
      "coverage_std": 0.011832159566199244,
      "coverage_median": 0.957,
      "coverage_q25": 0.9455,
      "coverage_q75": 0.966,
      "coverage_min": 0.938,
      "coverage_max": 0.972,
      "width_mean": 1.2358031761422015,
      "width_std": 0.032075761431530965,
      "width_median": 1.2365838018829163,
      "n_predictions_total": 5000,
      "empirical_coverage": 0.956
    },
    "9": {
      "coverage_mean": 0.9456,
      "coverage_std": 0.013260467563400586,
      "coverage_median": 0.948,
      "coverage_q25": 0.9335,
      "coverage_q75": 0.958,
      "coverage_min": 0.922,
      "coverage_max": 0.96,
      "width_mean": 1.1906835147389774,
      "width_std": 0.03554813358817685,
      "width_median": 1.1924299376153007,
      "n_predictions_total": 5000,
      "empirical_coverage": 0.9456
    },
    "10": {
      "coverage_mean": 0.9488,
      "coverage_std": 0.01782582396412574,
      "coverage_median": 0.942,
      "coverage_q25": 0.937,
      "coverage_q75": 0.963,
      "coverage_min": 0.922,
      "coverage_max": 0.978,
      "width_mean": 1.1553871753242466,
      "width_std": 0.03974783218486333,
      "width_median": 1.1584656925728307,
      "n_predictions_total": 5000,
      "empirical_coverage": 0.9488
    },
    "11": {
      "coverage_mean": 0.9332,
      "coverage_std": 0.01778088861671426,
      "coverage_median": 0.9339999999999999,
      "coverage_q25": 0.923,
      "coverage_q75": 0.949,
      "coverage_min": 0.902,
      "coverage_max": 0.958,
      "width_mean": 1.1108315581172516,
      "width_std": 0.03268479730133374,
      "width_median": 1.115760834669744,
      "n_predictions_total": 5000,
      "empirical_coverage": 0.9332
    },
    "12": {
      "coverage_mean": 0.9332,
      "coverage_std": 0.010166612021711034,
      "coverage_median": 0.935,
      "coverage_q25": 0.925,
      "coverage_q75": 0.938,
      "coverage_min": 0.916,
      "coverage_max": 0.95,
      "width_mean": 1.0726767668655872,
      "width_std": 0.03152556452110412,
      "width_median": 1.0641404677906439,
      "n_predictions_total": 5000,
      "empirical_coverage": 0.9332
    },
    "13": {
      "coverage_mean": 0.9322000000000001,
      "coverage_std": 0.017651062290978382,
      "coverage_median": 0.934,
      "coverage_q25": 0.92,
      "coverage_q75": 0.9464999999999999,
      "coverage_min": 0.9,
      "coverage_max": 0.96,
      "width_mean": 1.0462800567793225,
      "width_std": 0.027771725802198603,
      "width_median": 1.0459276942501197,
      "n_predictions_total": 5000,
      "empirical_coverage": 0.9322
    },
    "14": {
      "coverage_mean": 0.9278000000000001,
      "coverage_std": 0.013370115930686597,
      "coverage_median": 0.928,
      "coverage_q25": 0.9225000000000001,
      "coverage_q75": 0.936,
      "coverage_min": 0.9,
      "coverage_max": 0.948,
      "width_mean": 1.0154297907367318,
      "width_std": 0.032228061264056855,
      "width_median": 1.0104962959623727,
      "n_predictions_total": 5000,
      "empirical_coverage": 0.9278
    },
    "15": {
      "coverage_mean": 0.9372,
      "coverage_std": 0.014593149077563723,
      "coverage_median": 0.937,
      "coverage_q25": 0.9285000000000001,
      "coverage_q75": 0.9515,
      "coverage_min": 0.914,
      "coverage_max": 0.956,
      "width_mean": 0.9948905425613994,
      "width_std": 0.03968901767997551,
      "width_median": 0.9948538741731319,
      "n_predictions_total": 5000,
      "empirical_coverage": 0.9372
    },
    "16": {
      "coverage_mean": 0.9366,
      "coverage_std": 0.011901260437449438,
      "coverage_median": 0.935,
      "coverage_q25": 0.927,
      "coverage_q75": 0.944,
      "coverage_min": 0.922,
      "coverage_max": 0.962,
      "width_mean": 0.969604616297161,
      "width_std": 0.01928869363969689,
      "width_median": 0.9753921135956631,