{
  "time_steps": [
    1,
    2,
    3,
    4,
    5,
    6,
    7,
    8,
    9,
    10,
    11,
    12,
    13,
    14,
    15,
    16,
    17,
    18,
    19,
    20,
    21,
    22,
    23,
    24,
    25,
    26,
    27,
    28,
    29,
    30,
    31,
    32,
    33,
    34,
    35,
    36,
    37,
    38,
    39,
    40
  ],
  "n_seeds": 10,
  "config": {
    "predictor": "algorithm",
    "n_series": 500,
    "n_train": 1000,
    "n_cal": 1000,
    "alpha": 0.1,
    "aci_stepsize": 0.005,
    "T": 40,
    "window_size": 800,
    "ar_coef": 0.7,
    "beta": 1.0,
    "noise_std": 0.2,
    "trend_coef": 0.0,
    "covariate_mode": "static",
    "with_shift": true,
    "use_lr": false,
    "covar_rate": 1.0,
    "covar_rate_shift": 2.0,
    "x_rate": 0.7,
    "x_trend": 0.0,
    "x_noise_std": 0.2,
    "x0_lambda": 1.0,
    "x_rate_shift": null,
    "x_trend_shift": null,
    "x_noise_std_shift": null,
    "x0_lambda_shift": null
  },
  "by_time": {
    "1": {
      "coverage_mean": 0.6548,
      "coverage_std": 0.032424681956805666,
      "coverage_median": 0.649,
      "coverage_q25": 0.631,
      "coverage_q75": 0.6865,
      "coverage_min": 0.61,
      "coverage_max": 0.706,
      "width_mean": 2.7794259258295946,
      "width_std": 0.11774874951739625,
      "width_median": 2.7603068212242396,
      "n_predictions_total": 5000,
      "empirical_coverage": 0.6548
    },
    "2": {
      "coverage_mean": 0.7352,
      "coverage_std": 0.034213447648548966,
      "coverage_median": 0.738,
      "coverage_q25": 0.719,
      "coverage_q75": 0.7525,
      "coverage_min": 0.678,
      "coverage_max": 0.802,
      "width_mean": 2.353340976950241,
      "width_std": 0.06837287024448345,
      "width_median": 2.336344807343512,
      "n_predictions_total": 5000,
      "empirical_coverage": 0.7352
    },
    "3": {
      "coverage_mean": 0.8834,
      "coverage_std": 0.022163934668736073,
      "coverage_median": 0.884,
      "coverage_q25": 0.8765000000000001,
      "coverage_q75": 0.9005000000000001,
      "coverage_min": 0.834,
      "coverage_max": 0.916,
      "width_mean": 1.7919962207016193,
      "width_std": 0.06535344695458956,
      "width_median": 1.7978155953226556,
      "n_predictions_total": 5000,
      "empirical_coverage": 0.8834
    },
    "4": {
      "coverage_mean": 0.9352,
      "coverage_std": 0.017255723688098364,
      "coverage_median": 0.9390000000000001,
      "coverage_q25": 0.9205000000000001,
      "coverage_q75": 0.945,
      "coverage_min": 0.904,
      "coverage_max": 0.962,
      "width_mean": 1.5155417079887967,
      "width_std": 0.07736129666831454,
      "width_median": 1.5142993392149053,
      "n_predictions_total": 5000,
      "empirical_coverage": 0.9352
    },
    "5": {
      "coverage_mean": 0.9488,
      "coverage_std": 0.012905812643921325,
      "coverage_median": 0.947,
      "coverage_q25": 0.94,
      "coverage_q75": 0.9584999999999999,
      "coverage_min": 0.932,
      "coverage_max": 0.972,
      "width_mean": 1.418129753209152,
      "width_std": 0.06085495005515456,
      "width_median": 1.4221110225552165,
      "n_predictions_total": 5000,
      "empirical_coverage": 0.9488
    },
    "6": {
      "coverage_mean": 0.9452,
      "coverage_std": 0.011702991070662205,
      "coverage_median": 0.947,
      "coverage_q25": 0.936,
      "coverage_q75": 0.9495,
      "coverage_min": 0.926,
      "coverage_max": 0.966,
      "width_mean": 1.3341476241329484,
      "width_std": 0.04363685616935583,
      "width_median": 1.337252341077106,
      "n_predictions_total": 5000,
      "empirical_coverage": 0.9452
    },
    "7": {
      "coverage_mean": 0.9298,
      "coverage_std": 0.007717512552629864,
      "coverage_median": 0.93,
      "coverage_q25": 0.924,
      "coverage_q75": 0.9375,
      "coverage_min": 0.916,
      "coverage_max": 0.94,
      "width_mean": 1.2745300662931172,
      "width_std": 0.040316530791523746,
      "width_median": 1.2753950805772178,
      "n_predictions_total": 5000,
      "empirical_coverage": 0.9298
    },
    "8": {
      "coverage_mean": 0.9198000000000001,
      "coverage_std": 0.014154857823376391,
      "coverage_median": 0.918,
      "coverage_q25": 0.9115,
      "coverage_q75": 0.9285000000000001,
      "coverage_min": 0.896,
      "coverage_max": 0.946,
      "width_mean": 1.2208152213584256,
      "width_std": 0.030624114317929826,
      "width_median": 1.2207019541019641,
      "n_predictions_total": 5000,
      "empirical_coverage": 0.9198
    },
    "9": {
      "coverage_mean": 0.9072000000000001,
      "coverage_std": 0.011939849245279448,
      "coverage_median": 0.913,
      "coverage_q25": 0.894,
      "coverage_q75": 0.917,
      "coverage_min": 0.892,
      "coverage_max": 0.922,
      "width_mean": 1.1754229861307854,
      "width_std": 0.03481720446598634,
      "width_median": 1.1754803010900372,
      "n_predictions_total": 5000,
      "empirical_coverage": 0.9072
    },
    "10": {
      "coverage_mean": 0.909,
      "coverage_std": 0.013061393493804568,
      "coverage_median": 0.911,
      "coverage_q25": 0.9,
      "coverage_q75": 0.918,
      "coverage_min": 0.89,
      "coverage_max": 0.932,
      "width_mean": 1.1429515120337075,
      "width_std": 0.0390811520310724,
      "width_median": 1.1463013509640119,
      "n_predictions_total": 5000,
      "empirical_coverage": 0.909
    },
    "11": {
      "coverage_mean": 0.9141999999999999,
      "coverage_std": 0.014489996549343959,
      "coverage_median": 0.913,
      "coverage_q25": 0.9025000000000001,
      "coverage_q75": 0.924,
      "coverage_min": 0.894,
      "coverage_max": 0.938,
      "width_mean": 1.0990481229977171,
      "width_std": 0.03217722387043445,
      "width_median": 1.1053321262975557,
      "n_predictions_total": 5000,
      "empirical_coverage": 0.9142
    },
    "12": {
      "coverage_mean": 0.9082000000000001,
      "coverage_std": 0.014681961721786378,
      "coverage_median": 0.911,
      "coverage_q25": 0.902,
      "coverage_q75": 0.9175,
      "coverage_min": 0.882,
      "coverage_max": 0.928,
      "width_mean": 1.0625801182874972,
      "width_std": 0.03434792591481734,
      "width_median": 1.0544894712187403,
      "n_predictions_total": 5000,
      "empirical_coverage": 0.9082
    },
    "13": {
      "coverage_mean": 0.9138,
      "coverage_std": 0.008784076502399107,
      "coverage_median": 0.914,
      "coverage_q25": 0.9105000000000001,
      "coverage_q75": 0.9215,
      "coverage_min": 0.898,
      "coverage_max": 0.924,
      "width_mean": 1.036369540741077,
      "width_std": 0.030992846653146756,
      "width_median": 1.039096064342474,
      "n_predictions_total": 5000,
      "empirical_coverage": 0.9138
    },
    "14": {
      "coverage_mean": 0.9107999999999998,
      "coverage_std": 0.013151425778218888,
      "coverage_median": 0.912,
      "coverage_q25": 0.8985000000000001,
      "coverage_q75": 0.918,
      "coverage_min": 0.892,
      "coverage_max": 0.93,
      "width_mean": 1.0100286686702433,
      "width_std": 0.03236754440971164,
      "width_median": 1.0076128033556855,
      "n_predictions_total": 5000,
      "empirical_coverage": 0.9108
    },
    "15": {
      "coverage_mean": 0.9111999999999998,
      "coverage_std": 0.013481839637082186,
      "coverage_median": 0.909,
      "coverage_q25": 0.9035,
      "coverage_q75": 0.919,
      "coverage_min": 0.886,
      "coverage_max": 0.934,
      "width_mean": 0.989716734131998,
      "width_std": 0.035592223862242096,
      "width_median": 0.9950624244622799,
      "n_predictions_total": 5000,
      "empirical_coverage": 0.9112
    },
    "16": {
      "coverage_mean": 0.9212,
      "coverage_std": 0.009086253353280425,
      "coverage_median": 0.923,
      "coverage_q25": 0.92,
      "coverage_q75": 0.924,
      "coverage_min": 0.904,
      "coverage_max": 0.938,
      "width_mean": 0.9676463500541544,
      "width_std": 0.027653049371323433,