{
  "time_steps": [
    1,
    2,
    3,
    4,
    5,
    6,
    7,
    8,
    9,
    10,
    11,
    12,
    13,
    14,
    15,
    16,
    17,
    18,
    19,
    20,
    21,
    22,
    23,
    24,
    25,
    26,
    27,
    28,
    29,
    30,
    31,
    32,
    33,
    34,
    35,
    36,
    37,
    38,
    39,
    40
  ],
  "n_seeds": 30,
  "config": {
    "predictor": "algorithm",
    "n_series": 500,
    "n_train": 1000,
    "n_cal": 1000,
    "alpha": 0.1,
    "aci_stepsize": 0.005,
    "T": 40,
    "window_size": 800,
    "ar_coef": 0.9,
    "beta": 1.0,
    "noise_std": 0.2,
    "trend_coef": 0.0,
    "covariate_mode": "dynamic",
    "with_shift": true,
    "use_lr": true,
    "covar_rate": 1.0,
    "covar_rate_shift": 2.0,
    "x_rate": 0.6,
    "x_trend": 0.0,
    "x_noise_std": 0.2,
    "x0_lambda": 1.0,
    "x_rate_shift": 0.9,
    "x_trend_shift": null,
    "x_noise_std_shift": null,
    "x0_lambda_shift": null
  },
  "by_time": {
    "1": {
      "coverage_mean": 0.8989333333333334,
      "coverage_std": 0.01310199306297414,
      "coverage_median": 0.901,
      "coverage_q25": 0.8905000000000001,
      "coverage_q75": 0.908,
      "coverage_min": 0.866,
      "coverage_max": 0.926,
      "width_mean": 2.7333523626096747,
      "width_std": 0.0783748673316708,
      "width_median": 2.722327240697192,
      "n_predictions_total": 15000,
      "empirical_coverage": 0.8989333333333334
    },
    "2": {
      "coverage_mean": 0.8078,
      "coverage_std": 0.02190494616899721,
      "coverage_median": 0.808,
      "coverage_q25": 0.792,
      "coverage_q75": 0.8274999999999999,
      "coverage_min": 0.76,
      "coverage_max": 0.84,
      "width_mean": 2.014562158232202,
      "width_std": 0.05639847561829581,
      "width_median": 2.014873440422465,
      "n_predictions_total": 15000,
      "empirical_coverage": 0.8078
    },
    "3": {
      "coverage_mean": 0.772,
      "coverage_std": 0.0247116706571342,
      "coverage_median": 0.779,
      "coverage_q25": 0.756,
      "coverage_q75": 0.7875000000000001,
      "coverage_min": 0.712,
      "coverage_max": 0.826,
      "width_mean": 1.6409890957860926,
      "width_std": 0.07196491321918175,
      "width_median": 1.6574445121131265,
      "n_predictions_total": 15000,
      "empirical_coverage": 0.772
    },
    "4": {
      "coverage_mean": 0.7740666666666665,
      "coverage_std": 0.020281244756890273,
      "coverage_median": 0.771,
      "coverage_q25": 0.76,
      "coverage_q75": 0.784,
      "coverage_min": 0.742,
      "coverage_max": 0.824,
      "width_mean": 1.5388017557546039,
      "width_std": 0.055870413183957746,
      "width_median": 1.5435910314830514,
      "n_predictions_total": 15000,
      "empirical_coverage": 0.7740666666666667
    },
    "5": {
      "coverage_mean": 0.7864,
      "coverage_std": 0.025827117531772685,
      "coverage_median": 0.792,
      "coverage_q25": 0.772,
      "coverage_q75": 0.807,
      "coverage_min": 0.736,
      "coverage_max": 0.838,
      "width_mean": 1.50594971499322,
      "width_std": 0.05027731025561261,
      "width_median": 1.5111013502200201,
      "n_predictions_total": 15000,
      "empirical_coverage": 0.7864
    },
    "6": {
      "coverage_mean": 0.7891333333333334,
      "coverage_std": 0.020144036889914146,
      "coverage_median": 0.79,
      "coverage_q25": 0.7755000000000001,
      "coverage_q75": 0.8015000000000001,
      "coverage_min": 0.754,
      "coverage_max": 0.838,
      "width_mean": 1.455668391396377,
      "width_std": 0.0455929624527478,
      "width_median": 1.4526876339495332,
      "n_predictions_total": 15000,
      "empirical_coverage": 0.7891333333333334
    },
    "7": {
      "coverage_mean": 0.8126,
      "coverage_std": 0.022710643613366225,
      "coverage_median": 0.808,
      "coverage_q25": 0.798,
      "coverage_q75": 0.83,
      "coverage_min": 0.768,
      "coverage_max": 0.856,
      "width_mean": 1.4629381777911634,
      "width_std": 0.05333268621993473,
      "width_median": 1.4552247069715354,
      "n_predictions_total": 15000,
      "empirical_coverage": 0.8126
    },
    "8": {
      "coverage_mean": 0.8347999999999998,
      "coverage_std": 0.02100539613210535,
      "coverage_median": 0.835,
      "coverage_q25": 0.82,
      "coverage_q75": 0.8474999999999999,
      "coverage_min": 0.796,
      "coverage_max": 0.876,
      "width_mean": 1.488812418663104,
      "width_std": 0.05845348316168558,
      "width_median": 1.482265988976624,
      "n_predictions_total": 15000,
      "empirical_coverage": 0.8348
    },
    "9": {
      "coverage_mean": 0.8473333333333332,
      "coverage_std": 0.020293403416436148,
      "coverage_median": 0.848,
      "coverage_q25": 0.8345,
      "coverage_q75": 0.8645,
      "coverage_min": 0.806,
      "coverage_max": 0.88,
      "width_mean": 1.4361445107526,
      "width_std": 0.05379153597412602,
      "width_median": 1.435792331204858,
      "n_predictions_total": 15000,
      "empirical_coverage": 0.8473333333333334
    },
    "10": {
      "coverage_mean": 0.8390666666666665,
      "coverage_std": 0.017968367266455308,
      "coverage_median": 0.839,
      "coverage_q25": 0.8245,
      "coverage_q75": 0.8525,
      "coverage_min": 0.804,
      "coverage_max": 0.882,
      "width_mean": 1.36084980746129,
      "width_std": 0.04160746650030603,
      "width_median": 1.3582500952494403,
      "n_predictions_total": 15000,
      "empirical_coverage": 0.8390666666666666
    },
    "11": {
      "coverage_mean": 0.8394,
      "coverage_std": 0.017375461624563156,
      "coverage_median": 0.841,
      "coverage_q25": 0.824,
      "coverage_q75": 0.85,
      "coverage_min": 0.804,
      "coverage_max": 0.874,
      "width_mean": 1.311901957340955,
      "width_std": 0.039450987583927906,
      "width_median": 1.3036741237458958,
      "n_predictions_total": 15000,
      "empirical_coverage": 0.8394
    },
    "12": {
      "coverage_mean": 0.8702000000000001,
      "coverage_std": 0.025273701747073003,
      "coverage_median": 0.87,
      "coverage_q25": 0.8525,
      "coverage_q75": 0.895,
      "coverage_min": 0.826,
      "coverage_max": 0.902,
      "width_mean": 1.3385566807305742,
      "width_std": 0.06684386980089152,
      "width_median": 1.3512878976138083,
      "n_predictions_total": 15000,
      "empirical_coverage": 0.8702
    },
    "13": {
      "coverage_mean": 0.8678,
      "coverage_std": 0.020593526490946954,
      "coverage_median": 0.873,
      "coverage_q25": 0.858,
      "coverage_q75": 0.878,
      "coverage_min": 0.822,
      "coverage_max": 0.91,
      "width_mean": 1.3032717313251914,
      "width_std": 0.05363752791740177,
      "width_median": 1.2997299037421537,
      "n_predictions_total": 15000,
      "empirical_coverage": 0.8678
    },
    "14": {
      "coverage_mean": 0.8704666666666667,
      "coverage_std": 0.022784107521594002,
      "coverage_median": 0.872,
      "coverage_q25": 0.8545,
      "coverage_q75": 0.886,
      "coverage_min": 0.816,
      "coverage_max": 0.906,
      "width_mean": 1.2864483589428566,
      "width_std": 0.07400383951246187,
      "width_median": 1.2887244423246478,
      "n_predictions_total": 15000,
      "empirical_coverage": 0.8704666666666667
    },
    "15": {
      "coverage_mean": 0.8655999999999999,
      "coverage_std": 0.024546011217032135,
      "coverage_median": 0.864,
      "coverage_q25": 0.8525,
      "coverage_q75": 0.8835,
      "coverage_min": 0.804,
      "coverage_max": 0.904,
      "width_mean": 1.264858185744846,
      "width_std": 0.06401396014626622,
      "width_median": 1.2728546451071932,
      "n_predictions_total": 15000,
      "empirical_coverage": 0.8656
    },
    "16": {
      "coverage_mean": 0.8635333333333333,
      "coverage_std": 0.02771128931600904,
      "coverage_median": 0.863,
      "coverage_q25": 0.843,
      "coverage_q75": 0.8865000000000001,
      "coverage_min": 0.798,
      "coverage_max": 0.916,