{
  "time_steps": [
    1,
    2,
    3,
    4,
    5,
    6,
    7,
    8,
    9,
    10,
    11,
    12,
    13,
    14,
    15,
    16,
    17,
    18,
    19,
    20,
    21,
    22,
    23,
    24,
    25,
    26,
    27,
    28,
    29,
    30,
    31,
    32,
    33,
    34,
    35,
    36,
    37,
    38,
    39,
    40
  ],
  "n_seeds": 30,
  "config": {
    "predictor": "algorithm",
    "n_series": 500,
    "n_train": 1000,
    "n_cal": 1000,
    "alpha": 0.1,
    "aci_stepsize": 0.005,
    "T": 40,
    "window_size": 800,
    "ar_coef": 0.9,
    "beta": 1.0,
    "noise_std": 0.2,
    "trend_coef": 0.0,
    "covariate_mode": "static",
    "with_shift": true,
    "use_lr": true,
    "covar_rate": 1.0,
    "covar_rate_shift": 2.0,
    "x_rate": 0.7,
    "x_trend": 0.0,
    "x_noise_std": 0.2,
    "x0_lambda": 1.0,
    "x_rate_shift": null,
    "x_trend_shift": null,
    "x_noise_std_shift": null,
    "x0_lambda_shift": null
  },
  "by_time": {
    "1": {
      "coverage_mean": 0.6588666666666667,
      "coverage_std": 0.027850473764172993,
      "coverage_median": 0.654,
      "coverage_q25": 0.6385000000000001,
      "coverage_q75": 0.6845,
      "coverage_min": 0.61,
      "coverage_max": 0.714,
      "width_mean": 2.75777211393703,
      "width_std": 0.11390317200419826,
      "width_median": 2.732364191816763,
      "n_predictions_total": 15000,
      "empirical_coverage": 0.6588666666666667
    },
    "2": {
      "coverage_mean": 0.8551333333333333,
      "coverage_std": 0.0263144235902839,
      "coverage_median": 0.85,
      "coverage_q25": 0.834,
      "coverage_q75": 0.8775,
      "coverage_min": 0.806,
      "coverage_max": 0.906,
      "width_mean": 3.3457027711962106,
      "width_std": 0.25542551470595376,
      "width_median": 3.2838237645680337,
      "n_predictions_total": 15000,
      "empirical_coverage": 0.8551333333333333
    },
    "3": {
      "coverage_mean": 0.8758666666666667,
      "coverage_std": 0.023882676194727902,
      "coverage_median": 0.875,
      "coverage_q25": 0.867,
      "coverage_q75": 0.885,
      "coverage_min": 0.826,
      "coverage_max": 0.938,
      "width_mean": 1.9521550142004254,
      "width_std": 0.10387241837534121,
      "width_median": 1.9501214944047707,
      "n_predictions_total": 15000,
      "empirical_coverage": 0.8758666666666667
    },
    "4": {
      "coverage_mean": 0.8964666666666667,
      "coverage_std": 0.020017880895728108,
      "coverage_median": 0.896,
      "coverage_q25": 0.891,
      "coverage_q75": 0.9095,
      "coverage_min": 0.84,
      "coverage_max": 0.932,
      "width_mean": 1.5087452771952863,
      "width_std": 0.0846609751202728,
      "width_median": 1.4982809740647003,
      "n_predictions_total": 15000,
      "empirical_coverage": 0.8964666666666666
    },
    "5": {
      "coverage_mean": 0.9126666666666666,
      "coverage_std": 0.01246149625401737,
      "coverage_median": 0.914,
      "coverage_q25": 0.906,
      "coverage_q75": 0.92,
      "coverage_min": 0.878,
      "coverage_max": 0.942,
      "width_mean": 1.4744901929933998,
      "width_std": 0.07840797514358387,
      "width_median": 1.4876644126121468,
      "n_predictions_total": 15000,
      "empirical_coverage": 0.9126666666666666
    },
    "6": {
      "coverage_mean": 0.9086666666666668,
      "coverage_std": 0.01770373469701301,
      "coverage_median": 0.911,
      "coverage_q25": 0.894,
      "coverage_q75": 0.9195,
      "coverage_min": 0.874,
      "coverage_max": 0.942,
      "width_mean": 1.4925066707996633,
      "width_std": 0.06238783533209583,
      "width_median": 1.5089508969673522,
      "n_predictions_total": 15000,
      "empirical_coverage": 0.9086666666666666
    },
    "7": {
      "coverage_mean": 0.9081333333333336,
      "coverage_std": 0.018249627089036352,
      "coverage_median": 0.911,
      "coverage_q25": 0.8985000000000001,
      "coverage_q75": 0.922,
      "coverage_min": 0.862,
      "coverage_max": 0.936,
      "width_mean": 1.5322246401467836,
      "width_std": 0.06322957307407917,
      "width_median": 1.531072532756205,
      "n_predictions_total": 15000,
      "empirical_coverage": 0.9081333333333333
    },
    "8": {
      "coverage_mean": 0.9065999999999997,
      "coverage_std": 0.018008516503773074,
      "coverage_median": 0.91,
      "coverage_q25": 0.9,
      "coverage_q75": 0.918,
      "coverage_min": 0.86,
      "coverage_max": 0.936,
      "width_mean": 1.5545902682313057,
      "width_std": 0.050653140884383115,
      "width_median": 1.55299686666655,
      "n_predictions_total": 15000,
      "empirical_coverage": 0.9066
    },
    "9": {
      "coverage_mean": 0.8939333333333334,
      "coverage_std": 0.019700987002911546,
      "coverage_median": 0.895,
      "coverage_q25": 0.879,
      "coverage_q75": 0.91,
      "coverage_min": 0.842,
      "coverage_max": 0.922,
      "width_mean": 1.5708029467900844,
      "width_std": 0.04862879648068068,
      "width_median": 1.5719093590999622,
      "n_predictions_total": 15000,
      "empirical_coverage": 0.8939333333333334
    },
    "10": {
      "coverage_mean": 0.8961333333333333,
      "coverage_std": 0.017327691389475094,
      "coverage_median": 0.897,
      "coverage_q25": 0.883,
      "coverage_q75": 0.9075,
      "coverage_min": 0.864,
      "coverage_max": 0.936,
      "width_mean": 1.5835170799281992,
      "width_std": 0.051447895935972925,
      "width_median": 1.5822218948464681,
      "n_predictions_total": 15000,
      "empirical_coverage": 0.8961333333333333
    },
    "11": {
      "coverage_mean": 0.8908666666666668,
      "coverage_std": 0.019097527472307932,
      "coverage_median": 0.892,
      "coverage_q25": 0.8765000000000001,
      "coverage_q75": 0.9035,
      "coverage_min": 0.852,
      "coverage_max": 0.922,
      "width_mean": 1.5891125974320979,
      "width_std": 0.03987373764359578,
      "width_median": 1.5907454082353327,
      "n_predictions_total": 15000,
      "empirical_coverage": 0.8908666666666667
    },
    "12": {
      "coverage_mean": 0.8904666666666665,
      "coverage_std": 0.020354742827055218,
      "coverage_median": 0.89,
      "coverage_q25": 0.882,
      "coverage_q75": 0.9055,
      "coverage_min": 0.836,
      "coverage_max": 0.942,
      "width_mean": 1.592201821028996,
      "width_std": 0.04773669579681987,
      "width_median": 1.5949443147909121,
      "n_predictions_total": 15000,
      "empirical_coverage": 0.8904666666666666
    },
    "13": {
      "coverage_mean": 0.8950666666666667,
      "coverage_std": 0.019237001383329545,
      "coverage_median": 0.898,
      "coverage_q25": 0.8805000000000001,
      "coverage_q75": 0.912,
      "coverage_min": 0.856,
      "coverage_max": 0.92,
      "width_mean": 1.5887381688212752,
      "width_std": 0.043354321928489044,
      "width_median": 1.588586895305513,
      "n_predictions_total": 15000,
      "empirical_coverage": 0.8950666666666667
    },
    "14": {
      "coverage_mean": 0.8977999999999999,
      "coverage_std": 0.01935871896588203,
      "coverage_median": 0.901,
      "coverage_q25": 0.886,
      "coverage_q75": 0.9155,
      "coverage_min": 0.848,
      "coverage_max": 0.924,
      "width_mean": 1.5895839105800134,
      "width_std": 0.049675949573189895,
      "width_median": 1.589216642709606,
      "n_predictions_total": 15000,
      "empirical_coverage": 0.8978
    },
    "15": {
      "coverage_mean": 0.8961333333333333,
      "coverage_std": 0.025471203784317355,
      "coverage_median": 0.898,
      "coverage_q25": 0.882,
      "coverage_q75": 0.9135,
      "coverage_min": 0.832,
      "coverage_max": 0.942,
      "width_mean": 1.5808242258687504,
      "width_std": 0.05133043058477445,
      "width_median": 1.5765253949510503,
      "n_predictions_total": 15000,
      "empirical_coverage": 0.8961333333333333
    },
    "16": {
      "coverage_mean": 0.9046000000000001,
      "coverage_std": 0.016956021545948413,
      "coverage_median": 0.904,