{
  "time_steps": [
    1,
    2,
    3,
    4,
    5,
    6,
    7,
    8,
    9,
    10,
    11,
    12,
    13,
    14,
    15,
    16,
    17,
    18,
    19,
    20,
    21,
    22,
    23,
    24,
    25,
    26,
    27,
    28,
    29,
    30,
    31,
    32,
    33,
    34,
    35,
    36,
    37,
    38,
    39,
    40
  ],
  "n_seeds": 30,
  "config": {
    "predictor": "algorithm",
    "n_series": 500,
    "n_train": 1000,
    "n_cal": 1000,
    "alpha": 0.1,
    "aci_stepsize": 0.005,
    "T": 40,
    "window_size": 800,
    "ar_coef": 0.7,
    "beta": 1.0,
    "noise_std": 0.2,
    "trend_coef": 0.0,
    "covariate_mode": "static",
    "with_shift": false,
    "use_lr": true,
    "covar_rate": 1.0,
    "covar_rate_shift": 2.0,
    "x_rate": 0.7,
    "x_trend": 0.0,
    "x_noise_std": 0.2,
    "x0_lambda": 1.0,
    "x_rate_shift": null,
    "x_trend_shift": null,
    "x_noise_std_shift": null,
    "x0_lambda_shift": null
  },
  "by_time": {
    "1": {
      "coverage_mean": 0.8947333333333333,
      "coverage_std": 0.018550711277169115,
      "coverage_median": 0.893,
      "coverage_q25": 0.881,
      "coverage_q75": 0.9105000000000001,
      "coverage_min": 0.852,
      "coverage_max": 0.932,
      "width_mean": 2.75777211393703,
      "width_std": 0.11390317200419832,
      "width_median": 2.732364191816763,
      "n_predictions_total": 15000,
      "empirical_coverage": 0.8947333333333334
    },
    "2": {
      "coverage_mean": 0.8993999999999999,
      "coverage_std": 0.014228141129465941,
      "coverage_median": 0.9,
      "coverage_q25": 0.8885000000000001,
      "coverage_q75": 0.9095,
      "coverage_min": 0.868,
      "coverage_max": 0.92,
      "width_mean": 2.377971175194461,
      "width_std": 0.07415581009728095,
      "width_median": 2.3850568865922375,
      "n_predictions_total": 15000,
      "empirical_coverage": 0.8994
    },
    "3": {
      "coverage_mean": 0.9,
      "coverage_std": 0.017723806965021197,
      "coverage_median": 0.899,
      "coverage_q25": 0.8885000000000001,
      "coverage_q75": 0.912,
      "coverage_min": 0.862,
      "coverage_max": 0.932,
      "width_mean": 1.7797207080705357,
      "width_std": 0.06722570165780586,
      "width_median": 1.7850953982786697,
      "n_predictions_total": 15000,
      "empirical_coverage": 0.9
    },
    "4": {
      "coverage_mean": 0.8937333333333333,
      "coverage_std": 0.016014437930262256,
      "coverage_median": 0.893,
      "coverage_q25": 0.882,
      "coverage_q75": 0.904,
      "coverage_min": 0.868,
      "coverage_max": 0.938,
      "width_mean": 1.5197454775800336,
      "width_std": 0.07019042449726377,
      "width_median": 1.5221000095847281,
      "n_predictions_total": 15000,
      "empirical_coverage": 0.8937333333333334
    },
    "5": {
      "coverage_mean": 0.8993999999999999,
      "coverage_std": 0.010547037498748177,
      "coverage_median": 0.899,
      "coverage_q25": 0.894,
      "coverage_q75": 0.9075,
      "coverage_min": 0.876,
      "coverage_max": 0.916,
      "width_mean": 1.411556579571923,
      "width_std": 0.049432235979459005,
      "width_median": 1.412609593121213,
      "n_predictions_total": 15000,
      "empirical_coverage": 0.8994
    },
    "6": {
      "coverage_mean": 0.9040000000000001,
      "coverage_std": 0.016788885212147556,
      "coverage_median": 0.905,
      "coverage_q25": 0.8945000000000001,
      "coverage_q75": 0.916,
      "coverage_min": 0.87,
      "coverage_max": 0.94,
      "width_mean": 1.3365928420598523,
      "width_std": 0.047674837269012275,
      "width_median": 1.3425514163425574,
      "n_predictions_total": 15000,
      "empirical_coverage": 0.904
    },
    "7": {
      "coverage_mean": 0.8999999999999998,
      "coverage_std": 0.016939106627367743,
      "coverage_median": 0.899,
      "coverage_q25": 0.888,
      "coverage_q75": 0.911,
      "coverage_min": 0.866,
      "coverage_max": 0.932,
      "width_mean": 1.2843471049107493,
      "width_std": 0.0423285862349217,
      "width_median": 1.2826597462826395,
      "n_predictions_total": 15000,
      "empirical_coverage": 0.9
    },
    "8": {
      "coverage_mean": 0.8957333333333335,
      "coverage_std": 0.016826434229773382,
      "coverage_median": 0.896,
      "coverage_q25": 0.8865000000000001,
      "coverage_q75": 0.908,
      "coverage_min": 0.852,
      "coverage_max": 0.92,
      "width_mean": 1.2232109561058158,
      "width_std": 0.03207931723171893,
      "width_median": 1.2247211219909913,
      "n_predictions_total": 15000,
      "empirical_coverage": 0.8957333333333334
    },
    "9": {
      "coverage_mean": 0.9012000000000001,
      "coverage_std": 0.013412432043940938,
      "coverage_median": 0.902,
      "coverage_q25": 0.894,
      "coverage_q75": 0.91,
      "coverage_min": 0.866,
      "coverage_max": 0.922,
      "width_mean": 1.1803402778634675,
      "width_std": 0.039685101693174095,
      "width_median": 1.1809008002482722,
      "n_predictions_total": 15000,
      "empirical_coverage": 0.9012
    },
    "10": {
      "coverage_mean": 0.9006000000000002,
      "coverage_std": 0.019596938536414314,
      "coverage_median": 0.899,
      "coverage_q25": 0.886,
      "coverage_q75": 0.916,
      "coverage_min": 0.86,
      "coverage_max": 0.942,
      "width_mean": 1.1427046846466618,
      "width_std": 0.03964364103783011,
      "width_median": 1.1428752347545759,
      "n_predictions_total": 15000,
      "empirical_coverage": 0.9006
    },
    "11": {
      "coverage_mean": 0.9003333333333334,
      "coverage_std": 0.015284705500016108,
      "coverage_median": 0.901,
      "coverage_q25": 0.891,
      "coverage_q75": 0.9115,
      "coverage_min": 0.87,
      "coverage_max": 0.93,
      "width_mean": 1.107835489344841,
      "width_std": 0.027895032537186646,
      "width_median": 1.1098645681956565,
      "n_predictions_total": 15000,
      "empirical_coverage": 0.9003333333333333
    },
    "12": {
      "coverage_mean": 0.8966000000000001,
      "coverage_std": 0.013761298388354699,
      "coverage_median": 0.894,
      "coverage_q25": 0.888,
      "coverage_q75": 0.904,
      "coverage_min": 0.868,
      "coverage_max": 0.926,
      "width_mean": 1.0672003235418848,
      "width_std": 0.033695292466416345,
      "width_median": 1.0645917962996765,
      "n_predictions_total": 15000,
      "empirical_coverage": 0.8966
    },
    "13": {
      "coverage_mean": 0.8993333333333334,
      "coverage_std": 0.017438144651564555,
      "coverage_median": 0.898,
      "coverage_q25": 0.89,
      "coverage_q75": 0.913,
      "coverage_min": 0.866,
      "coverage_max": 0.934,
      "width_mean": 1.0403427937088852,
      "width_std": 0.0354760815822829,
      "width_median": 1.0417836737406074,
      "n_predictions_total": 15000,
      "empirical_coverage": 0.8993333333333333
    },
    "14": {
      "coverage_mean": 0.8944666666666667,
      "coverage_std": 0.014775505255508385,
      "coverage_median": 0.894,
      "coverage_q25": 0.8845000000000001,
      "coverage_q75": 0.9075,
      "coverage_min": 0.862,
      "coverage_max": 0.922,
      "width_mean": 1.0111156766423495,
      "width_std": 0.030146618307251634,
      "width_median": 1.016467533668545,
      "n_predictions_total": 15000,
      "empirical_coverage": 0.8944666666666666
    },
    "15": {
      "coverage_mean": 0.8989999999999999,
      "coverage_std": 0.015334057953892498,
      "coverage_median": 0.902,
      "coverage_q25": 0.889,
      "coverage_q75": 0.908,
      "coverage_min": 0.866,
      "coverage_max": 0.934,
      "width_mean": 0.9874794634243553,
      "width_std": 0.02678290299113198,
      "width_median": 0.9875626527420013,
      "n_predictions_total": 15000,
      "empirical_coverage": 0.899
    },
    "16": {
      "coverage_mean": 0.9006666666666665,
      "coverage_std": 0.013945927322659075,
      "coverage_median": 0.9,
      "coverage_q25": 0.892,
      "coverage_q75": 0.908,
      "coverage_min": 0.878,