{
  "time_steps": [
    1,
    2,
    3,
    4,
    5,
    6,
    7,
    8,
    9,
    10,
    11,
    12,
    13,
    14,
    15,
    16,
    17,
    18,
    19,
    20
  ],
  "n_seeds": 30,
  "config": {
    "predictor": "algorithm",
    "n_series": 300,
    "n_train": 600,
    "n_cal": 600,
    "alpha": 0.1,
    "aci_stepsize": 0.005,
    "T": 20,
    "window_size": 800,
    "ar_coef": 0.7,
    "beta": 1.0,
    "noise_std": 0.2,
    "trend_coef": 0.0,
    "covariate_mode": "static",
    "with_shift": true,
    "use_lr": true,
    "weight_mode": "oracle_poisson",
    "covar_rate": 1.0,
    "covar_rate_shift": 2.0,
    "x_rate": 0.7,
    "x_trend": 0.0,
    "x_noise_std": 0.2,
    "x0_lambda": 1.0,
    "x_rate_shift": null,
    "x_trend_shift": null,
    "x_noise_std_shift": null,
    "x0_lambda_shift": null
  },
  "by_time": {
    "1": {
      "coverage_mean": 0.6642222222222223,
      "coverage_std": 0.022209996637039008,
      "coverage_median": 0.6666666666666666,
      "coverage_q25": 0.6575,
      "coverage_q75": 0.6758333333333333,
      "coverage_min": 0.59,
      "coverage_max": 0.72,
      "width_mean": 2.789920190915061,
      "width_std": 0.1887135566586422,
      "width_median": 2.77994076498775,
      "n_predictions_total": 9000,
      "empirical_coverage": 0.6642222222222223,
      "ess_mean": 600.0,
      "ess_std": 0.0
    },
    "2": {
      "coverage_mean": 0.9062222222222223,
      "coverage_std": 0.03172489772721842,
      "coverage_median": 0.91,
      "coverage_q25": 0.8791666666666667,
      "coverage_q75": 0.9291666666666667,
      "coverage_min": 0.8166666666666667,
      "coverage_max": 0.97,
      "width_mean": 3.7101896008116073,
      "width_std": 0.371944281862922,
      "width_median": 3.624024793962734,
      "n_predictions_total": 9000,
      "empirical_coverage": 0.9062222222222223,
      "ess_mean": 240.3333280780386,
      "ess_std": 41.833657901428225
    },
    "3": {
      "coverage_mean": 0.9151111111111111,
      "coverage_std": 0.03152580757426962,
      "coverage_median": 0.9133333333333333,
      "coverage_q25": 0.8908333333333334,
      "coverage_q75": 0.94,
      "coverage_min": 0.8466666666666667,
      "coverage_max": 0.9666666666666667,
      "width_mean": 1.9849097536271516,
      "width_std": 0.23090894411758073,
      "width_median": 1.9145533648290303,
      "n_predictions_total": 9000,
      "empirical_coverage": 0.9151111111111111,
      "ess_mean": 240.3333280780386,
      "ess_std": 41.833657901428225
    },
    "4": {
      "coverage_mean": 0.9015555555555557,
      "coverage_std": 0.029823348215206016,
      "coverage_median": 0.8999999999999999,
      "coverage_q25": 0.8808333333333334,
      "coverage_q75": 0.9225,
      "coverage_min": 0.8266666666666667,
      "coverage_max": 0.98,
      "width_mean": 1.3711863231522112,
      "width_std": 0.11848016211208529,
      "width_median": 1.351194890785108,
      "n_predictions_total": 9000,
      "empirical_coverage": 0.9015555555555556,
      "ess_mean": 240.3333280780386,
      "ess_std": 41.833657901428225
    },
    "5": {
      "coverage_mean": 0.9036666666666667,
      "coverage_std": 0.023701070455587867,
      "coverage_median": 0.905,
      "coverage_q25": 0.8875000000000001,
      "coverage_q75": 0.9158333333333333,
      "coverage_min": 0.8566666666666667,
      "coverage_max": 0.96,
      "width_mean": 1.24124460323005,
      "width_std": 0.0702855057228457,
      "width_median": 1.2459633201205893,
      "n_predictions_total": 9000,
      "empirical_coverage": 0.9036666666666666,
      "ess_mean": 240.3333280780386,
      "ess_std": 41.833657901428225
    },
    "6": {
      "coverage_mean": 0.9005555555555556,
      "coverage_std": 0.021065740720391617,
      "coverage_median": 0.8983333333333333,
      "coverage_q25": 0.8908333333333334,
      "coverage_q75": 0.9133333333333333,
      "coverage_min": 0.85,
      "coverage_max": 0.9433333333333334,
      "width_mean": 1.2140135311881828,
      "width_std": 0.05641899342120488,
      "width_median": 1.2269607885901026,
      "n_predictions_total": 9000,
      "empirical_coverage": 0.9005555555555556,
      "ess_mean": 240.3333280780386,
      "ess_std": 41.833657901428225
    },
    "7": {
      "coverage_mean": 0.9024444444444444,
      "coverage_std": 0.02673509738337912,
      "coverage_median": 0.9033333333333333,
      "coverage_q25": 0.8908333333333334,
      "coverage_q75": 0.9241666666666666,
      "coverage_min": 0.8133333333333334,
      "coverage_max": 0.94,
      "width_mean": 1.2072160724375043,
      "width_std": 0.055520013040665915,
      "width_median": 1.2163373982774346,
      "n_predictions_total": 9000,
      "empirical_coverage": 0.9024444444444445,
      "ess_mean": 240.3333280780386,
      "ess_std": 41.833657901428225
    },
    "8": {
      "coverage_mean": 0.9027777777777778,
      "coverage_std": 0.024329274141390106,
      "coverage_median": 0.9033333333333333,
      "coverage_q25": 0.8933333333333333,
      "coverage_q75": 0.9258333333333333,
      "coverage_min": 0.8533333333333334,
      "coverage_max": 0.9366666666666666,
      "width_mean": 1.1688171043838307,
      "width_std": 0.04922922294598198,
      "width_median": 1.1684510715602938,
      "n_predictions_total": 9000,
      "empirical_coverage": 0.9027777777777778,
      "ess_mean": 240.3333280780386,
      "ess_std": 41.833657901428225
    },
    "9": {
      "coverage_mean": 0.9047777777777779,
      "coverage_std": 0.022371995280696493,
      "coverage_median": 0.9033333333333333,
      "coverage_q25": 0.89,
      "coverage_q75": 0.9158333333333333,
      "coverage_min": 0.8733333333333333,
      "coverage_max": 0.95,
      "width_mean": 1.1391556391120077,
      "width_std": 0.05590119666144167,
      "width_median": 1.1189275936294074,
      "n_predictions_total": 9000,
      "empirical_coverage": 0.9047777777777778,
      "ess_mean": 240.3333280780386,
      "ess_std": 41.833657901428225
    },
    "10": {
      "coverage_mean": 0.8938888888888887,
      "coverage_std": 0.02439009108654325,
      "coverage_median": 0.8933333333333333,
      "coverage_q25": 0.8766666666666667,
      "coverage_q75": 0.9191666666666667,
      "coverage_min": 0.8533333333333334,
      "coverage_max": 0.9433333333333334,
      "width_mean": 1.1059901378694355,
      "width_std": 0.054801336680462776,
      "width_median": 1.113531283674042,
      "n_predictions_total": 9000,
      "empirical_coverage": 0.8938888888888888,
      "ess_mean": 240.3333280780386,
      "ess_std": 41.833657901428225
    },
    "11": {
      "coverage_mean": 0.8977777777777778,
      "coverage_std": 0.024785499544175443,
      "coverage_median": 0.9016666666666666,
      "coverage_q25": 0.875,
      "coverage_q75": 0.9133333333333333,
      "coverage_min": 0.8466666666666667,
      "coverage_max": 0.9433333333333334,
      "width_mean": 1.0629959199438033,
      "width_std": 0.0517949419392203,
      "width_median": 1.0594194100672798,
      "n_predictions_total": 9000,
      "empirical_coverage": 0.8977777777777778,
      "ess_mean": 240.3333280780386,
      "ess_std": 41.833657901428225
    },
    "12": {
      "coverage_mean": 0.9004444444444445,
      "coverage_std": 0.02856744240270904,
      "coverage_median": 0.905,
      "coverage_q25": 0.8875000000000001,
      "coverage_q75": 0.9191666666666667,
      "coverage_min": 0.8266666666666667,
      "coverage_max": 0.9466666666666667,
      "width_mean": 1.037455043634155,
      "width_std": 0.03453930722634715,
      "width_median": 1.0437367456811437,
      "n_predictions_total": 9000,
      "empirical_coverage": 0.9004444444444445,
      "ess_mean": 240.3333280780386,
      "ess_std": 41.833657901428225
    },
    "13": {
      "coverage_mean": 0.8924444444444446,
      "coverage_std": 0.025414101267010727,
      "coverage_median": 0.8966666666666666,
      "coverage_q25": 0.8816666666666667,
      "coverage_q75": 0.91,
      "coverage_min": 0.8333333333333334,