{
  "time_steps": [
    1,
    2,
    3,
    4,
    5,
    6,
    7,
    8,
    9,
    10,
    11,
    12,
    13,
    14,
    15,
    16,
    17,
    18,
    19,
    20,
    21,
    22,
    23,
    24,
    25,
    26,
    27,
    28,
    29,
    30,
    31,
    32,
    33,
    34,
    35,
    36,
    37,
    38,
    39,
    40
  ],
  "n_seeds": 30,
  "config": {
    "predictor": "algorithm",
    "n_series": 500,
    "n_train": 1000,
    "n_cal": 1000,
    "alpha": 0.1,
    "aci_stepsize": 0.0,
    "T": 40,
    "window_size": 800,
    "ar_coef": 0.7,
    "beta": 1.0,
    "noise_std": 0.2,
    "trend_coef": 0.0,
    "covariate_mode": "static",
    "with_shift": false,
    "use_lr": true,
    "covar_rate": 1.0,
    "covar_rate_shift": 2.0,
    "x_rate": 0.7,
    "x_trend": 0.0,
    "x_noise_std": 0.2,
    "x0_lambda": 1.0,
    "x_rate_shift": null,
    "x_trend_shift": null,
    "x_noise_std_shift": null,
    "x0_lambda_shift": null
  },
  "by_time": {
    "1": {
      "coverage_mean": 0.8947333333333333,
      "coverage_std": 0.018550711277169115,
      "coverage_median": 0.893,
      "coverage_q25": 0.881,
      "coverage_q75": 0.9105000000000001,
      "coverage_min": 0.852,
      "coverage_max": 0.932,
      "width_mean": 2.75777211393703,
      "width_std": 0.11390317200419832,
      "width_median": 2.732364191816763,
      "n_predictions_total": 15000,
      "empirical_coverage": 0.8947333333333334
    },
    "2": {
      "coverage_mean": 0.8984666666666666,
      "coverage_std": 0.013737378045156793,
      "coverage_median": 0.9,
      "coverage_q25": 0.888,
      "coverage_q75": 0.9095,
      "coverage_min": 0.87,
      "coverage_max": 0.918,
      "width_mean": 2.377197116557866,
      "width_std": 0.0740072645497938,
      "width_median": 2.385044897624913,
      "n_predictions_total": 15000,
      "empirical_coverage": 0.8984666666666666
    },
    "3": {
      "coverage_mean": 0.8993333333333332,
      "coverage_std": 0.017688665548562153,
      "coverage_median": 0.899,
      "coverage_q25": 0.8885000000000001,
      "coverage_q75": 0.9135,
      "coverage_min": 0.862,
      "coverage_max": 0.93,
      "width_mean": 1.7793817071473357,
      "width_std": 0.06766640924999695,
      "width_median": 1.7829761930018497,
      "n_predictions_total": 15000,
      "empirical_coverage": 0.8993333333333333
    },
    "4": {
      "coverage_mean": 0.8928,
      "coverage_std": 0.016489188377034628,
      "coverage_median": 0.893,
      "coverage_q25": 0.879,
      "coverage_q75": 0.9035,
      "coverage_min": 0.868,
      "coverage_max": 0.936,
      "width_mean": 1.5191514921801206,
      "width_std": 0.0711686296203508,
      "width_median": 1.5215073475945697,
      "n_predictions_total": 15000,
      "empirical_coverage": 0.8928
    },
    "5": {
      "coverage_mean": 0.8982,
      "coverage_std": 0.011067670637190717,
      "coverage_median": 0.899,
      "coverage_q25": 0.892,
      "coverage_q75": 0.908,
      "coverage_min": 0.874,
      "coverage_max": 0.916,
      "width_mean": 1.410554007395458,
      "width_std": 0.04987967762390555,
      "width_median": 1.4100382201032446,
      "n_predictions_total": 15000,
      "empirical_coverage": 0.8982
    },
    "6": {
      "coverage_mean": 0.9041999999999999,
      "coverage_std": 0.01704386497638765,
      "coverage_median": 0.905,
      "coverage_q25": 0.893,
      "coverage_q75": 0.9155,
      "coverage_min": 0.868,
      "coverage_max": 0.94,
      "width_mean": 1.3360067132776352,
      "width_std": 0.04776595811208986,
      "width_median": 1.3412081086519372,
      "n_predictions_total": 15000,
      "empirical_coverage": 0.9042
    },
    "7": {
      "coverage_mean": 0.8993999999999999,
      "coverage_std": 0.016979595597854127,
      "coverage_median": 0.899,
      "coverage_q25": 0.8885000000000001,
      "coverage_q75": 0.9095,
      "coverage_min": 0.862,
      "coverage_max": 0.93,
      "width_mean": 1.283380781692333,
      "width_std": 0.0424874003224545,
      "width_median": 1.2816392975980946,
      "n_predictions_total": 15000,
      "empirical_coverage": 0.8994
    },
    "8": {
      "coverage_mean": 0.8962666666666669,
      "coverage_std": 0.016992024272843107,
      "coverage_median": 0.898,
      "coverage_q25": 0.8885000000000001,
      "coverage_q75": 0.9095,
      "coverage_min": 0.85,
      "coverage_max": 0.922,
      "width_mean": 1.2226665270263555,
      "width_std": 0.03181832801945223,
      "width_median": 1.2253036382044493,
      "n_predictions_total": 15000,
      "empirical_coverage": 0.8962666666666667
    },
    "9": {
      "coverage_mean": 0.899666666666667,
      "coverage_std": 0.013594933696867468,
      "coverage_median": 0.901,
      "coverage_q25": 0.891,
      "coverage_q75": 0.9095,
      "coverage_min": 0.866,
      "coverage_max": 0.922,
      "width_mean": 1.1796937605291895,
      "width_std": 0.04046613840144598,
      "width_median": 1.1815299569649702,
      "n_predictions_total": 15000,
      "empirical_coverage": 0.8996666666666666
    },
    "10": {
      "coverage_mean": 0.9019333333333334,
      "coverage_std": 0.019741552342429643,
      "coverage_median": 0.899,
      "coverage_q25": 0.886,
      "coverage_q75": 0.9195,
      "coverage_min": 0.86,
      "coverage_max": 0.942,
      "width_mean": 1.1423023927914309,
      "width_std": 0.03965445630494585,
      "width_median": 1.1421061539669446,
      "n_predictions_total": 15000,
      "empirical_coverage": 0.9019333333333334
    },
    "11": {
      "coverage_mean": 0.9003333333333333,
      "coverage_std": 0.015552777529717619,
      "coverage_median": 0.9,
      "coverage_q25": 0.8915,
      "coverage_q75": 0.911,
      "coverage_min": 0.868,
      "coverage_max": 0.93,
      "width_mean": 1.1076888360521542,
      "width_std": 0.02766551247251756,
      "width_median": 1.1104630488490561,
      "n_predictions_total": 15000,
      "empirical_coverage": 0.9003333333333333
    },
    "12": {
      "coverage_mean": 0.8962666666666667,
      "coverage_std": 0.014130188329326067,
      "coverage_median": 0.895,
      "coverage_q25": 0.8885000000000001,
      "coverage_q75": 0.904,
      "coverage_min": 0.866,
      "coverage_max": 0.926,
      "width_mean": 1.0658567432930008,
      "width_std": 0.033325905413923364,
      "width_median": 1.0637651446872805,
      "n_predictions_total": 15000,
      "empirical_coverage": 0.8962666666666667
    },
    "13": {
      "coverage_mean": 0.8994666666666666,
      "coverage_std": 0.017095288499726743,
      "coverage_median": 0.898,
      "coverage_q25": 0.89,
      "coverage_q75": 0.912,
      "coverage_min": 0.866,
      "coverage_max": 0.932,
      "width_mean": 1.0402213950712964,
      "width_std": 0.03515993149156671,
      "width_median": 1.0415848249735504,
      "n_predictions_total": 15000,
      "empirical_coverage": 0.8994666666666666
    },
    "14": {
      "coverage_mean": 0.8942666666666668,
      "coverage_std": 0.013930621745716253,
      "coverage_median": 0.894,
      "coverage_q25": 0.8845000000000001,
      "coverage_q75": 0.905,
      "coverage_min": 0.862,
      "coverage_max": 0.92,
      "width_mean": 1.0105017779287016,
      "width_std": 0.030218889347804145,
      "width_median": 1.0140561187419455,
      "n_predictions_total": 15000,
      "empirical_coverage": 0.8942666666666667
    },
    "15": {
      "coverage_mean": 0.8982,
      "coverage_std": 0.01582698118193529,
      "coverage_median": 0.903,
      "coverage_q25": 0.888,
      "coverage_q75": 0.9075,
      "coverage_min": 0.864,
      "coverage_max": 0.934,
      "width_mean": 0.9867826568663826,
      "width_std": 0.027253907833340547,
      "width_median": 0.9874831358886866,
      "n_predictions_total": 15000,
      "empirical_coverage": 0.8982
    },
    "16": {
      "coverage_mean": 0.9003333333333334,
      "coverage_std": 0.014142921276109211,
      "coverage_median": 0.9,
      "coverage_q25": 0.8885000000000001,