{
  "time_steps": [
    1,
    2,
    3,
    4,
    5,
    6,
    7,
    8,
    9,
    10,
    11,
    12,
    13,
    14,
    15,
    16,
    17,
    18,
    19,
    20
  ],
  "n_seeds": 30,
  "config": {
    "predictor": "algorithm",
    "n_series": 300,
    "n_train": 600,
    "n_cal": 600,
    "alpha": 0.1,
    "aci_stepsize": 0.005,
    "T": 20,
    "window_size": 800,
    "ar_coef": 0.7,
    "beta": 1.0,
    "noise_std": 0.2,
    "trend_coef": 0.0,
    "covariate_mode": "static",
    "with_shift": true,
    "use_lr": true,
    "weight_mode": "oracle_poisson",
    "oracle_clip_factor": 5.0,
    "covar_rate": 1.0,
    "covar_rate_shift": 2.0,
    "x_rate": 0.7,
    "x_trend": 0.0,
    "x_noise_std": 0.2,
    "x0_lambda": 1.0,
    "x_rate_shift": null,
    "x_trend_shift": null,
    "x_noise_std_shift": null,
    "x0_lambda_shift": null
  },
  "by_time": {
    "1": {
      "coverage_mean": 0.6642222222222223,
      "coverage_std": 0.022209996637039008,
      "coverage_median": 0.6666666666666666,
      "coverage_q25": 0.6575,
      "coverage_q75": 0.6758333333333333,
      "coverage_min": 0.59,
      "coverage_max": 0.72,
      "width_mean": 2.789920190915061,
      "width_std": 0.1887135566586422,
      "width_median": 2.77994076498775,
      "n_predictions_total": 9000,
      "empirical_coverage": 0.6642222222222223,
      "ess_mean": 600.0,
      "ess_std": 0.0
    },
    "2": {
      "coverage_mean": 0.8703333333333333,
      "coverage_std": 0.03142716447067196,
      "coverage_median": 0.87,
      "coverage_q25": 0.8516666666666667,
      "coverage_q75": 0.8933333333333333,
      "coverage_min": 0.7933333333333333,
      "coverage_max": 0.9266666666666666,
      "width_mean": 3.27113447098222,
      "width_std": 0.31932822054435567,
      "width_median": 3.235525855187534,
      "n_predictions_total": 9000,
      "empirical_coverage": 0.8703333333333333,
      "ess_mean": 240.3333280780386,
      "ess_std": 41.833657901428225
    },
    "3": {
      "coverage_mean": 0.8797777777777779,
      "coverage_std": 0.02561731667408292,
      "coverage_median": 0.88,
      "coverage_q25": 0.8641666666666666,
      "coverage_q75": 0.8966666666666666,
      "coverage_min": 0.8366666666666667,
      "coverage_max": 0.9333333333333333,
      "width_mean": 1.7819585533768874,
      "width_std": 0.13798498310019613,
      "width_median": 1.7482514793101236,
      "n_predictions_total": 9000,
      "empirical_coverage": 0.8797777777777778,
      "ess_mean": 240.3333280780386,
      "ess_std": 41.833657901428225
    },
    "4": {
      "coverage_mean": 0.8953333333333333,
      "coverage_std": 0.020085004540885906,
      "coverage_median": 0.895,
      "coverage_q25": 0.8808333333333334,
      "coverage_q75": 0.9091666666666667,
      "coverage_min": 0.8366666666666667,
      "coverage_max": 0.9333333333333333,
      "width_mean": 1.3416297002572881,
      "width_std": 0.056124445944855536,
      "width_median": 1.3448767186017303,
      "n_predictions_total": 9000,
      "empirical_coverage": 0.8953333333333333,
      "ess_mean": 240.3333280780386,
      "ess_std": 41.833657901428225
    },
    "5": {
      "coverage_mean": 0.9064444444444445,
      "coverage_std": 0.022376133670156048,
      "coverage_median": 0.905,
      "coverage_q25": 0.8908333333333334,
      "coverage_q75": 0.9191666666666667,
      "coverage_min": 0.8566666666666667,
      "coverage_max": 0.96,
      "width_mean": 1.2512801689631659,
      "width_std": 0.06577714562773161,
      "width_median": 1.2618317545483713,
      "n_predictions_total": 9000,
      "empirical_coverage": 0.9064444444444445,
      "ess_mean": 240.3333280780386,
      "ess_std": 41.833657901428225
    },
    "6": {
      "coverage_mean": 0.9052222222222225,
      "coverage_std": 0.01962015844186664,
      "coverage_median": 0.905,
      "coverage_q25": 0.8941666666666667,
      "coverage_q75": 0.9166666666666666,
      "coverage_min": 0.8666666666666667,
      "coverage_max": 0.9433333333333334,
      "width_mean": 1.226222612653411,
      "width_std": 0.054578765833418766,
      "width_median": 1.2380430588349778,
      "n_predictions_total": 9000,
      "empirical_coverage": 0.9052222222222223,
      "ess_mean": 240.3333280780386,
      "ess_std": 41.833657901428225
    },
    "7": {
      "coverage_mean": 0.9054444444444445,
      "coverage_std": 0.025025665837641247,
      "coverage_median": 0.91,
      "coverage_q25": 0.8908333333333334,
      "coverage_q75": 0.925,
      "coverage_min": 0.8233333333333334,
      "coverage_max": 0.9433333333333334,
      "width_mean": 1.2162730365038354,
      "width_std": 0.048232650444893437,
      "width_median": 1.2235652371155683,
      "n_predictions_total": 9000,
      "empirical_coverage": 0.9054444444444445,
      "ess_mean": 240.3333280780386,
      "ess_std": 41.833657901428225
    },
    "8": {
      "coverage_mean": 0.9067777777777779,
      "coverage_std": 0.023951855001746552,
      "coverage_median": 0.9066666666666666,
      "coverage_q25": 0.8941666666666667,
      "coverage_q75": 0.9258333333333333,
      "coverage_min": 0.8566666666666667,
      "coverage_max": 0.9466666666666667,
      "width_mean": 1.1786583456159232,
      "width_std": 0.04666586860587071,
      "width_median": 1.1808184545659908,
      "n_predictions_total": 9000,
      "empirical_coverage": 0.9067777777777778,
      "ess_mean": 240.3333280780386,
      "ess_std": 41.833657901428225
    },
    "9": {
      "coverage_mean": 0.9067777777777778,
      "coverage_std": 0.020321186414280806,
      "coverage_median": 0.9083333333333333,
      "coverage_q25": 0.8933333333333333,
      "coverage_q75": 0.9166666666666666,
      "coverage_min": 0.87,
      "coverage_max": 0.95,
      "width_mean": 1.1447178725031446,
      "width_std": 0.043080364206820314,
      "width_median": 1.1330985490813976,
      "n_predictions_total": 9000,
      "empirical_coverage": 0.9067777777777778,
      "ess_mean": 240.3333280780386,
      "ess_std": 41.833657901428225
    },
    "10": {
      "coverage_mean": 0.8981111111111112,
      "coverage_std": 0.023056827274163656,
      "coverage_median": 0.8983333333333333,
      "coverage_q25": 0.8866666666666667,
      "coverage_q75": 0.92,
      "coverage_min": 0.8533333333333334,
      "coverage_max": 0.9433333333333334,
      "width_mean": 1.1166212436523213,
      "width_std": 0.05235919287351112,
      "width_median": 1.1273675260411955,
      "n_predictions_total": 9000,
      "empirical_coverage": 0.8981111111111111,
      "ess_mean": 240.3333280780386,
      "ess_std": 41.833657901428225
    },
    "11": {
      "coverage_mean": 0.902,
      "coverage_std": 0.024968127831445572,
      "coverage_median": 0.9033333333333333,
      "coverage_q25": 0.8841666666666667,
      "coverage_q75": 0.9166666666666666,
      "coverage_min": 0.8533333333333334,
      "coverage_max": 0.9466666666666667,
      "width_mean": 1.0731869583847997,
      "width_std": 0.04926459364132024,
      "width_median": 1.067967345078656,
      "n_predictions_total": 9000,
      "empirical_coverage": 0.902,
      "ess_mean": 240.3333280780386,
      "ess_std": 41.833657901428225
    },
    "12": {
      "coverage_mean": 0.9032222222222221,
      "coverage_std": 0.02760144029163768,
      "coverage_median": 0.91,
      "coverage_q25": 0.8908333333333334,
      "coverage_q75": 0.9208333333333334,
      "coverage_min": 0.83,
      "coverage_max": 0.9466666666666667,
      "width_mean": 1.045103665870153,
      "width_std": 0.030679115359552207,
      "width_median": 1.0449107979088257,
      "n_predictions_total": 9000,
      "empirical_coverage": 0.9032222222222223,
      "ess_mean": 240.3333280780386,
      "ess_std": 41.833657901428225
    },
    "13": {
      "coverage_mean": 0.896,
      "coverage_std": 0.021932556554971807,
      "coverage_median": 0.9,
      "coverage_q25": 0.8833333333333333,
      "coverage_q75": 0.9133333333333333,
      "coverage_min": 0.8466666666666667,