{
  "time_steps": [
    1,
    2,
    3,
    4,
    5,
    6,
    7,
    8,
    9,
    10,
    11,
    12,
    13,
    14,
    15,
    16,
    17,
    18,
    19,
    20,
    21,
    22,
    23,
    24,
    25,
    26,
    27,
    28,
    29,
    30,
    31,
    32,
    33,
    34,
    35,
    36,
    37,
    38,
    39,
    40
  ],
  "n_seeds": 30,
  "config": {
    "predictor": "algorithm",
    "n_series": 500,
    "n_train": 1000,
    "n_cal": 1000,
    "alpha": 0.1,
    "aci_stepsize": 0.005,
    "T": 40,
    "window_size": 800,
    "ar_coef": 0.7,
    "beta": 1.0,
    "noise_std": 0.2,
    "trend_coef": 0.0,
    "covariate_mode": "static",
    "with_shift": false,
    "use_lr": false,
    "covar_rate": 1.0,
    "covar_rate_shift": 2.0,
    "x_rate": 0.7,
    "x_trend": 0.0,
    "x_noise_std": 0.2,
    "x0_lambda": 1.0,
    "x_rate_shift": null,
    "x_trend_shift": null,
    "x_noise_std_shift": null,
    "x0_lambda_shift": null
  },
  "by_time": {
    "1": {
      "coverage_mean": 0.8947333333333333,
      "coverage_std": 0.018550711277169115,
      "coverage_median": 0.893,
      "coverage_q25": 0.881,
      "coverage_q75": 0.9105000000000001,
      "coverage_min": 0.852,
      "coverage_max": 0.932,
      "width_mean": 2.75777211393703,
      "width_std": 0.11390317200419832,
      "width_median": 2.732364191816763,
      "n_predictions_total": 15000,
      "empirical_coverage": 0.8947333333333334
    },
    "2": {
      "coverage_mean": 0.8983333333333333,
      "coverage_std": 0.014208760990631421,
      "coverage_median": 0.901,
      "coverage_q25": 0.892,
      "coverage_q75": 0.9075,
      "coverage_min": 0.866,
      "coverage_max": 0.922,
      "width_mean": 2.370564110458747,
      "width_std": 0.06366637827904771,
      "width_median": 2.3853616823910997,
      "n_predictions_total": 15000,
      "empirical_coverage": 0.8983333333333333
    },
    "3": {
      "coverage_mean": 0.8998666666666666,
      "coverage_std": 0.017327691389475094,
      "coverage_median": 0.898,
      "coverage_q25": 0.8905000000000001,
      "coverage_q75": 0.912,
      "coverage_min": 0.862,
      "coverage_max": 0.93,
      "width_mean": 1.7793204061748722,
      "width_std": 0.06500483605293512,
      "width_median": 1.7837010750827145,
      "n_predictions_total": 15000,
      "empirical_coverage": 0.8998666666666667
    },
    "4": {
      "coverage_mean": 0.8937333333333335,
      "coverage_std": 0.014493523457814617,
      "coverage_median": 0.892,
      "coverage_q25": 0.882,
      "coverage_q75": 0.9035,
      "coverage_min": 0.87,
      "coverage_max": 0.928,
      "width_mean": 1.521437877384504,
      "width_std": 0.06266520850044408,
      "width_median": 1.522994539238631,
      "n_predictions_total": 15000,
      "empirical_coverage": 0.8937333333333334
    },
    "5": {
      "coverage_mean": 0.8993333333333333,
      "coverage_std": 0.011734090884635636,
      "coverage_median": 0.902,
      "coverage_q25": 0.8885000000000001,
      "coverage_q75": 0.908,
      "coverage_min": 0.872,
      "coverage_max": 0.922,
      "width_mean": 1.4127747561518886,
      "width_std": 0.04553484163565775,
      "width_median": 1.4093076879224924,
      "n_predictions_total": 15000,
      "empirical_coverage": 0.8993333333333333
    },
    "6": {
      "coverage_mean": 0.9042000000000002,
      "coverage_std": 0.015852234332526555,
      "coverage_median": 0.905,
      "coverage_q25": 0.894,
      "coverage_q75": 0.916,
      "coverage_min": 0.87,
      "coverage_max": 0.938,
      "width_mean": 1.3369960691631353,
      "width_std": 0.04455540795468803,
      "width_median": 1.3401653686902395,
      "n_predictions_total": 15000,
      "empirical_coverage": 0.9042
    },
    "7": {
      "coverage_mean": 0.9000666666666668,
      "coverage_std": 0.01687983675539812,
      "coverage_median": 0.898,
      "coverage_q25": 0.89,
      "coverage_q75": 0.9115,
      "coverage_min": 0.866,
      "coverage_max": 0.932,
      "width_mean": 1.2841581210590673,
      "width_std": 0.04017353159404771,
      "width_median": 1.2816495348096681,
      "n_predictions_total": 15000,
      "empirical_coverage": 0.9000666666666667
    },
    "8": {
      "coverage_mean": 0.8957333333333335,
      "coverage_std": 0.016303237578945966,
      "coverage_median": 0.896,
      "coverage_q25": 0.8885000000000001,
      "coverage_q75": 0.908,
      "coverage_min": 0.852,
      "coverage_max": 0.918,
      "width_mean": 1.2231815444890335,
      "width_std": 0.03014700410571849,
      "width_median": 1.226929721123605,
      "n_predictions_total": 15000,
      "empirical_coverage": 0.8957333333333334
    },
    "9": {
      "coverage_mean": 0.9006666666666667,
      "coverage_std": 0.0131993265821489,
      "coverage_median": 0.903,
      "coverage_q25": 0.894,
      "coverage_q75": 0.908,
      "coverage_min": 0.866,
      "coverage_max": 0.922,
      "width_mean": 1.1804508196762322,
      "width_std": 0.039146390289438525,
      "width_median": 1.1809228677101058,
      "n_predictions_total": 15000,
      "empirical_coverage": 0.9006666666666666
    },
    "10": {
      "coverage_mean": 0.9005333333333335,
      "coverage_std": 0.019445193636360526,
      "coverage_median": 0.899,
      "coverage_q25": 0.886,
      "coverage_q75": 0.916,
      "coverage_min": 0.86,
      "coverage_max": 0.942,
      "width_mean": 1.1427652315009225,
      "width_std": 0.038746568997282745,
      "width_median": 1.1429896910738089,
      "n_predictions_total": 15000,
      "empirical_coverage": 0.9005333333333333
    },
    "11": {
      "coverage_mean": 0.9004666666666666,
      "coverage_std": 0.015480597174814974,
      "coverage_median": 0.901,
      "coverage_q25": 0.8925000000000001,
      "coverage_q75": 0.9115,
      "coverage_min": 0.87,
      "coverage_max": 0.93,
      "width_mean": 1.1078110641534258,
      "width_std": 0.027823358748386307,
      "width_median": 1.1094698798294191,
      "n_predictions_total": 15000,
      "empirical_coverage": 0.9004666666666666
    },
    "12": {
      "coverage_mean": 0.8968000000000002,
      "coverage_std": 0.013910188112794654,
      "coverage_median": 0.895,
      "coverage_q25": 0.888,
      "coverage_q75": 0.9035,
      "coverage_min": 0.868,
      "coverage_max": 0.926,
      "width_mean": 1.06754457966024,
      "width_std": 0.03320445279292637,
      "width_median": 1.0641229342897165,
      "n_predictions_total": 15000,
      "empirical_coverage": 0.8968
    },
    "13": {
      "coverage_mean": 0.9000000000000001,
      "coverage_std": 0.016780941570722442,
      "coverage_median": 0.898,
      "coverage_q25": 0.89,
      "coverage_q75": 0.9125000000000001,
      "coverage_min": 0.872,
      "coverage_max": 0.934,
      "width_mean": 1.0406725264083707,
      "width_std": 0.0342054594252393,
      "width_median": 1.0403734799918989,
      "n_predictions_total": 15000,
      "empirical_coverage": 0.9
    },
    "14": {
      "coverage_mean": 0.8944,
      "coverage_std": 0.014987995196156168,
      "coverage_median": 0.894,
      "coverage_q25": 0.8845000000000001,
      "coverage_q75": 0.908,
      "coverage_min": 0.862,
      "coverage_max": 0.922,
      "width_mean": 1.0110162478088156,
      "width_std": 0.029716259460801243,
      "width_median": 1.0159843987857489,
      "n_predictions_total": 15000,
      "empirical_coverage": 0.8944
    },
    "15": {
      "coverage_mean": 0.8993333333333333,
      "coverage_std": 0.01595270788577567,
      "coverage_median": 0.902,
      "coverage_q25": 0.89,
      "coverage_q75": 0.908,
      "coverage_min": 0.866,
      "coverage_max": 0.934,
      "width_mean": 0.9880818738710174,
      "width_std": 0.026835396557208437,
      "width_median": 0.9894504107987727,
      "n_predictions_total": 15000,
      "empirical_coverage": 0.8993333333333333
    },
    "16": {
      "coverage_mean": 0.9007333333333333,
      "coverage_std": 0.01409002799460984,
      "coverage_median": 0.9,