{
  "time_steps": [
    1,
    2,
    3,
    4,
    5,
    6,
    7,
    8,
    9,
    10,
    11,
    12,
    13,
    14,
    15,
    16,
    17,
    18,
    19,
    20,
    21,
    22,
    23,
    24,
    25,
    26,
    27,
    28,
    29,
    30,
    31,
    32,
    33,
    34,
    35,
    36,
    37,
    38,
    39,
    40
  ],
  "n_seeds": 30,
  "config": {
    "predictor": "algorithm",
    "n_series": 500,
    "n_train": 1000,
    "n_cal": 1000,
    "alpha": 0.1,
    "aci_stepsize": 0.005,
    "T": 40,
    "window_size": 800,
    "ar_coef": 0.7,
    "beta": 1.0,
    "noise_std": 0.2,
    "trend_coef": 0.0,
    "covariate_mode": "dynamic",
    "with_shift": true,
    "use_lr": true,
    "covar_rate": 1.0,
    "covar_rate_shift": 2.0,
    "x_rate": 0.6,
    "x_trend": 0.0,
    "x_noise_std": 0.2,
    "x0_lambda": 1.0,
    "x_rate_shift": 0.9,
    "x_trend_shift": null,
    "x_noise_std_shift": null,
    "x0_lambda_shift": null
  },
  "by_time": {
    "1": {
      "coverage_mean": 0.8989333333333334,
      "coverage_std": 0.01310199306297414,
      "coverage_median": 0.901,
      "coverage_q25": 0.8905000000000001,
      "coverage_q75": 0.908,
      "coverage_min": 0.866,
      "coverage_max": 0.926,
      "width_mean": 2.733352362609675,
      "width_std": 0.078374867331671,
      "width_median": 2.722327240697193,
      "n_predictions_total": 15000,
      "empirical_coverage": 0.8989333333333334
    },
    "2": {
      "coverage_mean": 0.8081333333333334,
      "coverage_std": 0.022526626220739043,
      "coverage_median": 0.807,
      "coverage_q25": 0.791,
      "coverage_q75": 0.828,
      "coverage_min": 0.762,
      "coverage_max": 0.848,
      "width_mean": 1.985012226048147,
      "width_std": 0.058828670350782854,
      "width_median": 1.9862377597188445,
      "n_predictions_total": 15000,
      "empirical_coverage": 0.8081333333333334
    },
    "3": {
      "coverage_mean": 0.7829333333333334,
      "coverage_std": 0.024236244666935424,
      "coverage_median": 0.789,
      "coverage_q25": 0.7705,
      "coverage_q75": 0.7955000000000001,
      "coverage_min": 0.732,
      "coverage_max": 0.838,
      "width_mean": 1.633099023691489,
      "width_std": 0.07105171803652022,
      "width_median": 1.653123010073859,
      "n_predictions_total": 15000,
      "empirical_coverage": 0.7829333333333334
    },
    "4": {
      "coverage_mean": 0.7955333333333333,
      "coverage_std": 0.021760412577788022,
      "coverage_median": 0.793,
      "coverage_q25": 0.78,
      "coverage_q75": 0.8035000000000001,
      "coverage_min": 0.76,
      "coverage_max": 0.854,
      "width_mean": 1.5373365142242748,
      "width_std": 0.05431315189223694,
      "width_median": 1.5413422695069952,
      "n_predictions_total": 15000,
      "empirical_coverage": 0.7955333333333333
    },
    "5": {
      "coverage_mean": 0.8173333333333334,
      "coverage_std": 0.024035159431318277,
      "coverage_median": 0.817,
      "coverage_q25": 0.8025,
      "coverage_q75": 0.828,
      "coverage_min": 0.77,
      "coverage_max": 0.878,
      "width_mean": 1.4868310254033,
      "width_std": 0.05698793611619641,
      "width_median": 1.4791645846473838,
      "n_predictions_total": 15000,
      "empirical_coverage": 0.8173333333333334
    },
    "6": {
      "coverage_mean": 0.8428666666666669,
      "coverage_std": 0.01919502250295344,
      "coverage_median": 0.848,
      "coverage_q25": 0.8305,
      "coverage_q75": 0.8554999999999999,
      "coverage_min": 0.798,
      "coverage_max": 0.888,
      "width_mean": 1.4699431478200216,
      "width_std": 0.04087163782494798,
      "width_median": 1.4654074708600304,
      "n_predictions_total": 15000,
      "empirical_coverage": 0.8428666666666667
    },
    "7": {
      "coverage_mean": 0.8399333333333334,
      "coverage_std": 0.017408682380416457,
      "coverage_median": 0.843,
      "coverage_q25": 0.826,
      "coverage_q75": 0.852,
      "coverage_min": 0.796,
      "coverage_max": 0.872,
      "width_mean": 1.3490261148033247,
      "width_std": 0.03718249955578246,
      "width_median": 1.3424654611920064,
      "n_predictions_total": 15000,
      "empirical_coverage": 0.8399333333333333
    },
    "8": {
      "coverage_mean": 0.8371333333333336,
      "coverage_std": 0.02002454049965246,
      "coverage_median": 0.838,
      "coverage_q25": 0.824,
      "coverage_q75": 0.85,
      "coverage_min": 0.802,
      "coverage_max": 0.878,
      "width_mean": 1.259685944129834,
      "width_std": 0.034726843251593593,
      "width_median": 1.2483009393857718,
      "n_predictions_total": 15000,
      "empirical_coverage": 0.8371333333333333
    },
    "9": {
      "coverage_mean": 0.8533999999999999,
      "coverage_std": 0.02036434793129079,
      "coverage_median": 0.852,
      "coverage_q25": 0.8345,
      "coverage_q75": 0.8694999999999999,
      "coverage_min": 0.816,
      "coverage_max": 0.892,
      "width_mean": 1.2197118666322146,
      "width_std": 0.0383512104021877,
      "width_median": 1.22875195287503,
      "n_predictions_total": 15000,
      "empirical_coverage": 0.8534
    },
    "10": {
      "coverage_mean": 0.8481333333333334,
      "coverage_std": 0.0192175845400913,
      "coverage_median": 0.844,
      "coverage_q25": 0.831,
      "coverage_q75": 0.86,
      "coverage_min": 0.82,
      "coverage_max": 0.896,
      "width_mean": 1.1639691045828593,
      "width_std": 0.03678371930071159,
      "width_median": 1.1642651694981472,
      "n_predictions_total": 15000,
      "empirical_coverage": 0.8481333333333333
    },
    "11": {
      "coverage_mean": 0.8568666666666667,
      "coverage_std": 0.01738722391745031,
      "coverage_median": 0.858,
      "coverage_q25": 0.848,
      "coverage_q75": 0.868,
      "coverage_min": 0.818,
      "coverage_max": 0.89,
      "width_mean": 1.1541500886962763,
      "width_std": 0.0328796527484681,
      "width_median": 1.147919366677502,
      "n_predictions_total": 15000,
      "empirical_coverage": 0.8568666666666667
    },
    "12": {
      "coverage_mean": 0.8753333333333334,
      "coverage_std": 0.02166615384008484,
      "coverage_median": 0.878,
      "coverage_q25": 0.8605,
      "coverage_q75": 0.89,
      "coverage_min": 0.824,
      "coverage_max": 0.912,
      "width_mean": 1.1656288746898291,
      "width_std": 0.055272074181426635,
      "width_median": 1.1624510513021933,
      "n_predictions_total": 15000,
      "empirical_coverage": 0.8753333333333333
    },
    "13": {
      "coverage_mean": 0.8679333333333332,
      "coverage_std": 0.02133843688954019,
      "coverage_median": 0.868,
      "coverage_q25": 0.855,
      "coverage_q75": 0.8815,
      "coverage_min": 0.82,
      "coverage_max": 0.912,
      "width_mean": 1.1370333275228726,
      "width_std": 0.04230965586807111,
      "width_median": 1.1242606673167033,
      "n_predictions_total": 15000,
      "empirical_coverage": 0.8679333333333333
    },
    "14": {
      "coverage_mean": 0.8693333333333332,
      "coverage_std": 0.023159351363014377,
      "coverage_median": 0.876,
      "coverage_q25": 0.862,
      "coverage_q75": 0.8835,
      "coverage_min": 0.798,
      "coverage_max": 0.902,
      "width_mean": 1.120338593757729,
      "width_std": 0.06176389230345584,
      "width_median": 1.1156787716996437,
      "n_predictions_total": 15000,
      "empirical_coverage": 0.8693333333333333
    },
    "15": {
      "coverage_mean": 0.8634000000000001,
      "coverage_std": 0.023330380765574043,
      "coverage_median": 0.868,
      "coverage_q25": 0.85,
      "coverage_q75": 0.8755,
      "coverage_min": 0.8,
      "coverage_max": 0.904,
      "width_mean": 1.1099935417458415,
      "width_std": 0.043700901700700436,
      "width_median": 1.1135591228914694,
      "n_predictions_total": 15000,
      "empirical_coverage": 0.8634
    },
    "16": {
      "coverage_mean": 0.8652,
      "coverage_std": 0.025822987175512194,
      "coverage_median": 0.864,