{
  "time_steps": [
    1,
    2,
    3,
    4,
    5,
    6,
    7,
    8,
    9,
    10,
    11,
    12,
    13,
    14,
    15,
    16,
    17,
    18,
    19,
    20
  ],
  "n_seeds": 10,
  "config": {
    "predictor": "algorithm",
    "n_series": 500,
    "n_train": 1000,
    "n_cal": 1000,
    "alpha": 0.1,
    "aci_stepsize": 0.005,
    "T": 20,
    "window_size": 800,
    "ar_coef": 0.7,
    "beta": 1.0,
    "noise_std": 0.2,
    "trend_coef": 0.0,
    "covariate_mode": "static",
    "with_shift": false,
    "covar_rate": 1.0,
    "covar_rate_shift": 2.0,
    "x_rate": 0.7,
    "x_trend": 0.0,
    "x_noise_std": 0.2,
    "x0_lambda": 1.0,
    "x_rate_shift": null,
    "x_trend_shift": null,
    "x_noise_std_shift": null,
    "x0_lambda_shift": null
  },
  "by_time": {
    "1": {
      "coverage_mean": 0.8938,
      "coverage_std": 0.01676782633497856,
      "coverage_median": 0.895,
      "coverage_q25": 0.886,
      "coverage_q75": 0.9015,
      "coverage_min": 0.858,
      "coverage_max": 0.928,
      "width_mean": 2.7675039302789055,
      "width_std": 0.09951773874897464,
      "width_median": 2.7559055601178906,
      "n_predictions_total": 5000,
      "empirical_coverage": 0.8938
    },
    "2": {
      "coverage_mean": 0.8924000000000001,
      "coverage_std": 0.015944905142395813,
      "coverage_median": 0.884,
      "coverage_q25": 0.881,
      "coverage_q75": 0.908,
      "coverage_min": 0.876,
      "coverage_max": 0.92,
      "width_mean": 2.355037678368837,
      "width_std": 0.07391405701070765,
      "width_median": 2.3332640312394997,
      "n_predictions_total": 5000,
      "empirical_coverage": 0.8924
    },
    "3": {
      "coverage_mean": 0.8962000000000001,
      "coverage_std": 0.012631706139710513,
      "coverage_median": 0.893,
      "coverage_q25": 0.887,
      "coverage_q75": 0.9065000000000001,
      "coverage_min": 0.878,
      "coverage_max": 0.918,
      "width_mean": 1.7607324429803721,
      "width_std": 0.05913876020922363,
      "width_median": 1.7612950206254547,
      "n_predictions_total": 5000,
      "empirical_coverage": 0.8962
    },
    "4": {
      "coverage_mean": 0.8962,
      "coverage_std": 0.013340164916521846,
      "coverage_median": 0.9,
      "coverage_q25": 0.889,
      "coverage_q75": 0.9055,
      "coverage_min": 0.872,
      "coverage_max": 0.914,
      "width_mean": 1.5038044657364567,
      "width_std": 0.06571626959782155,
      "width_median": 1.5124277281443808,
      "n_predictions_total": 5000,
      "empirical_coverage": 0.8962
    },
    "5": {
      "coverage_mean": 0.8976000000000001,
      "coverage_std": 0.017083325203250115,
      "coverage_median": 0.894,
      "coverage_q25": 0.887,
      "coverage_q75": 0.912,
      "coverage_min": 0.872,
      "coverage_max": 0.926,
      "width_mean": 1.3948741473682733,
      "width_std": 0.06807201334625261,
      "width_median": 1.3881665639830367,
      "n_predictions_total": 5000,
      "empirical_coverage": 0.8976
    },
    "6": {
      "coverage_mean": 0.8936,
      "coverage_std": 0.01493452376207559,
      "coverage_median": 0.888,
      "coverage_q25": 0.886,
      "coverage_q75": 0.895,
      "coverage_min": 0.882,
      "coverage_max": 0.936,
      "width_mean": 1.3183446395659701,
      "width_std": 0.05357513651716516,
      "width_median": 1.328954778533626,
      "n_predictions_total": 5000,
      "empirical_coverage": 0.8936
    },
    "7": {
      "coverage_mean": 0.8992000000000001,
      "coverage_std": 0.01587954659302338,
      "coverage_median": 0.902,
      "coverage_q25": 0.884,
      "coverage_q75": 0.912,
      "coverage_min": 0.874,
      "coverage_max": 0.92,
      "width_mean": 1.2708699519497677,
      "width_std": 0.04597207517917004,
      "width_median": 1.267484881214715,
      "n_predictions_total": 5000,
      "empirical_coverage": 0.8992
    },
    "8": {
      "coverage_mean": 0.8904,
      "coverage_std": 0.017106723824274493,
      "coverage_median": 0.885,
      "coverage_q25": 0.874,
      "coverage_q75": 0.906,
      "coverage_min": 0.872,
      "coverage_max": 0.918,
      "width_mean": 1.205726325659467,
      "width_std": 0.04741945928676817,
      "width_median": 1.2034942020290134,
      "n_predictions_total": 5000,
      "empirical_coverage": 0.8904
    },
    "9": {
      "coverage_mean": 0.9054,
      "coverage_std": 0.011490865937778589,
      "coverage_median": 0.905,
      "coverage_q25": 0.8975,
      "coverage_q75": 0.911,
      "coverage_min": 0.888,
      "coverage_max": 0.928,
      "width_mean": 1.17377094292697,
      "width_std": 0.03474347315084072,
      "width_median": 1.1738861949806216,
      "n_predictions_total": 5000,
      "empirical_coverage": 0.9054
    },
    "10": {
      "coverage_mean": 0.9048000000000002,
      "coverage_std": 0.019559141085436257,
      "coverage_median": 0.91,
      "coverage_q25": 0.8975,
      "coverage_q75": 0.9165000000000001,
      "coverage_min": 0.856,
      "coverage_max": 0.928,
      "width_mean": 1.137236567494849,
      "width_std": 0.04559949866732013,
      "width_median": 1.14051793809314,
      "n_predictions_total": 5000,
      "empirical_coverage": 0.9048
    },
    "11": {
      "coverage_mean": 0.8934000000000001,
      "coverage_std": 0.014312232530251887,
      "coverage_median": 0.895,
      "coverage_q25": 0.887,
      "coverage_q75": 0.901,
      "coverage_min": 0.862,
      "coverage_max": 0.918,
      "width_mean": 1.098848926440337,
      "width_std": 0.027364541888854906,
      "width_median": 1.0983960989475112,
      "n_predictions_total": 5000,
      "empirical_coverage": 0.8934
    },
    "12": {
      "coverage_mean": 0.8940000000000001,
      "coverage_std": 0.014028542333400156,
      "coverage_median": 0.899,
      "coverage_q25": 0.886,
      "coverage_q75": 0.9035,
      "coverage_min": 0.862,
      "coverage_max": 0.914,
      "width_mean": 1.0757089340246175,
      "width_std": 0.017648151981802966,
      "width_median": 1.08019226272922,
      "n_predictions_total": 5000,
      "empirical_coverage": 0.894
    },
    "13": {
      "coverage_mean": 0.8928,
      "coverage_std": 0.01861612204515217,
      "coverage_median": 0.894,
      "coverage_q25": 0.8865000000000001,
      "coverage_q75": 0.909,
      "coverage_min": 0.852,
      "coverage_max": 0.914,
      "width_mean": 1.0437511087073585,
      "width_std": 0.03957785943724416,
      "width_median": 1.040501173791757,
      "n_predictions_total": 5000,
      "empirical_coverage": 0.8928
    },
    "14": {
      "coverage_mean": 0.8958,
      "coverage_std": 0.013926952286842958,
      "coverage_median": 0.894,
      "coverage_q25": 0.8905000000000001,
      "coverage_q75": 0.9045000000000001,
      "coverage_min": 0.874,
      "coverage_max": 0.922,
      "width_mean": 1.0123483976438192,
      "width_std": 0.03638103608624299,
      "width_median": 1.0240645185420152,
      "n_predictions_total": 5000,
      "empirical_coverage": 0.8958
    },
    "15": {
      "coverage_mean": 0.8862,
      "coverage_std": 0.018813824704190286,
      "coverage_median": 0.886,
      "coverage_q25": 0.872,
      "coverage_q75": 0.8945000000000001,
      "coverage_min": 0.864,
      "coverage_max": 0.932,
      "width_mean": 0.9737026573216268,
      "width_std": 0.030532883069645394,
      "width_median": 0.961681420782991,
      "n_predictions_total": 5000,
      "empirical_coverage": 0.8862
    },
    "16": {
      "coverage_mean": 0.8881999999999998,
      "coverage_std": 0.01674395413276089,
      "coverage_median": 0.892,
      "coverage_q25": 0.8785000000000001,
      "coverage_q75": 0.8995,
      "coverage_min": 0.854,
      "coverage_max": 0.91,
      "width_mean": 0.9565824181702697,
      "width_std": 0.02403173789808932,
      "width_median": 0.9563215451173672,
      "n_predictions_total": 5000,
      "empirical_coverage": 0.8882
    },
    "17": {
      "coverage_mean": 0.8942,
      "coverage_std": 0.011435033887138254,