{
  "time_steps": [
    1,
    2,
    3,
    4,
    5,
    6,
    7,
    8,
    9,
    10,
    11,
    12,
    13,
    14,
    15,
    16,
    17,
    18,
    19,
    20,
    21,
    22,
    23,
    24,
    25,
    26,
    27,
    28,
    29,
    30,
    31,
    32,
    33,
    34,
    35,
    36,
    37,
    38,
    39,
    40
  ],
  "n_seeds": 30,
  "config": {
    "predictor": "algorithm",
    "n_series": 500,
    "n_train": 1000,
    "n_cal": 1000,
    "alpha": 0.1,
    "aci_stepsize": 0.005,
    "T": 40,
    "window_size": 800,
    "ar_coef": 0.7,
    "beta": 1.0,
    "noise_std": 0.2,
    "trend_coef": 0.0,
    "covariate_mode": "static",
    "with_shift": true,
    "use_lr": false,
    "covar_rate": 1.0,
    "covar_rate_shift": 2.0,
    "x_rate": 0.7,
    "x_trend": 0.0,
    "x_noise_std": 0.2,
    "x0_lambda": 1.0,
    "x_rate_shift": null,
    "x_trend_shift": null,
    "x_noise_std_shift": null,
    "x0_lambda_shift": null
  },
  "by_time": {
    "1": {
      "coverage_mean": 0.6588666666666667,
      "coverage_std": 0.027850473764172993,
      "coverage_median": 0.654,
      "coverage_q25": 0.6385000000000001,
      "coverage_q75": 0.6845,
      "coverage_min": 0.61,
      "coverage_max": 0.714,
      "width_mean": 2.75777211393703,
      "width_std": 0.1139031720041983,
      "width_median": 2.7323641918167634,
      "n_predictions_total": 15000,
      "empirical_coverage": 0.6588666666666667
    },
    "2": {
      "coverage_mean": 0.7480666666666665,
      "coverage_std": 0.02846510534359961,
      "coverage_median": 0.746,
      "coverage_q25": 0.7324999999999999,
      "coverage_q75": 0.762,
      "coverage_min": 0.678,
      "coverage_max": 0.802,
      "width_mean": 2.3771779800620725,
      "width_std": 0.06392274017619541,
      "width_median": 2.3922452027200514,
      "n_predictions_total": 15000,
      "empirical_coverage": 0.7480666666666667
    },
    "3": {
      "coverage_mean": 0.8814666666666665,
      "coverage_std": 0.024570623833259836,
      "coverage_median": 0.881,
      "coverage_q25": 0.8665,
      "coverage_q75": 0.8995,
      "coverage_min": 0.834,
      "coverage_max": 0.94,
      "width_mean": 1.7868317806802763,
      "width_std": 0.06405793089704134,
      "width_median": 1.7895847600417696,
      "n_predictions_total": 15000,
      "empirical_coverage": 0.8814666666666666
    },
    "4": {
      "coverage_mean": 0.9418,
      "coverage_std": 0.014323407415835071,
      "coverage_median": 0.943,
      "coverage_q25": 0.932,
      "coverage_q75": 0.9535,
      "coverage_min": 0.904,
      "coverage_max": 0.964,
      "width_mean": 1.5287922684510158,
      "width_std": 0.061628395628399314,
      "width_median": 1.529026796948598,
      "n_predictions_total": 15000,
      "empirical_coverage": 0.9418
    },
    "5": {
      "coverage_mean": 0.9479333333333334,
      "coverage_std": 0.010862575917136562,
      "coverage_median": 0.947,
      "coverage_q25": 0.9404999999999999,
      "coverage_q75": 0.954,
      "coverage_min": 0.928,
      "coverage_max": 0.972,
      "width_mean": 1.4184146667866089,
      "width_std": 0.04526608786626064,
      "width_median": 1.4144503584171542,
      "n_predictions_total": 15000,
      "empirical_coverage": 0.9479333333333333
    },
    "6": {
      "coverage_mean": 0.9402666666666665,
      "coverage_std": 0.013253762568501875,
      "coverage_median": 0.942,
      "coverage_q25": 0.932,
      "coverage_q75": 0.948,
      "coverage_min": 0.906,
      "coverage_max": 0.966,
      "width_mean": 1.3413491172244427,
      "width_std": 0.044170508756909796,
      "width_median": 1.3441146045244783,
      "n_predictions_total": 15000,
      "empirical_coverage": 0.9402666666666667
    },
    "7": {
      "coverage_mean": 0.9318666666666665,
      "coverage_std": 0.014103742608100687,
      "coverage_median": 0.933,
      "coverage_q25": 0.924,
      "coverage_q75": 0.9415,
      "coverage_min": 0.892,
      "coverage_max": 0.954,
      "width_mean": 1.2876737972571008,
      "width_std": 0.039791097731831176,
      "width_median": 1.285514493890107,
      "n_predictions_total": 15000,
      "empirical_coverage": 0.9318666666666666
    },
    "8": {
      "coverage_mean": 0.920933333333333,
      "coverage_std": 0.01615535686871556,
      "coverage_median": 0.92,
      "coverage_q25": 0.9105000000000001,
      "coverage_q75": 0.935,
      "coverage_min": 0.884,
      "coverage_max": 0.948,
      "width_mean": 1.2263840322344488,
      "width_std": 0.02969291215401626,
      "width_median": 1.2310471840966724,
      "n_predictions_total": 15000,
      "empirical_coverage": 0.9209333333333334
    },
    "9": {
      "coverage_mean": 0.9112666666666667,
      "coverage_std": 0.015828104399734325,
      "coverage_median": 0.915,
      "coverage_q25": 0.898,
      "coverage_q75": 0.9215,
      "coverage_min": 0.866,
      "coverage_max": 0.944,
      "width_mean": 1.1834240182011244,
      "width_std": 0.03874234766924282,
      "width_median": 1.184812003646231,
      "n_predictions_total": 15000,
      "empirical_coverage": 0.9112666666666667
    },
    "10": {
      "coverage_mean": 0.9126000000000001,
      "coverage_std": 0.014506550244630878,
      "coverage_median": 0.911,
      "coverage_q25": 0.9,
      "coverage_q75": 0.9235,
      "coverage_min": 0.89,
      "coverage_max": 0.938,
      "width_mean": 1.1452527114489959,
      "width_std": 0.038314357201507235,
      "width_median": 1.145531828225053,
      "n_predictions_total": 15000,
      "empirical_coverage": 0.9126
    },
    "11": {
      "coverage_mean": 0.9120666666666666,
      "coverage_std": 0.016358348191536816,
      "coverage_median": 0.916,
      "coverage_q25": 0.8985000000000001,
      "coverage_q75": 0.924,
      "coverage_min": 0.878,
      "coverage_max": 0.938,
      "width_mean": 1.1101611357104724,
      "width_std": 0.027830254750403273,
      "width_median": 1.1105915443793748,
      "n_predictions_total": 15000,
      "empirical_coverage": 0.9120666666666667
    },
    "12": {
      "coverage_mean": 0.9090000000000003,
      "coverage_std": 0.016031219541881404,
      "coverage_median": 0.911,
      "coverage_q25": 0.8985000000000001,
      "coverage_q75": 0.9175,
      "coverage_min": 0.878,
      "coverage_max": 0.944,
      "width_mean": 1.0682219162600506,
      "width_std": 0.03152318326999599,
      "width_median": 1.0661008239626133,
      "n_predictions_total": 15000,
      "empirical_coverage": 0.909
    },
    "13": {
      "coverage_mean": 0.9137333333333333,
      "coverage_std": 0.013343995736743263,
      "coverage_median": 0.914,
      "coverage_q25": 0.9045000000000001,
      "coverage_q75": 0.922,
      "coverage_min": 0.884,
      "coverage_max": 0.944,
      "width_mean": 1.0405349717774817,
      "width_std": 0.03274204443346506,
      "width_median": 1.0404421178929812,
      "n_predictions_total": 15000,
      "empirical_coverage": 0.9137333333333333
    },
    "14": {
      "coverage_mean": 0.9115333333333333,
      "coverage_std": 0.01445621742442408,
      "coverage_median": 0.911,
      "coverage_q25": 0.901,
      "coverage_q75": 0.9195,
      "coverage_min": 0.876,
      "coverage_max": 0.944,
      "width_mean": 1.0100460681226513,
      "width_std": 0.029238090536466452,
      "width_median": 1.0112650673865287,
      "n_predictions_total": 15000,
      "empirical_coverage": 0.9115333333333333
    },
    "15": {
      "coverage_mean": 0.9073999999999999,
      "coverage_std": 0.018008516503773067,
      "coverage_median": 0.908,
      "coverage_q25": 0.8965000000000001,
      "coverage_q75": 0.921,
      "coverage_min": 0.86,
      "coverage_max": 0.944,
      "width_mean": 0.9861142159447502,
      "width_std": 0.027204416447348726,
      "width_median": 0.9857160523607216,
      "n_predictions_total": 15000,
      "empirical_coverage": 0.9074
    },
    "16": {
      "coverage_mean": 0.918,
      "coverage_std": 0.013446189051177282,
      "coverage_median": 0.92,