{
  "time_steps": [
    1,
    2,
    3,
    4,
    5,
    6,
    7,
    8,
    9,
    10,
    11,
    12,
    13,
    14,
    15,
    16,
    17,
    18,
    19,
    20,
    21,
    22,
    23,
    24,
    25,
    26,
    27,
    28,
    29,
    30,
    31,
    32,
    33,
    34,
    35,
    36,
    37,
    38,
    39,
    40
  ],
  "n_seeds": 10,
  "config": {
    "predictor": "algorithm",
    "n_series": 500,
    "n_train": 1000,
    "n_cal": 1000,
    "alpha": 0.1,
    "aci_stepsize": 0.005,
    "T": 40,
    "window_size": 800,
    "ar_coef": 0.7,
    "beta": 1.0,
    "noise_std": 0.2,
    "trend_coef": 0.0,
    "covariate_mode": "static",
    "with_shift": true,
    "use_lr": true,
    "covar_rate": 1.0,
    "covar_rate_shift": 2.0,
    "x_rate": 0.7,
    "x_trend": 0.0,
    "x_noise_std": 0.2,
    "x0_lambda": 1.0,
    "x_rate_shift": null,
    "x_trend_shift": null,
    "x_noise_std_shift": null,
    "x0_lambda_shift": null
  },
  "by_time": {
    "1": {
      "coverage_mean": 0.6548,
      "coverage_std": 0.032424681956805666,
      "coverage_median": 0.649,
      "coverage_q25": 0.631,
      "coverage_q75": 0.6865,
      "coverage_min": 0.61,
      "coverage_max": 0.706,
      "width_mean": 2.7794259258295946,
      "width_std": 0.11774874951739625,
      "width_median": 2.7603068212242396,
      "n_predictions_total": 5000,
      "empirical_coverage": 0.6548
    },
    "2": {
      "coverage_mean": 0.8524,
      "coverage_std": 0.02728809264129685,
      "coverage_median": 0.853,
      "coverage_q25": 0.836,
      "coverage_q75": 0.8765000000000001,
      "coverage_min": 0.81,
      "coverage_max": 0.888,
      "width_mean": 3.1319964846854833,
      "width_std": 0.17638831610147415,
      "width_median": 3.0930606472935662,
      "n_predictions_total": 5000,
      "empirical_coverage": 0.8524
    },
    "3": {
      "coverage_mean": 0.8848,
      "coverage_std": 0.02133916586935864,
      "coverage_median": 0.875,
      "coverage_q25": 0.871,
      "coverage_q75": 0.9055,
      "coverage_min": 0.852,
      "coverage_max": 0.92,
      "width_mean": 1.8099027712084799,
      "width_std": 0.06551944971990864,
      "width_median": 1.7920547583241213,
      "n_predictions_total": 5000,
      "empirical_coverage": 0.8848
    },
    "4": {
      "coverage_mean": 0.8944000000000001,
      "coverage_std": 0.027521627858831322,
      "coverage_median": 0.899,
      "coverage_q25": 0.8895,
      "coverage_q75": 0.9105000000000001,
      "coverage_min": 0.832,
      "coverage_max": 0.938,
      "width_mean": 1.3296739833984303,
      "width_std": 0.08374468793444895,
      "width_median": 1.3068600425380716,
      "n_predictions_total": 5000,
      "empirical_coverage": 0.8944
    },
    "5": {
      "coverage_mean": 0.9104000000000001,
      "coverage_std": 0.014333178293735148,
      "coverage_median": 0.911,
      "coverage_q25": 0.8975,
      "coverage_q75": 0.9225000000000001,
      "coverage_min": 0.89,
      "coverage_max": 0.932,
      "width_mean": 1.2638119464207185,
      "width_std": 0.059875426409233906,
      "width_median": 1.2726226670048169,
      "n_predictions_total": 5000,
      "empirical_coverage": 0.9104
    },
    "6": {
      "coverage_mean": 0.9197999999999998,
      "coverage_std": 0.012278436382536657,
      "coverage_median": 0.922,
      "coverage_q25": 0.9155,
      "coverage_q75": 0.9265000000000001,
      "coverage_min": 0.892,
      "coverage_max": 0.938,
      "width_mean": 1.243146392907642,
      "width_std": 0.054800128847229804,
      "width_median": 1.253836937785488,
      "n_predictions_total": 5000,
      "empirical_coverage": 0.9198
    },
    "7": {
      "coverage_mean": 0.9136000000000001,
      "coverage_std": 0.009414881836751864,
      "coverage_median": 0.913,
      "coverage_q25": 0.9085000000000001,
      "coverage_q75": 0.921,
      "coverage_min": 0.894,
      "coverage_max": 0.926,
      "width_mean": 1.2144786451303866,
      "width_std": 0.036931766336179554,
      "width_median": 1.2189547344438851,
      "n_predictions_total": 5000,
      "empirical_coverage": 0.9136
    },
    "8": {
      "coverage_mean": 0.9053999999999999,
      "coverage_std": 0.01690088755065841,
      "coverage_median": 0.907,
      "coverage_q25": 0.895,
      "coverage_q75": 0.9165000000000001,
      "coverage_min": 0.87,
      "coverage_max": 0.93,
      "width_mean": 1.178288189041809,
      "width_std": 0.024168849307169428,
      "width_median": 1.186706905358852,
      "n_predictions_total": 5000,
      "empirical_coverage": 0.9054
    },
    "9": {
      "coverage_mean": 0.8952,
      "coverage_std": 0.015979987484350557,
      "coverage_median": 0.892,
      "coverage_q25": 0.8885000000000001,
      "coverage_q75": 0.9055,
      "coverage_min": 0.864,
      "coverage_max": 0.92,
      "width_mean": 1.1433955383542416,
      "width_std": 0.037919485257861874,
      "width_median": 1.1473603467662257,
      "n_predictions_total": 5000,
      "empirical_coverage": 0.8952
    },
    "10": {
      "coverage_mean": 0.8996000000000001,
      "coverage_std": 0.013320660644277383,
      "coverage_median": 0.901,
      "coverage_q25": 0.8895,
      "coverage_q75": 0.9125000000000001,
      "coverage_min": 0.876,
      "coverage_max": 0.916,
      "width_mean": 1.1164992936504725,
      "width_std": 0.0399935422376177,
      "width_median": 1.1304654104933771,
      "n_predictions_total": 5000,
      "empirical_coverage": 0.8996
    },
    "11": {
      "coverage_mean": 0.9079999999999998,
      "coverage_std": 0.015099668870541514,
      "coverage_median": 0.905,
      "coverage_q25": 0.8965000000000001,
      "coverage_q75": 0.921,
      "coverage_min": 0.886,
      "coverage_max": 0.934,
      "width_mean": 1.0838302728623677,
      "width_std": 0.036027495801652785,
      "width_median": 1.0799849574792475,
      "n_predictions_total": 5000,
      "empirical_coverage": 0.908
    },
    "12": {
      "coverage_mean": 0.8916000000000001,
      "coverage_std": 0.012831211945876364,
      "coverage_median": 0.89,
      "coverage_q25": 0.8885000000000001,
      "coverage_q75": 0.895,
      "coverage_min": 0.868,
      "coverage_max": 0.92,
      "width_mean": 1.0204064944140494,
      "width_std": 0.03339673004872418,
      "width_median": 1.0084620397107842,
      "n_predictions_total": 5000,
      "empirical_coverage": 0.8916
    },
    "13": {
      "coverage_mean": 0.9010000000000001,
      "coverage_std": 0.011532562594670807,
      "coverage_median": 0.903,
      "coverage_q25": 0.892,
      "coverage_q75": 0.906,
      "coverage_min": 0.882,
      "coverage_max": 0.924,
      "width_mean": 1.006609459480302,
      "width_std": 0.029181042517233486,
      "width_median": 1.0018541785338853,
      "n_predictions_total": 5000,
      "empirical_coverage": 0.901
    },
    "14": {
      "coverage_mean": 0.9040000000000001,
      "coverage_std": 0.014142135623730963,
      "coverage_median": 0.908,
      "coverage_q25": 0.893,
      "coverage_q75": 0.9145000000000001,
      "coverage_min": 0.878,
      "coverage_max": 0.922,
      "width_mean": 0.987951319512131,
      "width_std": 0.03227432856983001,
      "width_median": 0.9892174987984841,
      "n_predictions_total": 5000,
      "empirical_coverage": 0.904
    },
    "15": {
      "coverage_mean": 0.8992000000000001,
      "coverage_std": 0.017232527382830428,
      "coverage_median": 0.9,
      "coverage_q25": 0.8895,
      "coverage_q75": 0.909,
      "coverage_min": 0.862,
      "coverage_max": 0.928,
      "width_mean": 0.9623125927569387,
      "width_std": 0.04204497159580793,
      "width_median": 0.9574689403649942,
      "n_predictions_total": 5000,
      "empirical_coverage": 0.8992
    },
    "16": {
      "coverage_mean": 0.9109999999999999,
      "coverage_std": 0.006767569726275458,
      "coverage_median": 0.912,
      "coverage_q25": 0.9085000000000001,
      "coverage_q75": 0.914,
      "coverage_min": 0.896,
      "coverage_max": 0.924,