{
  "time_steps": [
    1,
    2,
    3,
    4,
    5,
    6,
    7,
    8,
    9,
    10,
    11,
    12,
    13,
    14,
    15,
    16,
    17,
    18,
    19,
    20,
    21,
    22,
    23,
    24,
    25,
    26,
    27,
    28,
    29,
    30,
    31,
    32,
    33,
    34,
    35,
    36,
    37,
    38,
    39,
    40
  ],
  "n_seeds": 30,
  "config": {
    "predictor": "algorithm",
    "n_series": 500,
    "n_train": 1000,
    "n_cal": 1000,
    "alpha": 0.1,
    "aci_stepsize": 0.0,
    "T": 40,
    "window_size": 800,
    "ar_coef": 0.9,
    "beta": 1.0,
    "noise_std": 0.2,
    "trend_coef": 0.0,
    "covariate_mode": "static",
    "with_shift": false,
    "use_lr": true,
    "covar_rate": 1.0,
    "covar_rate_shift": 2.0,
    "x_rate": 0.7,
    "x_trend": 0.0,
    "x_noise_std": 0.2,
    "x0_lambda": 1.0,
    "x_rate_shift": null,
    "x_trend_shift": null,
    "x_noise_std_shift": null,
    "x0_lambda_shift": null
  },
  "by_time": {
    "1": {
      "coverage_mean": 0.8947333333333333,
      "coverage_std": 0.018550711277169115,
      "coverage_median": 0.893,
      "coverage_q25": 0.881,
      "coverage_q75": 0.9105000000000001,
      "coverage_min": 0.852,
      "coverage_max": 0.932,
      "width_mean": 2.7577721139370306,
      "width_std": 0.11390317200419829,
      "width_median": 2.732364191816763,
      "n_predictions_total": 15000,
      "empirical_coverage": 0.8947333333333334
    },
    "2": {
      "coverage_mean": 0.9001333333333333,
      "coverage_std": 0.013894203427648855,
      "coverage_median": 0.902,
      "coverage_q25": 0.8905000000000001,
      "coverage_q75": 0.9095,
      "coverage_min": 0.872,
      "coverage_max": 0.924,
      "width_mean": 2.507989384133165,
      "width_std": 0.0810662481863077,
      "width_median": 2.5015001618640946,
      "n_predictions_total": 15000,
      "empirical_coverage": 0.9001333333333333
    },
    "3": {
      "coverage_mean": 0.9008666666666668,
      "coverage_std": 0.015376894643876874,
      "coverage_median": 0.9,
      "coverage_q25": 0.89,
      "coverage_q75": 0.912,
      "coverage_min": 0.868,
      "coverage_max": 0.928,
      "width_mean": 1.9456906173815587,
      "width_std": 0.0782742636110463,
      "width_median": 1.9445445610061207,
      "n_predictions_total": 15000,
      "empirical_coverage": 0.9008666666666667
    },
    "4": {
      "coverage_mean": 0.8942666666666667,
      "coverage_std": 0.01722582041265058,
      "coverage_median": 0.894,
      "coverage_q25": 0.8845000000000001,
      "coverage_q75": 0.9075,
      "coverage_min": 0.862,
      "coverage_max": 0.934,
      "width_mean": 1.701552913555917,
      "width_std": 0.08765133826494394,
      "width_median": 1.6876850536139367,
      "n_predictions_total": 15000,
      "empirical_coverage": 0.8942666666666667
    },
    "5": {
      "coverage_mean": 0.9001333333333333,
      "coverage_std": 0.012616743724995865,
      "coverage_median": 0.901,
      "coverage_q25": 0.892,
      "coverage_q75": 0.9095,
      "coverage_min": 0.87,
      "coverage_max": 0.922,
      "width_mean": 1.6183109616496423,
      "width_std": 0.0666465874191727,
      "width_median": 1.6123790721611564,
      "n_predictions_total": 15000,
      "empirical_coverage": 0.9001333333333333
    },
    "6": {
      "coverage_mean": 0.9043333333333333,
      "coverage_std": 0.01643640944840313,
      "coverage_median": 0.904,
      "coverage_q25": 0.8905000000000001,
      "coverage_q75": 0.9155,
      "coverage_min": 0.876,
      "coverage_max": 0.944,
      "width_mean": 1.5634432982671775,
      "width_std": 0.055414872416872235,
      "width_median": 1.57028407935307,
      "n_predictions_total": 15000,
      "empirical_coverage": 0.9043333333333333
    },
    "7": {
      "coverage_mean": 0.9002666666666668,
      "coverage_std": 0.015584037417249185,
      "coverage_median": 0.899,
      "coverage_q25": 0.8885000000000001,
      "coverage_q75": 0.908,
      "coverage_min": 0.868,
      "coverage_max": 0.936,
      "width_mean": 1.5381315227457562,
      "width_std": 0.050727794525852896,
      "width_median": 1.5500161074313232,
      "n_predictions_total": 15000,
      "empirical_coverage": 0.9002666666666667
    },
    "8": {
      "coverage_mean": 0.8968666666666666,
      "coverage_std": 0.011996480965497998,
      "coverage_median": 0.898,
      "coverage_q25": 0.8885000000000001,
      "coverage_q75": 0.9055,
      "coverage_min": 0.872,
      "coverage_max": 0.92,
      "width_mean": 1.5112896631941626,
      "width_std": 0.038128255890361375,
      "width_median": 1.5186611133865973,
      "n_predictions_total": 15000,
      "empirical_coverage": 0.8968666666666667
    },
    "9": {
      "coverage_mean": 0.8972,
      "coverage_std": 0.01454739381011826,
      "coverage_median": 0.896,
      "coverage_q25": 0.889,
      "coverage_q75": 0.9115,
      "coverage_min": 0.868,
      "coverage_max": 0.922,
      "width_mean": 1.5000619373978972,
      "width_std": 0.03875445303661227,
      "width_median": 1.4956318983231844,
      "n_predictions_total": 15000,
      "empirical_coverage": 0.8972
    },
    "10": {
      "coverage_mean": 0.8974666666666667,
      "coverage_std": 0.01888867973740416,
      "coverage_median": 0.899,
      "coverage_q25": 0.885,
      "coverage_q75": 0.912,
      "coverage_min": 0.86,
      "coverage_max": 0.94,
      "width_mean": 1.4826801323671355,
      "width_std": 0.0438981251443285,
      "width_median": 1.4885121139788098,
      "n_predictions_total": 15000,
      "empirical_coverage": 0.8974666666666666
    },
    "11": {
      "coverage_mean": 0.9020666666666667,
      "coverage_std": 0.012505820866922564,
      "coverage_median": 0.902,
      "coverage_q25": 0.8925000000000001,
      "coverage_q75": 0.911,
      "coverage_min": 0.876,
      "coverage_max": 0.928,
      "width_mean": 1.4776689378736276,
      "width_std": 0.031237655699370846,
      "width_median": 1.4771207919764116,
      "n_predictions_total": 15000,
      "empirical_coverage": 0.9020666666666667
    },
    "12": {
      "coverage_mean": 0.8963333333333334,
      "coverage_std": 0.015663829530340144,
      "coverage_median": 0.895,
      "coverage_q25": 0.8865000000000001,
      "coverage_q75": 0.908,
      "coverage_min": 0.866,
      "coverage_max": 0.928,
      "width_mean": 1.4654528667344051,
      "width_std": 0.032668370737686546,
      "width_median": 1.4710823057447049,
      "n_predictions_total": 15000,
      "empirical_coverage": 0.8963333333333333
    },
    "13": {
      "coverage_mean": 0.9035333333333332,
      "coverage_std": 0.013737378045156793,
      "coverage_median": 0.904,
      "coverage_q25": 0.8985000000000001,
      "coverage_q75": 0.912,
      "coverage_min": 0.858,
      "coverage_max": 0.926,
      "width_mean": 1.4566537253807208,
      "width_std": 0.03228104807988161,
      "width_median": 1.4586399657218012,
      "n_predictions_total": 15000,
      "empirical_coverage": 0.9035333333333333
    },
    "14": {
      "coverage_mean": 0.8999333333333335,
      "coverage_std": 0.012914935367842762,
      "coverage_median": 0.899,
      "coverage_q25": 0.891,
      "coverage_q75": 0.9075,
      "coverage_min": 0.872,
      "coverage_max": 0.932,
      "width_mean": 1.443563601621197,
      "width_std": 0.029995445533667377,
      "width_median": 1.448559057575462,
      "n_predictions_total": 15000,
      "empirical_coverage": 0.8999333333333334
    },
    "15": {
      "coverage_mean": 0.9009999999999999,
      "coverage_std": 0.015813496345421754,
      "coverage_median": 0.9,
      "coverage_q25": 0.8885000000000001,
      "coverage_q75": 0.914,
      "coverage_min": 0.862,
      "coverage_max": 0.93,
      "width_mean": 1.431393743067724,
      "width_std": 0.030243687899518396,
      "width_median": 1.4337822719217774,
      "n_predictions_total": 15000,
      "empirical_coverage": 0.901
    },
    "16": {
      "coverage_mean": 0.9058000000000003,