{
  "time_steps": [
    1,
    2,
    3,
    4,
    5,
    6,
    7,
    8,
    9,
    10,
    11,
    12,
    13,
    14,
    15,
    16,
    17,
    18,
    19,
    20,
    21,
    22,
    23,
    24,
    25,
    26,
    27,
    28,
    29,
    30,
    31,
    32,
    33,
    34,
    35,
    36,
    37,
    38,
    39,
    40
  ],
  "n_seeds": 30,
  "config": {
    "predictor": "algorithm",
    "n_series": 500,
    "n_train": 1000,
    "n_cal": 1000,
    "alpha": 0.1,
    "aci_stepsize": 0.0,
    "T": 40,
    "window_size": 800,
    "ar_coef": 0.7,
    "beta": 1.0,
    "noise_std": 0.2,
    "trend_coef": 0.0,
    "covariate_mode": "static",
    "with_shift": false,
    "use_lr": true,
    "covar_rate": 1.0,
    "covar_rate_shift": 2.0,
    "x_rate": 0.7,
    "x_trend": 0.0,
    "x_noise_std": 0.2,
    "x0_lambda": 1.0,
    "x_rate_shift": null,
    "x_trend_shift": null,
    "x_noise_std_shift": null,
    "x0_lambda_shift": null
  },
  "by_time": {
    "1": {
      "coverage_mean": 0.8947333333333333,
      "coverage_std": 0.018550711277169115,
      "coverage_median": 0.893,
      "coverage_q25": 0.881,
      "coverage_q75": 0.9105000000000001,
      "coverage_min": 0.852,
      "coverage_max": 0.932,
      "width_mean": 2.75777211393703,
      "width_std": 0.11390317200419832,
      "width_median": 2.732364191816763,
      "n_predictions_total": 15000,
      "empirical_coverage": 0.8947333333333334
    },
    "2": {
      "coverage_mean": 0.9005333333333334,
      "coverage_std": 0.013114199259665931,
      "coverage_median": 0.901,
      "coverage_q25": 0.891,
      "coverage_q75": 0.9115,
      "coverage_min": 0.87,
      "coverage_max": 0.92,
      "width_mean": 2.3872537043815774,
      "width_std": 0.07672948278312858,
      "width_median": 2.3860611306858637,
      "n_predictions_total": 15000,
      "empirical_coverage": 0.9005333333333333
    },
    "3": {
      "coverage_mean": 0.9002000000000001,
      "coverage_std": 0.016234531098864555,
      "coverage_median": 0.899,
      "coverage_q25": 0.89,
      "coverage_q75": 0.9135,
      "coverage_min": 0.87,
      "coverage_max": 0.932,
      "width_mean": 1.7803544135219738,
      "width_std": 0.06885136234361179,
      "width_median": 1.7797458137359579,
      "n_predictions_total": 15000,
      "empirical_coverage": 0.9002
    },
    "4": {
      "coverage_mean": 0.8926,
      "coverage_std": 0.015909326405183444,
      "coverage_median": 0.891,
      "coverage_q25": 0.879,
      "coverage_q75": 0.9035,
      "coverage_min": 0.868,
      "coverage_max": 0.936,
      "width_mean": 1.5190916047896448,
      "width_std": 0.07553498144341263,
      "width_median": 1.5198890745622233,
      "n_predictions_total": 15000,
      "empirical_coverage": 0.8926
    },
    "5": {
      "coverage_mean": 0.8985333333333333,
      "coverage_std": 0.010744714462883092,
      "coverage_median": 0.899,
      "coverage_q25": 0.8925000000000001,
      "coverage_q75": 0.9075,
      "coverage_min": 0.872,
      "coverage_max": 0.914,
      "width_mean": 1.409991714285065,
      "width_std": 0.05424628725119116,
      "width_median": 1.4061235269499415,
      "n_predictions_total": 15000,
      "empirical_coverage": 0.8985333333333333
    },
    "6": {
      "coverage_mean": 0.9040666666666667,
      "coverage_std": 0.017044908004705962,
      "coverage_median": 0.907,
      "coverage_q25": 0.8905000000000001,
      "coverage_q75": 0.9155,
      "coverage_min": 0.868,
      "coverage_max": 0.936,
      "width_mean": 1.3363521400762906,
      "width_std": 0.04918058920667506,
      "width_median": 1.34443287661761,
      "n_predictions_total": 15000,
      "empirical_coverage": 0.9040666666666667
    },
    "7": {
      "coverage_mean": 0.8998,
      "coverage_std": 0.0169733123854283,
      "coverage_median": 0.901,
      "coverage_q25": 0.889,
      "coverage_q75": 0.9095,
      "coverage_min": 0.864,
      "coverage_max": 0.93,
      "width_mean": 1.2839488609066256,
      "width_std": 0.043058097739267144,
      "width_median": 1.2850329594374987,
      "n_predictions_total": 15000,
      "empirical_coverage": 0.8998
    },
    "8": {
      "coverage_mean": 0.8962000000000001,
      "coverage_std": 0.017012544391320987,
      "coverage_median": 0.898,
      "coverage_q25": 0.887,
      "coverage_q75": 0.908,
      "coverage_min": 0.85,
      "coverage_max": 0.922,
      "width_mean": 1.2225582824113799,
      "width_std": 0.03140431879587064,
      "width_median": 1.223775305799428,
      "n_predictions_total": 15000,
      "empirical_coverage": 0.8962
    },
    "9": {
      "coverage_mean": 0.8998000000000002,
      "coverage_std": 0.01340994655718907,
      "coverage_median": 0.9,
      "coverage_q25": 0.894,
      "coverage_q75": 0.9095,
      "coverage_min": 0.866,
      "coverage_max": 0.922,
      "width_mean": 1.1803132155998783,
      "width_std": 0.04041867750694254,
      "width_median": 1.1825371405774354,
      "n_predictions_total": 15000,
      "empirical_coverage": 0.8998
    },
    "10": {
      "coverage_mean": 0.9016666666666667,
      "coverage_std": 0.019826469400498144,
      "coverage_median": 0.899,
      "coverage_q25": 0.886,
      "coverage_q75": 0.9195,
      "coverage_min": 0.86,
      "coverage_max": 0.942,
      "width_mean": 1.1425955810761683,
      "width_std": 0.04032072664617631,
      "width_median": 1.1425103215902297,
      "n_predictions_total": 15000,
      "empirical_coverage": 0.9016666666666666
    },
    "11": {
      "coverage_mean": 0.9006666666666666,
      "coverage_std": 0.015243213426163001,
      "coverage_median": 0.901,
      "coverage_q25": 0.893,
      "coverage_q75": 0.911,
      "coverage_min": 0.868,
      "coverage_max": 0.93,
      "width_mean": 1.107331049330243,
      "width_std": 0.0275696551393264,
      "width_median": 1.1084970336115145,
      "n_predictions_total": 15000,
      "empirical_coverage": 0.9006666666666666
    },
    "12": {
      "coverage_mean": 0.8962,
      "coverage_std": 0.013330166290535676,
      "coverage_median": 0.896,
      "coverage_q25": 0.888,
      "coverage_q75": 0.904,
      "coverage_min": 0.87,
      "coverage_max": 0.926,
      "width_mean": 1.0658950616279017,
      "width_std": 0.032684283114979826,
      "width_median": 1.0628877026361105,
      "n_predictions_total": 15000,
      "empirical_coverage": 0.8962
    },
    "13": {
      "coverage_mean": 0.8995333333333334,
      "coverage_std": 0.017310369403594175,
      "coverage_median": 0.898,
      "coverage_q25": 0.8885000000000001,
      "coverage_q75": 0.9135,
      "coverage_min": 0.866,
      "coverage_max": 0.932,
      "width_mean": 1.0397111594466844,
      "width_std": 0.03570608685487423,
      "width_median": 1.0408356193945898,
      "n_predictions_total": 15000,
      "empirical_coverage": 0.8995333333333333
    },
    "14": {
      "coverage_mean": 0.8935333333333333,
      "coverage_std": 0.014981618366815025,
      "coverage_median": 0.894,
      "coverage_q25": 0.8845000000000001,
      "coverage_q75": 0.905,
      "coverage_min": 0.856,
      "coverage_max": 0.92,
      "width_mean": 1.0098820313402688,
      "width_std": 0.030931447507982233,
      "width_median": 1.0152634065719541,
      "n_predictions_total": 15000,
      "empirical_coverage": 0.8935333333333333
    },
    "15": {
      "coverage_mean": 0.8982666666666668,
      "coverage_std": 0.016014437930262266,
      "coverage_median": 0.903,
      "coverage_q25": 0.888,
      "coverage_q75": 0.9075,
      "coverage_min": 0.864,
      "coverage_max": 0.934,
      "width_mean": 0.9864224289337976,
      "width_std": 0.0273936675612005,
      "width_median": 0.9881422620811776,
      "n_predictions_total": 15000,
      "empirical_coverage": 0.8982666666666667
    },
    "16": {
      "coverage_mean": 0.9005333333333333,
      "coverage_std": 0.014160351533615114,
      "coverage_median": 0.9,
      "coverage_q25": 0.89,
      "coverage_q75": 0.908,
      "coverage_min": 0.878,