{
  "time_steps": [
    1,
    2,
    3,
    4,
    5,
    6,
    7,
    8,
    9,
    10,
    11,
    12,
    13,
    14,
    15,
    16,
    17,
    18,
    19,
    20,
    21,
    22,
    23,
    24,
    25,
    26,
    27,
    28,
    29,
    30,
    31,
    32,
    33,
    34,
    35,
    36,
    37,
    38,
    39,
    40
  ],
  "n_seeds": 30,
  "config": {
    "predictor": "algorithm",
    "n_series": 500,
    "n_train": 1000,
    "n_cal": 1000,
    "alpha": 0.1,
    "aci_stepsize": 0.005,
    "T": 40,
    "window_size": 800,
    "ar_coef": 0.7,
    "beta": 1.0,
    "noise_std": 0.2,
    "trend_coef": 0.0,
    "covariate_mode": "static",
    "with_shift": true,
    "use_lr": true,
    "covar_rate": 1.0,
    "covar_rate_shift": 2.0,
    "x_rate": 0.7,
    "x_trend": 0.0,
    "x_noise_std": 0.2,
    "x0_lambda": 1.0,
    "x_rate_shift": null,
    "x_trend_shift": null,
    "x_noise_std_shift": null,
    "x0_lambda_shift": null
  },
  "by_time": {
    "1": {
      "coverage_mean": 0.6588666666666667,
      "coverage_std": 0.027850473764172993,
      "coverage_median": 0.654,
      "coverage_q25": 0.6385000000000001,
      "coverage_q75": 0.6845,
      "coverage_min": 0.61,
      "coverage_max": 0.714,
      "width_mean": 2.75777211393703,
      "width_std": 0.1139031720041983,
      "width_median": 2.7323641918167634,
      "n_predictions_total": 15000,
      "empirical_coverage": 0.6588666666666667
    },
    "2": {
      "coverage_mean": 0.8549333333333335,
      "coverage_std": 0.02535998597966666,
      "coverage_median": 0.848,
      "coverage_q25": 0.8354999999999999,
      "coverage_q75": 0.878,
      "coverage_min": 0.81,
      "coverage_max": 0.904,
      "width_mean": 3.1486925413167226,
      "width_std": 0.23605158851974825,
      "width_median": 3.1172356605835323,
      "n_predictions_total": 15000,
      "empirical_coverage": 0.8549333333333333
    },
    "3": {
      "coverage_mean": 0.8807333333333335,
      "coverage_std": 0.023980455004486943,
      "coverage_median": 0.876,
      "coverage_q25": 0.8705,
      "coverage_q75": 0.895,
      "coverage_min": 0.826,
      "coverage_max": 0.94,
      "width_mean": 1.790019154265019,
      "width_std": 0.09823171817605915,
      "width_median": 1.7784582961543318,
      "n_predictions_total": 15000,
      "empirical_coverage": 0.8807333333333334
    },
    "4": {
      "coverage_mean": 0.9001333333333335,
      "coverage_std": 0.022252690224380124,
      "coverage_median": 0.902,
      "coverage_q25": 0.888,
      "coverage_q75": 0.9195,
      "coverage_min": 0.832,
      "coverage_max": 0.938,
      "width_mean": 1.3577164832171162,
      "width_std": 0.07574056174759693,
      "width_median": 1.3634125265676618,
      "n_predictions_total": 15000,
      "empirical_coverage": 0.9001333333333333
    },
    "5": {
      "coverage_mean": 0.9119333333333335,
      "coverage_std": 0.012811279752190614,
      "coverage_median": 0.911,
      "coverage_q25": 0.903,
      "coverage_q75": 0.923,
      "coverage_min": 0.89,
      "coverage_max": 0.936,
      "width_mean": 1.27262681959583,
      "width_std": 0.05329806437767184,
      "width_median": 1.2845448641236659,
      "n_predictions_total": 15000,
      "empirical_coverage": 0.9119333333333334
    },
    "6": {
      "coverage_mean": 0.9117999999999999,
      "coverage_std": 0.01792093747547823,
      "coverage_median": 0.914,
      "coverage_q25": 0.9025000000000001,
      "coverage_q75": 0.9235,
      "coverage_min": 0.87,
      "coverage_max": 0.95,
      "width_mean": 1.2442562656960507,
      "width_std": 0.05022326379782268,
      "width_median": 1.2518664196378684,
      "n_predictions_total": 15000,
      "empirical_coverage": 0.9118
    },
    "7": {
      "coverage_mean": 0.9125999999999999,
      "coverage_std": 0.014543268775164223,
      "coverage_median": 0.91,
      "coverage_q25": 0.9025000000000001,
      "coverage_q75": 0.926,
      "coverage_min": 0.88,
      "coverage_max": 0.938,
      "width_mean": 1.2258966319089175,
      "width_std": 0.04478773904222271,
      "width_median": 1.2211627395038624,
      "n_predictions_total": 15000,
      "empirical_coverage": 0.9126
    },
    "8": {
      "coverage_mean": 0.9042666666666667,
      "coverage_std": 0.017684142300063332,
      "coverage_median": 0.904,
      "coverage_q25": 0.8925000000000001,
      "coverage_q75": 0.918,
      "coverage_min": 0.868,
      "coverage_max": 0.938,
      "width_mean": 1.1798110229508851,
      "width_std": 0.03059152137457675,
      "width_median": 1.183413914391326,
      "n_predictions_total": 15000,
      "empirical_coverage": 0.9042666666666667
    },
    "9": {
      "coverage_mean": 0.8984000000000001,
      "coverage_std": 0.016736387503480766,
      "coverage_median": 0.9,
      "coverage_q25": 0.89,
      "coverage_q75": 0.9115,
      "coverage_min": 0.858,
      "coverage_max": 0.928,
      "width_mean": 1.1504605660329963,
      "width_std": 0.03891098722246276,
      "width_median": 1.1499359204788018,
      "n_predictions_total": 15000,
      "empirical_coverage": 0.8984
    },
    "10": {
      "coverage_mean": 0.9018666666666668,
      "coverage_std": 0.01376888601965397,
      "coverage_median": 0.9,
      "coverage_q25": 0.891,
      "coverage_q75": 0.9125000000000001,
      "coverage_min": 0.878,
      "coverage_max": 0.936,
      "width_mean": 1.118018587359835,
      "width_std": 0.040595745731487685,
      "width_median": 1.123482430891076,
      "n_predictions_total": 15000,
      "empirical_coverage": 0.9018666666666667
    },
    "11": {
      "coverage_mean": 0.9025333333333333,
      "coverage_std": 0.016977894124092348,
      "coverage_median": 0.9,
      "coverage_q25": 0.8905000000000001,
      "coverage_q75": 0.9175,
      "coverage_min": 0.866,
      "coverage_max": 0.936,
      "width_mean": 1.0851292549350644,
      "width_std": 0.03505961286298446,
      "width_median": 1.0818853206554064,
      "n_predictions_total": 15000,
      "empirical_coverage": 0.9025333333333333
    },
    "12": {
      "coverage_mean": 0.8971333333333333,
      "coverage_std": 0.015298656440645018,
      "coverage_median": 0.895,
      "coverage_q25": 0.888,
      "coverage_q75": 0.91,
      "coverage_min": 0.868,
      "coverage_max": 0.924,
      "width_mean": 1.0380139669986885,
      "width_std": 0.037827115335404726,
      "width_median": 1.0359103085511945,
      "n_predictions_total": 15000,
      "empirical_coverage": 0.8971333333333333
    },
    "13": {
      "coverage_mean": 0.9018,
      "coverage_std": 0.014351306560728194,
      "coverage_median": 0.901,
      "coverage_q25": 0.8905000000000001,
      "coverage_q75": 0.906,
      "coverage_min": 0.872,
      "coverage_max": 0.938,
      "width_mean": 1.01139615927426,
      "width_std": 0.03914730284574496,
      "width_median": 1.0176379969275466,
      "n_predictions_total": 15000,
      "empirical_coverage": 0.9018
    },
    "14": {
      "coverage_mean": 0.9034,
      "coverage_std": 0.013925037402702624,
      "coverage_median": 0.905,
      "coverage_q25": 0.892,
      "coverage_q75": 0.9155,
      "coverage_min": 0.878,
      "coverage_max": 0.926,
      "width_mean": 0.9893579668626938,
      "width_std": 0.031809218987626904,
      "width_median": 0.9898180317181633,
      "n_predictions_total": 15000,
      "empirical_coverage": 0.9034
    },
    "15": {
      "coverage_mean": 0.8994666666666669,
      "coverage_std": 0.021266144194209004,
      "coverage_median": 0.9,
      "coverage_q25": 0.888,
      "coverage_q75": 0.91,
      "coverage_min": 0.846,
      "coverage_max": 0.946,
      "width_mean": 0.9664030650242769,
      "width_std": 0.03533512899362547,
      "width_median": 0.9605164768309531,
      "n_predictions_total": 15000,
      "empirical_coverage": 0.8994666666666666
    },
    "16": {
      "coverage_mean": 0.9074666666666666,
      "coverage_std": 0.014421588755134516,
      "coverage_median": 0.908,
      "coverage_q25": 0.902,