{
  "time_steps": [
    1,
    2,
    3,
    4,
    5,
    6,
    7,
    8,
    9,
    10,
    11,
    12,
    13,
    14,
    15,
    16,
    17,
    18,
    19,
    20,
    21,
    22,
    23,
    24,
    25,
    26,
    27,
    28,
    29,
    30,
    31,
    32,
    33,
    34,
    35,
    36,
    37,
    38,
    39,
    40
  ],
  "n_seeds": 30,
  "config": {
    "predictor": "algorithm",
    "n_series": 500,
    "n_train": 1000,
    "n_cal": 1000,
    "alpha": 0.1,
    "aci_stepsize": 0.0,
    "T": 40,
    "window_size": 800,
    "ar_coef": 0.9,
    "beta": 1.0,
    "noise_std": 0.2,
    "trend_coef": 0.0,
    "covariate_mode": "static",
    "with_shift": true,
    "use_lr": true,
    "covar_rate": 1.0,
    "covar_rate_shift": 2.0,
    "x_rate": 0.7,
    "x_trend": 0.0,
    "x_noise_std": 0.2,
    "x0_lambda": 1.0,
    "x_rate_shift": null,
    "x_trend_shift": null,
    "x_noise_std_shift": null,
    "x0_lambda_shift": null
  },
  "by_time": {
    "1": {
      "coverage_mean": 0.6588666666666667,
      "coverage_std": 0.027850473764172993,
      "coverage_median": 0.654,
      "coverage_q25": 0.6385000000000001,
      "coverage_q75": 0.6845,
      "coverage_min": 0.61,
      "coverage_max": 0.714,
      "width_mean": 2.75777211393703,
      "width_std": 0.11390317200419826,
      "width_median": 2.732364191816763,
      "n_predictions_total": 15000,
      "empirical_coverage": 0.6588666666666667
    },
    "2": {
      "coverage_mean": 0.8506666666666666,
      "coverage_std": 0.026764819363402328,
      "coverage_median": 0.849,
      "coverage_q25": 0.831,
      "coverage_q75": 0.874,
      "coverage_min": 0.8,
      "coverage_max": 0.904,
      "width_mean": 3.332610828623937,
      "width_std": 0.2544549463138113,
      "width_median": 3.2720229750869927,
      "n_predictions_total": 15000,
      "empirical_coverage": 0.8506666666666667
    },
    "3": {
      "coverage_mean": 0.8721999999999999,
      "coverage_std": 0.02417905429636709,
      "coverage_median": 0.871,
      "coverage_q25": 0.864,
      "coverage_q75": 0.8795,
      "coverage_min": 0.816,
      "coverage_max": 0.93,
      "width_mean": 1.9440476690550568,
      "width_std": 0.10530809618472595,
      "width_median": 1.9425801373756884,
      "n_predictions_total": 15000,
      "empirical_coverage": 0.8722
    },
    "4": {
      "coverage_mean": 0.8948666666666666,
      "coverage_std": 0.02156344643655608,
      "coverage_median": 0.895,
      "coverage_q25": 0.8845000000000001,
      "coverage_q75": 0.9075,
      "coverage_min": 0.834,
      "coverage_max": 0.934,
      "width_mean": 1.5012924968599228,
      "width_std": 0.08374733596723048,
      "width_median": 1.4897751755752928,
      "n_predictions_total": 15000,
      "empirical_coverage": 0.8948666666666667
    },
    "5": {
      "coverage_mean": 0.9120666666666667,
      "coverage_std": 0.013099448673725,
      "coverage_median": 0.914,
      "coverage_q25": 0.906,
      "coverage_q75": 0.9175,
      "coverage_min": 0.876,
      "coverage_max": 0.942,
      "width_mean": 1.4684327836296467,
      "width_std": 0.07875950558696797,
      "width_median": 1.4828922419113089,
      "n_predictions_total": 15000,
      "empirical_coverage": 0.9120666666666667
    },
    "6": {
      "coverage_mean": 0.9079333333333334,
      "coverage_std": 0.01812904361024658,
      "coverage_median": 0.907,
      "coverage_q25": 0.8955,
      "coverage_q75": 0.9195,
      "coverage_min": 0.87,
      "coverage_max": 0.94,
      "width_mean": 1.4880245501165426,
      "width_std": 0.06283956727603947,
      "width_median": 1.5055735139709512,
      "n_predictions_total": 15000,
      "empirical_coverage": 0.9079333333333334
    },
    "7": {
      "coverage_mean": 0.9062666666666667,
      "coverage_std": 0.018262773307712313,
      "coverage_median": 0.91,
      "coverage_q25": 0.894,
      "coverage_q75": 0.9215,
      "coverage_min": 0.858,
      "coverage_max": 0.934,
      "width_mean": 1.5274084126665215,
      "width_std": 0.062154231283172795,
      "width_median": 1.5270681608016732,
      "n_predictions_total": 15000,
      "empirical_coverage": 0.9062666666666667
    },
    "8": {
      "coverage_mean": 0.9036000000000001,
      "coverage_std": 0.019227757712917733,
      "coverage_median": 0.907,
      "coverage_q25": 0.8965000000000001,
      "coverage_q75": 0.9175,
      "coverage_min": 0.85,
      "coverage_max": 0.932,
      "width_mean": 1.5500209040831145,
      "width_std": 0.052065112591738114,
      "width_median": 1.5501711146433403,
      "n_predictions_total": 15000,
      "empirical_coverage": 0.9036
    },
    "9": {
      "coverage_mean": 0.8904000000000001,
      "coverage_std": 0.020864004089979165,
      "coverage_median": 0.892,
      "coverage_q25": 0.878,
      "coverage_q75": 0.9075,
      "coverage_min": 0.832,
      "coverage_max": 0.92,
      "width_mean": 1.5655732064400274,
      "width_std": 0.048197683196805945,
      "width_median": 1.5630519989767189,
      "n_predictions_total": 15000,
      "empirical_coverage": 0.8904
    },
    "10": {
      "coverage_mean": 0.8927333333333333,
      "coverage_std": 0.01792936759125158,
      "coverage_median": 0.894,
      "coverage_q25": 0.881,
      "coverage_q75": 0.9015,
      "coverage_min": 0.862,
      "coverage_max": 0.94,
      "width_mean": 1.5792121981836795,
      "width_std": 0.051897530397606376,
      "width_median": 1.5756257131793112,
      "n_predictions_total": 15000,
      "empirical_coverage": 0.8927333333333334
    },
    "11": {
      "coverage_mean": 0.8872,
      "coverage_std": 0.020209568690762982,
      "coverage_median": 0.888,
      "coverage_q25": 0.8705,
      "coverage_q75": 0.901,
      "coverage_min": 0.846,
      "coverage_max": 0.922,
      "width_mean": 1.5848051096603295,
      "width_std": 0.04085645703858193,
      "width_median": 1.587255778631831,
      "n_predictions_total": 15000,
      "empirical_coverage": 0.8872
    },
    "12": {
      "coverage_mean": 0.8877333333333333,
      "coverage_std": 0.02209514778306667,
      "coverage_median": 0.89,
      "coverage_q25": 0.877,
      "coverage_q75": 0.901,
      "coverage_min": 0.83,
      "coverage_max": 0.946,
      "width_mean": 1.5871513343586712,
      "width_std": 0.04717247967232146,
      "width_median": 1.5843865047497692,
      "n_predictions_total": 15000,
      "empirical_coverage": 0.8877333333333334
    },
    "13": {
      "coverage_mean": 0.8923333333333334,
      "coverage_std": 0.01843245929211716,
      "coverage_median": 0.896,
      "coverage_q25": 0.879,
      "coverage_q75": 0.9075,
      "coverage_min": 0.858,
      "coverage_max": 0.916,
      "width_mean": 1.5821789604082006,
      "width_std": 0.04504154336655615,
      "width_median": 1.586289125516132,
      "n_predictions_total": 15000,
      "empirical_coverage": 0.8923333333333333
    },
    "14": {
      "coverage_mean": 0.8951333333333334,
      "coverage_std": 0.021289642760950443,
      "coverage_median": 0.896,
      "coverage_q25": 0.88,
      "coverage_q75": 0.914,
      "coverage_min": 0.848,
      "coverage_max": 0.924,
      "width_mean": 1.5833572618857512,
      "width_std": 0.05063963680524829,
      "width_median": 1.5833614431414265,
      "n_predictions_total": 15000,
      "empirical_coverage": 0.8951333333333333
    },
    "15": {
      "coverage_mean": 0.8939333333333334,
      "coverage_std": 0.02597682728039658,
      "coverage_median": 0.898,
      "coverage_q25": 0.8805000000000001,
      "coverage_q75": 0.91,
      "coverage_min": 0.828,
      "coverage_max": 0.94,
      "width_mean": 1.578564387865434,
      "width_std": 0.05201847842000082,
      "width_median": 1.5718064871207997,
      "n_predictions_total": 15000,
      "empirical_coverage": 0.8939333333333334
    },
    "16": {
      "coverage_mean": 0.9014666666666667,
      "coverage_std": 0.017196382048429715,
      "coverage_median": 0.899,
      "coverage_q25": 0.8905000000000001,