{
  "time_steps": [
    1,
    2,
    3,
    4,
    5,
    6,
    7,
    8,
    9,
    10,
    11,
    12,
    13,
    14,
    15,
    16,
    17,
    18,
    19,
    20,
    21,
    22,
    23,
    24,
    25,
    26,
    27,
    28,
    29,
    30,
    31,
    32,
    33,
    34,
    35,
    36,
    37,
    38,
    39,
    40
  ],
  "n_seeds": 30,
  "config": {
    "predictor": "algorithm",
    "n_series": 500,
    "n_train": 1000,
    "n_cal": 1000,
    "alpha": 0.1,
    "aci_stepsize": 0.0,
    "T": 40,
    "window_size": 800,
    "ar_coef": 0.7,
    "beta": 1.0,
    "noise_std": 0.2,
    "trend_coef": 0.0,
    "covariate_mode": "dynamic",
    "with_shift": true,
    "use_lr": true,
    "covar_rate": 1.0,
    "covar_rate_shift": 2.0,
    "x_rate": 0.6,
    "x_trend": 0.0,
    "x_noise_std": 0.2,
    "x0_lambda": 1.0,
    "x_rate_shift": 0.9,
    "x_trend_shift": null,
    "x_noise_std_shift": null,
    "x0_lambda_shift": null
  },
  "by_time": {
    "1": {
      "coverage_mean": 0.8989333333333334,
      "coverage_std": 0.01310199306297414,
      "coverage_median": 0.901,
      "coverage_q25": 0.8905000000000001,
      "coverage_q75": 0.908,
      "coverage_min": 0.866,
      "coverage_max": 0.926,
      "width_mean": 2.733352362609675,
      "width_std": 0.078374867331671,
      "width_median": 2.722327240697193,
      "n_predictions_total": 15000,
      "empirical_coverage": 0.8989333333333334
    },
    "2": {
      "coverage_mean": 0.8084666666666666,
      "coverage_std": 0.02210087982160185,
      "coverage_median": 0.807,
      "coverage_q25": 0.7915000000000001,
      "coverage_q75": 0.8294999999999999,
      "coverage_min": 0.762,
      "coverage_max": 0.848,
      "width_mean": 1.9849830742686503,
      "width_std": 0.05885213229871158,
      "width_median": 1.9853116466006455,
      "n_predictions_total": 15000,
      "empirical_coverage": 0.8084666666666667
    },
    "3": {
      "coverage_mean": 0.7812666666666667,
      "coverage_std": 0.0237738418341579,
      "coverage_median": 0.787,
      "coverage_q25": 0.7685,
      "coverage_q75": 0.7955000000000001,
      "coverage_min": 0.726,
      "coverage_max": 0.832,
      "width_mean": 1.6309068288835193,
      "width_std": 0.07103090204181345,
      "width_median": 1.6530138692547562,
      "n_predictions_total": 15000,
      "empirical_coverage": 0.7812666666666667
    },
    "4": {
      "coverage_mean": 0.7927333333333332,
      "coverage_std": 0.021930090945750505,
      "coverage_median": 0.789,
      "coverage_q25": 0.7765,
      "coverage_q75": 0.801,
      "coverage_min": 0.756,
      "coverage_max": 0.856,
      "width_mean": 1.5330173504792872,
      "width_std": 0.05549759614449675,
      "width_median": 1.5366943240337259,
      "n_predictions_total": 15000,
      "empirical_coverage": 0.7927333333333333
    },
    "5": {
      "coverage_mean": 0.8132,
      "coverage_std": 0.02485477821264955,
      "coverage_median": 0.815,
      "coverage_q25": 0.797,
      "coverage_q75": 0.8274999999999999,
      "coverage_min": 0.762,
      "coverage_max": 0.868,
      "width_mean": 1.48007934604421,
      "width_std": 0.05753911942032678,
      "width_median": 1.475251605745521,
      "n_predictions_total": 15000,
      "empirical_coverage": 0.8132
    },
    "6": {
      "coverage_mean": 0.8379333333333335,
      "coverage_std": 0.019578786706251457,
      "coverage_median": 0.84,
      "coverage_q25": 0.826,
      "coverage_q75": 0.8525,
      "coverage_min": 0.796,
      "coverage_max": 0.884,
      "width_mean": 1.4624831303017092,
      "width_std": 0.042438236439883675,
      "width_median": 1.460308244222154,
      "n_predictions_total": 15000,
      "empirical_coverage": 0.8379333333333333
    },
    "7": {
      "coverage_mean": 0.8338000000000001,
      "coverage_std": 0.019004210059878842,
      "coverage_median": 0.837,
      "coverage_q25": 0.8185,
      "coverage_q75": 0.8474999999999999,
      "coverage_min": 0.782,
      "coverage_max": 0.87,
      "width_mean": 1.3396867710802414,
      "width_std": 0.03752412966568075,
      "width_median": 1.3299929458228528,
      "n_predictions_total": 15000,
      "empirical_coverage": 0.8338
    },
    "8": {
      "coverage_mean": 0.8318666666666665,
      "coverage_std": 0.02108353754841808,
      "coverage_median": 0.832,
      "coverage_q25": 0.816,
      "coverage_q75": 0.846,
      "coverage_min": 0.79,
      "coverage_max": 0.88,
      "width_mean": 1.250280735837861,
      "width_std": 0.03608593067706639,
      "width_median": 1.2385146686488784,
      "n_predictions_total": 15000,
      "empirical_coverage": 0.8318666666666666
    },
    "9": {
      "coverage_mean": 0.8460666666666666,
      "coverage_std": 0.02143195952051256,
      "coverage_median": 0.848,
      "coverage_q25": 0.8274999999999999,
      "coverage_q75": 0.8614999999999999,
      "coverage_min": 0.81,
      "coverage_max": 0.886,
      "width_mean": 1.2074004711620427,
      "width_std": 0.03921368713473718,
      "width_median": 1.2197357877628692,
      "n_predictions_total": 15000,
      "empirical_coverage": 0.8460666666666666
    },
    "10": {
      "coverage_mean": 0.8414,
      "coverage_std": 0.018974720024284956,
      "coverage_median": 0.838,
      "coverage_q25": 0.83,
      "coverage_q75": 0.853,
      "coverage_min": 0.812,
      "coverage_max": 0.89,
      "width_mean": 1.1517893425220858,
      "width_std": 0.037479692816897316,
      "width_median": 1.156114752387227,
      "n_predictions_total": 15000,
      "empirical_coverage": 0.8414
    },
    "11": {
      "coverage_mean": 0.8509333333333333,
      "coverage_std": 0.01639295241525728,
      "coverage_median": 0.851,
      "coverage_q25": 0.842,
      "coverage_q75": 0.8594999999999999,
      "coverage_min": 0.818,
      "coverage_max": 0.882,
      "width_mean": 1.1419667803271791,
      "width_std": 0.03355277453891419,
      "width_median": 1.1363659963977417,
      "n_predictions_total": 15000,
      "empirical_coverage": 0.8509333333333333
    },
    "12": {
      "coverage_mean": 0.8685333333333333,
      "coverage_std": 0.022632916049172485,
      "coverage_median": 0.869,
      "coverage_q25": 0.853,
      "coverage_q75": 0.882,
      "coverage_min": 0.812,
      "coverage_max": 0.914,
      "width_mean": 1.1454701837156238,
      "width_std": 0.04845139757567064,
      "width_median": 1.1474887582601454,
      "n_predictions_total": 15000,
      "empirical_coverage": 0.8685333333333334
    },
    "13": {
      "coverage_mean": 0.8634666666666667,
      "coverage_std": 0.02135998335413419,
      "coverage_median": 0.866,
      "coverage_q25": 0.8505,
      "coverage_q75": 0.8755,
      "coverage_min": 0.816,
      "coverage_max": 0.902,
      "width_mean": 1.1228480663468754,
      "width_std": 0.040806818830576,
      "width_median": 1.1181555750436543,
      "n_predictions_total": 15000,
      "empirical_coverage": 0.8634666666666667
    },
    "14": {
      "coverage_mean": 0.8664666666666668,
      "coverage_std": 0.025100774667107178,
      "coverage_median": 0.872,
      "coverage_q25": 0.858,
      "coverage_q75": 0.8815,
      "coverage_min": 0.788,
      "coverage_max": 0.902,
      "width_mean": 1.108947068961708,
      "width_std": 0.06210044239869188,
      "width_median": 1.106985916192706,
      "n_predictions_total": 15000,
      "empirical_coverage": 0.8664666666666667
    },
    "15": {
      "coverage_mean": 0.8607333333333334,
      "coverage_std": 0.023102573209252887,
      "coverage_median": 0.863,
      "coverage_q25": 0.848,
      "coverage_q75": 0.8765000000000001,
      "coverage_min": 0.794,
      "coverage_max": 0.902,
      "width_mean": 1.0987392503657332,
      "width_std": 0.04543567129976866,
      "width_median": 1.0995067673022665,
      "n_predictions_total": 15000,
      "empirical_coverage": 0.8607333333333334
    },
    "16": {
      "coverage_mean": 0.8629333333333331,
      "coverage_std": 0.025286272077068933,