{
  "time_steps": [
    1,
    2,
    3,
    4,
    5,
    6,
    7,
    8,
    9,
    10,
    11,
    12,
    13,
    14,
    15,
    16,
    17,
    18,
    19,
    20,
    21,
    22,
    23,
    24,
    25,
    26,
    27,
    28,
    29,
    30,
    31,
    32,
    33,
    34,
    35,
    36,
    37,
    38,
    39,
    40
  ],
  "n_seeds": 10,
  "config": {
    "predictor": "algorithm",
    "n_series": 500,
    "n_train": 1000,
    "n_cal": 1000,
    "alpha": 0.1,
    "aci_stepsize": 0.005,
    "T": 40,
    "window_size": 800,
    "ar_coef": 0.9,
    "beta": 1.0,
    "noise_std": 0.2,
    "trend_coef": 0.0,
    "covariate_mode": "static",
    "with_shift": true,
    "use_lr": true,
    "covar_rate": 1.0,
    "covar_rate_shift": 2.0,
    "x_rate": 0.7,
    "x_trend": 0.0,
    "x_noise_std": 0.2,
    "x0_lambda": 1.0,
    "x_rate_shift": null,
    "x_trend_shift": null,
    "x_noise_std_shift": null,
    "x0_lambda_shift": null
  },
  "by_time": {
    "1": {
      "coverage_mean": 0.6548,
      "coverage_std": 0.032424681956805666,
      "coverage_median": 0.649,
      "coverage_q25": 0.631,
      "coverage_q75": 0.6865,
      "coverage_min": 0.61,
      "coverage_max": 0.706,
      "width_mean": 2.7794259258295946,
      "width_std": 0.11774874951739608,
      "width_median": 2.7603068212242396,
      "n_predictions_total": 5000,
      "empirical_coverage": 0.6548
    },
    "2": {
      "coverage_mean": 0.8548,
      "coverage_std": 0.030241693074297287,
      "coverage_median": 0.855,
      "coverage_q25": 0.835,
      "coverage_q75": 0.8755,
      "coverage_min": 0.806,
      "coverage_max": 0.906,
      "width_mean": 3.3292469542997667,
      "width_std": 0.2085816856553272,
      "width_median": 3.2631073758619373,
      "n_predictions_total": 5000,
      "empirical_coverage": 0.8548
    },
    "3": {
      "coverage_mean": 0.8794000000000001,
      "coverage_std": 0.02027905323233806,
      "coverage_median": 0.874,
      "coverage_q25": 0.867,
      "coverage_q75": 0.8955,
      "coverage_min": 0.85,
      "coverage_max": 0.914,
      "width_mean": 1.9781886234207158,
      "width_std": 0.07258125677946546,
      "width_median": 1.9785768950601244,
      "n_predictions_total": 5000,
      "empirical_coverage": 0.8794
    },
    "4": {
      "coverage_mean": 0.8879999999999999,
      "coverage_std": 0.024033310217279703,
      "coverage_median": 0.894,
      "coverage_q25": 0.884,
      "coverage_q75": 0.899,
      "coverage_min": 0.84,
      "coverage_max": 0.928,
      "width_mean": 1.4741763039510436,
      "width_std": 0.088095668792788,
      "width_median": 1.440877139031338,
      "n_predictions_total": 5000,
      "empirical_coverage": 0.888
    },
    "5": {
      "coverage_mean": 0.9126000000000001,
      "coverage_std": 0.013972830779766843,
      "coverage_median": 0.906,
      "coverage_q25": 0.9015,
      "coverage_q75": 0.923,
      "coverage_min": 0.896,
      "coverage_max": 0.942,
      "width_mean": 1.4528541583539556,
      "width_std": 0.08016057867293724,
      "width_median": 1.460108454697518,
      "n_predictions_total": 5000,
      "empirical_coverage": 0.9126
    },
    "6": {
      "coverage_mean": 0.9136000000000001,
      "coverage_std": 0.015041276541570526,
      "coverage_median": 0.918,
      "coverage_q25": 0.903,
      "coverage_q75": 0.92,
      "coverage_min": 0.888,
      "coverage_max": 0.942,
      "width_mean": 1.4843828319529657,
      "width_std": 0.06616287441742581,
      "width_median": 1.4867632733431635,
      "n_predictions_total": 5000,
      "empirical_coverage": 0.9136
    },
    "7": {
      "coverage_mean": 0.9048,
      "coverage_std": 0.01536749816983885,
      "coverage_median": 0.909,
      "coverage_q25": 0.8965000000000001,
      "coverage_q75": 0.9175,
      "coverage_min": 0.872,
      "coverage_max": 0.924,
      "width_mean": 1.51556326482628,
      "width_std": 0.04854124905148255,
      "width_median": 1.5171260440890726,
      "n_predictions_total": 5000,
      "empirical_coverage": 0.9048
    },
    "8": {
      "coverage_mean": 0.9,
      "coverage_std": 0.016370705543744916,
      "coverage_median": 0.908,
      "coverage_q25": 0.8925000000000001,
      "coverage_q75": 0.91,
      "coverage_min": 0.866,
      "coverage_max": 0.918,
      "width_mean": 1.5350113144005402,
      "width_std": 0.048838579885247986,
      "width_median": 1.5398028599529991,
      "n_predictions_total": 5000,
      "empirical_coverage": 0.9
    },
    "9": {
      "coverage_mean": 0.8872,
      "coverage_std": 0.01935355264544473,
      "coverage_median": 0.883,
      "coverage_q25": 0.875,
      "coverage_q75": 0.893,
      "coverage_min": 0.86,
      "coverage_max": 0.922,
      "width_mean": 1.552038510023682,
      "width_std": 0.04883067146215422,
      "width_median": 1.545420207471667,
      "n_predictions_total": 5000,
      "empirical_coverage": 0.8872
    },
    "10": {
      "coverage_mean": 0.8918000000000001,
      "coverage_std": 0.016357261384473885,
      "coverage_median": 0.895,
      "coverage_q25": 0.879,
      "coverage_q75": 0.8975,
      "coverage_min": 0.864,
      "coverage_max": 0.92,
      "width_mean": 1.5811371906431266,
      "width_std": 0.04764472565608296,
      "width_median": 1.563406454007178,
      "n_predictions_total": 5000,
      "empirical_coverage": 0.8918
    },
    "11": {
      "coverage_mean": 0.8932000000000002,
      "coverage_std": 0.01704582060213003,
      "coverage_median": 0.891,
      "coverage_q25": 0.882,
      "coverage_q75": 0.909,
      "coverage_min": 0.866,
      "coverage_max": 0.918,
      "width_mean": 1.5801473495065328,
      "width_std": 0.036105728955404454,
      "width_median": 1.5810579843964674,
      "n_predictions_total": 5000,
      "empirical_coverage": 0.8932
    },
    "12": {
      "coverage_mean": 0.8855999999999999,
      "coverage_std": 0.023130931671681558,
      "coverage_median": 0.89,
      "coverage_q25": 0.87,
      "coverage_q75": 0.9045000000000001,
      "coverage_min": 0.836,
      "coverage_max": 0.912,
      "width_mean": 1.5696584495217092,
      "width_std": 0.030538803417551674,
      "width_median": 1.5794871230200362,
      "n_predictions_total": 5000,
      "empirical_coverage": 0.8856
    },
    "13": {
      "coverage_mean": 0.8977999999999999,
      "coverage_std": 0.0171918585382733,
      "coverage_median": 0.898,
      "coverage_q25": 0.89,
      "coverage_q75": 0.9135,
      "coverage_min": 0.87,
      "coverage_max": 0.92,
      "width_mean": 1.5905904448017965,
      "width_std": 0.035738501534786485,
      "width_median": 1.5922921878835372,
      "n_predictions_total": 5000,
      "empirical_coverage": 0.8978
    },
    "14": {
      "coverage_mean": 0.8949999999999999,
      "coverage_std": 0.02225758297749333,
      "coverage_median": 0.9,
      "coverage_q25": 0.8815,
      "coverage_q75": 0.914,
      "coverage_min": 0.848,
      "coverage_max": 0.92,
      "width_mean": 1.5827393075161462,
      "width_std": 0.0593541438294144,
      "width_median": 1.589216642709606,
      "n_predictions_total": 5000,
      "empirical_coverage": 0.895
    },
    "15": {
      "coverage_mean": 0.893,
      "coverage_std": 0.022329352879114094,
      "coverage_median": 0.895,
      "coverage_q25": 0.882,
      "coverage_q75": 0.911,
      "coverage_min": 0.852,
      "coverage_max": 0.926,
      "width_mean": 1.5710358083975895,
      "width_std": 0.05772513808091642,
      "width_median": 1.563605437010597,
      "n_predictions_total": 5000,
      "empirical_coverage": 0.893
    },
    "16": {
      "coverage_mean": 0.9084000000000001,
      "coverage_std": 0.012705904139414883,
      "coverage_median": 0.905,
      "coverage_q25": 0.8995,
      "coverage_q75": 0.9155,
      "coverage_min": 0.892,
      "coverage_max": 0.936,
      "width_mean": 1.5724013002792419,
      "width_std": 0.04742177738819017,
      "width_median": 1.5707404855793432,
      "n_predictions_total": 5000,