{
  "time_steps": [
    1,
    2,
    3,
    4,
    5,
    6,
    7,
    8,
    9,
    10,
    11,
    12,
    13,
    14,
    15,
    16,
    17,
    18,
    19,
    20,
    21,
    22,
    23,
    24,
    25,
    26,
    27,
    28,
    29,
    30,
    31,
    32,
    33,
    34,
    35,
    36,
    37,
    38,
    39,
    40
  ],
  "n_seeds": 100,
  "config": {
    "predictor": "algorithm",
    "n_series": 500,
    "n_train": 1000,
    "n_cal": 1000,
    "alpha": 0.1,
    "aci_stepsize": 0.005,
    "T": 40,
    "window_size": 800,
    "ar_coef": 0.7,
    "beta": 1.0,
    "noise_std": 0.2,
    "trend_coef": 0.0,
    "covariate_mode": "dynamic",
    "with_shift": false,
    "covar_rate": 1.0,
    "covar_rate_shift": 2.0,
    "x_rate": 0.6,
    "x_trend": 0.0,
    "x_noise_std": 0.2,
    "x0_lambda": 1.0,
    "x_rate_shift": null,
    "x_trend_shift": null,
    "x_noise_std_shift": null,
    "x0_lambda_shift": null
  },
  "by_time": {
    "1": {
      "coverage_mean": 0.8976799999999998,
      "coverage_std": 0.016198073959579277,
      "coverage_median": 0.897,
      "coverage_q25": 0.886,
      "coverage_q75": 0.908,
      "coverage_min": 0.852,
      "coverage_max": 0.946,
      "width_mean": 2.7403855690791374,
      "width_std": 0.1163839290898881,
      "width_median": 2.7211695730780114,
      "n_predictions_total": 50000,
      "empirical_coverage": 0.89768
    },
    "2": {
      "coverage_mean": 0.8994000000000001,
      "coverage_std": 0.01703525755602188,
      "coverage_median": 0.898,
      "coverage_q25": 0.8875,
      "coverage_q75": 0.9105000000000001,
      "coverage_min": 0.854,
      "coverage_max": 0.936,
      "width_mean": 1.973292748036015,
      "width_std": 0.055927037602185835,
      "width_median": 1.9786867869081632,
      "n_predictions_total": 50000,
      "empirical_coverage": 0.8994
    },
    "3": {
      "coverage_mean": 0.89644,
      "coverage_std": 0.016592962363604653,
      "coverage_median": 0.896,
      "coverage_q25": 0.884,
      "coverage_q75": 0.908,
      "coverage_min": 0.846,
      "coverage_max": 0.936,
      "width_mean": 1.6423673088174164,
      "width_std": 0.06049931746283816,
      "width_median": 1.6401729405706602,
      "n_predictions_total": 50000,
      "empirical_coverage": 0.89644
    },
    "4": {
      "coverage_mean": 0.9005,
      "coverage_std": 0.01648848082753534,
      "coverage_median": 0.9,
      "coverage_q25": 0.892,
      "coverage_q75": 0.912,
      "coverage_min": 0.86,
      "coverage_max": 0.936,
      "width_mean": 1.54970592297623,
      "width_std": 0.050383613600266296,
      "width_median": 1.5476237218350661,
      "n_predictions_total": 50000,
      "empirical_coverage": 0.9005
    },
    "5": {
      "coverage_mean": 0.8985399999999999,
      "coverage_std": 0.02026001974332701,
      "coverage_median": 0.901,
      "coverage_q25": 0.8835,
      "coverage_q75": 0.912,
      "coverage_min": 0.836,
      "coverage_max": 0.944,
      "width_mean": 1.4828529425145158,
      "width_std": 0.04757109975955311,
      "width_median": 1.4828620016628533,
      "n_predictions_total": 50000,
      "empirical_coverage": 0.89854
    },
    "6": {
      "coverage_mean": 0.8976600000000002,
      "coverage_std": 0.017616026793803436,
      "coverage_median": 0.9,
      "coverage_q25": 0.884,
      "coverage_q75": 0.91,
      "coverage_min": 0.85,
      "coverage_max": 0.936,
      "width_mean": 1.4218441218076094,
      "width_std": 0.04457784844798721,
      "width_median": 1.4209163921318093,
      "n_predictions_total": 50000,
      "empirical_coverage": 0.89766
    },
    "7": {
      "coverage_mean": 0.8974199999999999,
      "coverage_std": 0.0171611071903884,
      "coverage_median": 0.898,
      "coverage_q25": 0.884,
      "coverage_q75": 0.91,
      "coverage_min": 0.85,
      "coverage_max": 0.938,
      "width_mean": 1.3505105700012,
      "width_std": 0.03576995534785701,
      "width_median": 1.3485792072470464,
      "n_predictions_total": 50000,
      "empirical_coverage": 0.89742
    },
    "8": {
      "coverage_mean": 0.89934,
      "coverage_std": 0.016880888602203395,
      "coverage_median": 0.898,
      "coverage_q25": 0.886,
      "coverage_q75": 0.914,
      "coverage_min": 0.868,
      "coverage_max": 0.936,
      "width_mean": 1.27679874242557,
      "width_std": 0.03704992229192733,
      "width_median": 1.2751124647658627,
      "n_predictions_total": 50000,
      "empirical_coverage": 0.89934
    },
    "9": {
      "coverage_mean": 0.9012600000000002,
      "coverage_std": 0.016694082784028612,
      "coverage_median": 0.903,
      "coverage_q25": 0.89,
      "coverage_q75": 0.9145000000000001,
      "coverage_min": 0.858,
      "coverage_max": 0.934,
      "width_mean": 1.2170126121109122,
      "width_std": 0.03145245242171761,
      "width_median": 1.2184361862407753,
      "n_predictions_total": 50000,
      "empirical_coverage": 0.90126
    },
    "10": {
      "coverage_mean": 0.8994200000000001,
      "coverage_std": 0.01641778304156808,
      "coverage_median": 0.901,
      "coverage_q25": 0.8875,
      "coverage_q75": 0.91,
      "coverage_min": 0.864,
      "coverage_max": 0.944,
      "width_mean": 1.1591931667298767,
      "width_std": 0.033567002666855875,
      "width_median": 1.1580256751547449,
      "n_predictions_total": 50000,
      "empirical_coverage": 0.89942
    },
    "11": {
      "coverage_mean": 0.9007599999999999,
      "coverage_std": 0.016104111276316998,
      "coverage_median": 0.9,
      "coverage_q25": 0.89,
      "coverage_q75": 0.912,
      "coverage_min": 0.862,
      "coverage_max": 0.942,
      "width_mean": 1.1250529789425867,
      "width_std": 0.03414553408432844,
      "width_median": 1.1245045926578867,
      "n_predictions_total": 50000,
      "empirical_coverage": 0.90076
    },
    "12": {
      "coverage_mean": 0.90342,
      "coverage_std": 0.01710273662312557,
      "coverage_median": 0.905,
      "coverage_q25": 0.8915,
      "coverage_q75": 0.9165000000000001,
      "coverage_min": 0.852,
      "coverage_max": 0.936,
      "width_mean": 1.1056966630851044,
      "width_std": 0.04133987889637016,
      "width_median": 1.103933699378361,
      "n_predictions_total": 50000,
      "empirical_coverage": 0.90342
    },
    "13": {
      "coverage_mean": 0.89998,
      "coverage_std": 0.0179476906592464,
      "coverage_median": 0.9,
      "coverage_q25": 0.888,
      "coverage_q75": 0.9125000000000001,
      "coverage_min": 0.828,
      "coverage_max": 0.94,
      "width_mean": 1.07778239582349,
      "width_std": 0.03345592816237465,
      "width_median": 1.073761328995762,
      "n_predictions_total": 50000,
      "empirical_coverage": 0.89998
    },
    "14": {
      "coverage_mean": 0.89968,
      "coverage_std": 0.019607590366998197,
      "coverage_median": 0.9,
      "coverage_q25": 0.8875,
      "coverage_q75": 0.9145000000000001,
      "coverage_min": 0.846,
      "coverage_max": 0.954,
      "width_mean": 1.0630825291825579,
      "width_std": 0.03600373321509369,
      "width_median": 1.0631991925987814,
      "n_predictions_total": 50000,
      "empirical_coverage": 0.89968
    },
    "15": {
      "coverage_mean": 0.8981800000000003,
      "coverage_std": 0.015221287724762332,
      "coverage_median": 0.896,
      "coverage_q25": 0.888,
      "coverage_q75": 0.91,
      "coverage_min": 0.86,
      "coverage_max": 0.928,
      "width_mean": 1.046861979703447,
      "width_std": 0.031877519209416026,
      "width_median": 1.0449126442026095,
      "n_predictions_total": 50000,
      "empirical_coverage": 0.89818
    },
    "16": {
      "coverage_mean": 0.89864,
      "coverage_std": 0.017674569301683155,
      "coverage_median": 0.9,
      "coverage_q25": 0.888,
      "coverage_q75": 0.912,
      "coverage_min": 0.856,
      "coverage_max": 0.936,
      "width_mean": 1.0450811674711984,
      "width_std": 0.03359592234700932,
      "width_median": 1.0438735403803436,