{
  "time_steps": [
    1,
    2,
    3,
    4,
    5,
    6,
    7,
    8,
    9,
    10,
    11,
    12,
    13,
    14,
    15,
    16,
    17,
    18,
    19,
    20
  ],
  "n_seeds": 3,
  "config": {
    "predictor": "algorithm",
    "n_series": 300,
    "n_train": 600,
    "n_cal": 600,
    "alpha": 0.1,
    "aci_stepsize": 0.005,
    "T": 20,
    "window_size": 800,
    "ar_coef": 0.7,
    "beta": 1.0,
    "noise_std": 0.2,
    "trend_coef": 0.0,
    "covariate_mode": "static",
    "with_shift": true,
    "use_lr": true,
    "weight_mode": "oracle_poisson",
    "covar_rate": 1.0,
    "covar_rate_shift": 2.0,
    "x_rate": 0.7,
    "x_trend": 0.0,
    "x_noise_std": 0.2,
    "x0_lambda": 1.0,
    "x_rate_shift": null,
    "x_trend_shift": null,
    "x_noise_std_shift": null,
    "x0_lambda_shift": null
  },
  "by_time": {
    "1": {
      "coverage_mean": 0.6544444444444445,
      "coverage_std": 0.005665577237325346,
      "coverage_median": 0.6566666666666666,
      "coverage_q25": 0.6516666666666666,
      "coverage_q75": 0.6583333333333333,
      "coverage_min": 0.6466666666666666,
      "coverage_max": 0.66,
      "width_mean": 2.697768798116258,
      "width_std": 0.10070323336606778,
      "width_median": 2.680552596675405,
      "n_predictions_total": 900,
      "empirical_coverage": 0.6544444444444445,
      "ess_mean": 600.0,
      "ess_std": 0.0
    },
    "2": {
      "coverage_mean": 0.8922222222222222,
      "coverage_std": 0.021998877636914795,
      "coverage_median": 0.8766666666666667,
      "coverage_q25": 0.8766666666666667,
      "coverage_q75": 0.9,
      "coverage_min": 0.8766666666666667,
      "coverage_max": 0.9233333333333333,
      "width_mean": 3.54358881503062,
      "width_std": 0.2327482564303272,
      "width_median": 3.5681057416148483,
      "n_predictions_total": 900,
      "empirical_coverage": 0.8922222222222222,
      "ess_mean": 261.1674023534377,
      "ess_std": 32.17446476448149
    },
    "3": {
      "coverage_mean": 0.8966666666666666,
      "coverage_std": 0.016996731711975962,
      "coverage_median": 0.89,
      "coverage_q25": 0.885,
      "coverage_q75": 0.905,
      "coverage_min": 0.88,
      "coverage_max": 0.92,
      "width_mean": 1.904457128346344,
      "width_std": 0.08964078467745362,
      "width_median": 1.9373393089538957,
      "n_predictions_total": 900,
      "empirical_coverage": 0.8966666666666666,
      "ess_mean": 261.1674023534377,
      "ess_std": 32.17446476448149
    },
    "4": {
      "coverage_mean": 0.9088888888888889,
      "coverage_std": 0.01812167381144455,
      "coverage_median": 0.9033333333333333,
      "coverage_q25": 0.8966666666666667,
      "coverage_q75": 0.9183333333333333,
      "coverage_min": 0.89,
      "coverage_max": 0.9333333333333333,
      "width_mean": 1.3320096853290797,
      "width_std": 0.061026215610999225,
      "width_median": 1.292495326140388,
      "n_predictions_total": 900,
      "empirical_coverage": 0.9088888888888889,
      "ess_mean": 261.1674023534377,
      "ess_std": 32.17446476448149
    },
    "5": {
      "coverage_mean": 0.8933333333333332,
      "coverage_std": 0.02419060117453026,
      "coverage_median": 0.9033333333333333,
      "coverage_q25": 0.8816666666666666,
      "coverage_q75": 0.9099999999999999,
      "coverage_min": 0.86,
      "coverage_max": 0.9166666666666666,
      "width_mean": 1.1994899172471127,
      "width_std": 0.061222749593509776,
      "width_median": 1.1984649392227527,
      "n_predictions_total": 900,
      "empirical_coverage": 0.8933333333333333,
      "ess_mean": 261.1674023534377,
      "ess_std": 32.17446476448149
    },
    "6": {
      "coverage_mean": 0.8966666666666666,
      "coverage_std": 0.0054433105395181635,
      "coverage_median": 0.8966666666666666,
      "coverage_q25": 0.8933333333333333,
      "coverage_q75": 0.8999999999999999,
      "coverage_min": 0.89,
      "coverage_max": 0.9033333333333333,
      "width_mean": 1.160872222891137,
      "width_std": 0.009233935293677446,
      "width_median": 1.1670621338684535,
      "n_predictions_total": 900,
      "empirical_coverage": 0.8966666666666666,
      "ess_mean": 261.1674023534377,
      "ess_std": 32.17446476448149
    },
    "7": {
      "coverage_mean": 0.9033333333333333,
      "coverage_std": 0.02419060117453026,
      "coverage_median": 0.9133333333333333,
      "coverage_q25": 0.8916666666666666,
      "coverage_q75": 0.9199999999999999,
      "coverage_min": 0.87,
      "coverage_max": 0.9266666666666666,
      "width_mean": 1.2161841959464381,
      "width_std": 0.024510668688782655,
      "width_median": 1.2265423771152746,
      "n_predictions_total": 900,
      "empirical_coverage": 0.9033333333333333,
      "ess_mean": 261.1674023534377,
      "ess_std": 32.17446476448149
    },
    "8": {
      "coverage_mean": 0.8822222222222221,
      "coverage_std": 0.021829869671542785,
      "coverage_median": 0.88,
      "coverage_q25": 0.8683333333333334,
      "coverage_q75": 0.895,
      "coverage_min": 0.8566666666666667,
      "coverage_max": 0.91,
      "width_mean": 1.156946902848745,
      "width_std": 0.03421309357935356,
      "width_median": 1.1676008668468134,
      "n_predictions_total": 900,
      "empirical_coverage": 0.8822222222222222,
      "ess_mean": 261.1674023534377,
      "ess_std": 32.17446476448149
    },
    "9": {
      "coverage_mean": 0.898888888888889,
      "coverage_std": 0.029101779674908398,
      "coverage_median": 0.88,
      "coverage_q25": 0.8783333333333334,
      "coverage_q75": 0.9099999999999999,
      "coverage_min": 0.8766666666666667,
      "coverage_max": 0.94,
      "width_mean": 1.093938717386184,
      "width_std": 0.027435458361941674,
      "width_median": 1.0873300904183343,
      "n_predictions_total": 900,
      "empirical_coverage": 0.8988888888888888,
      "ess_mean": 261.1674023534377,
      "ess_std": 32.17446476448149
    },
    "10": {
      "coverage_mean": 0.8944444444444444,
      "coverage_std": 0.01571348402636772,
      "coverage_median": 0.8833333333333333,
      "coverage_q25": 0.8833333333333333,
      "coverage_q75": 0.8999999999999999,
      "coverage_min": 0.8833333333333333,
      "coverage_max": 0.9166666666666666,
      "width_mean": 1.08192332329159,
      "width_std": 0.01330501455899323,
      "width_median": 1.0901344643113104,
      "n_predictions_total": 900,
      "empirical_coverage": 0.8944444444444445,
      "ess_mean": 261.1674023534377,
      "ess_std": 32.17446476448149
    },
    "11": {
      "coverage_mean": 0.8911111111111111,
      "coverage_std": 0.01662958838566197,
      "coverage_median": 0.8866666666666667,
      "coverage_q25": 0.88,
      "coverage_q75": 0.9,
      "coverage_min": 0.8733333333333333,
      "coverage_max": 0.9133333333333333,
      "width_mean": 1.0240058784534554,
      "width_std": 0.01509183125465979,
      "width_median": 1.0144466621992985,
      "n_predictions_total": 900,
      "empirical_coverage": 0.8911111111111111,
      "ess_mean": 261.1674023534377,
      "ess_std": 32.17446476448149
    },
    "12": {
      "coverage_mean": 0.91,
      "coverage_std": 0.008164965809277268,
      "coverage_median": 0.91,
      "coverage_q25": 0.905,
      "coverage_q75": 0.915,
      "coverage_min": 0.9,
      "coverage_max": 0.92,
      "width_mean": 1.0072123180415056,
      "width_std": 0.030419188549797346,
      "width_median": 1.0041200433351576,
      "n_predictions_total": 900,
      "empirical_coverage": 0.91,
      "ess_mean": 261.1674023534377,
      "ess_std": 32.17446476448149
    },
    "13": {
      "coverage_mean": 0.8933333333333334,
      "coverage_std": 0.028414915227876463,
      "coverage_median": 0.91,
      "coverage_q25": 0.8816666666666667,
      "coverage_q75": 0.9133333333333333,
      "coverage_min": 0.8533333333333334,
      "coverage_max": 0.9166666666666666,
      "width_mean": 1.0043093055136372,
      "width_std": 0.035378010044812176,