{
  "time_steps": [
    1,
    2,
    3,
    4,
    5,
    6,
    7,
    8,
    9,
    10,
    11,
    12,
    13,
    14,
    15,
    16,
    17,
    18,
    19,
    20,
    21,
    22,
    23,
    24,
    25,
    26,
    27,
    28,
    29,
    30,
    31,
    32,
    33,
    34,
    35,
    36,
    37,
    38,
    39,
    40
  ],
  "n_seeds": 30,
  "config": {
    "predictor": "algorithm",
    "n_series": 500,
    "n_train": 1000,
    "n_cal": 1000,
    "alpha": 0.1,
    "aci_stepsize": 0.005,
    "T": 40,
    "window_size": 800,
    "ar_coef": 0.7,
    "beta": 1.0,
    "noise_std": 0.2,
    "trend_coef": 0.0,
    "covariate_mode": "dynamic",
    "with_shift": true,
    "use_lr": true,
    "covar_rate": 1.0,
    "covar_rate_shift": 2.0,
    "x_rate": 0.6,
    "x_trend": 0.0,
    "x_noise_std": 0.2,
    "x0_lambda": 1.0,
    "x_rate_shift": 0.9,
    "x_trend_shift": null,
    "x_noise_std_shift": null,
    "x0_lambda_shift": null
  },
  "by_time": {
    "1": {
      "coverage_mean": 0.8989333333333334,
      "coverage_std": 0.01310199306297414,
      "coverage_median": 0.901,
      "coverage_q25": 0.8905000000000001,
      "coverage_q75": 0.908,
      "coverage_min": 0.866,
      "coverage_max": 0.926,
      "width_mean": 2.733352362609675,
      "width_std": 0.078374867331671,
      "width_median": 2.722327240697193,
      "n_predictions_total": 15000,
      "empirical_coverage": 0.8989333333333334
    },
    "2": {
      "coverage_mean": 0.8077333333333333,
      "coverage_std": 0.022305355610007384,
      "coverage_median": 0.807,
      "coverage_q25": 0.7905,
      "coverage_q75": 0.8234999999999999,
      "coverage_min": 0.762,
      "coverage_max": 0.848,
      "width_mean": 1.9836380173648662,
      "width_std": 0.05774319628028716,
      "width_median": 1.986594122059628,
      "n_predictions_total": 15000,
      "empirical_coverage": 0.8077333333333333
    },
    "3": {
      "coverage_mean": 0.7796000000000001,
      "coverage_std": 0.02343444757900928,
      "coverage_median": 0.783,
      "coverage_q25": 0.766,
      "coverage_q75": 0.7955000000000001,
      "coverage_min": 0.728,
      "coverage_max": 0.828,
      "width_mean": 1.622969560070602,
      "width_std": 0.06368595288685548,
      "width_median": 1.6346655688251697,
      "n_predictions_total": 15000,
      "empirical_coverage": 0.7796
    },
    "4": {
      "coverage_mean": 0.7868666666666667,
      "coverage_std": 0.02156344643655605,
      "coverage_median": 0.785,
      "coverage_q25": 0.7725,
      "coverage_q75": 0.7935000000000001,
      "coverage_min": 0.75,
      "coverage_max": 0.846,
      "width_mean": 1.5101953061180962,
      "width_std": 0.051771521046710726,
      "width_median": 1.5167780896286387,
      "n_predictions_total": 15000,
      "empirical_coverage": 0.7868666666666667
    },
    "5": {
      "coverage_mean": 0.8124666666666668,
      "coverage_std": 0.02356089038121341,
      "coverage_median": 0.816,
      "coverage_q25": 0.797,
      "coverage_q75": 0.8274999999999999,
      "coverage_min": 0.766,
      "coverage_max": 0.86,
      "width_mean": 1.467661581792485,
      "width_std": 0.045058641326364654,
      "width_median": 1.4796403147579986,
      "n_predictions_total": 15000,
      "empirical_coverage": 0.8124666666666667
    },
    "6": {
      "coverage_mean": 0.8327333333333334,
      "coverage_std": 0.018743769335138764,
      "coverage_median": 0.832,
      "coverage_q25": 0.8245,
      "coverage_q75": 0.848,
      "coverage_min": 0.79,
      "coverage_max": 0.872,
      "width_mean": 1.4358461767693602,
      "width_std": 0.039193632825276804,
      "width_median": 1.4368990907331702,
      "n_predictions_total": 15000,
      "empirical_coverage": 0.8327333333333333
    },
    "7": {
      "coverage_mean": 0.8443333333333334,
      "coverage_std": 0.018309074859812622,
      "coverage_median": 0.845,
      "coverage_q25": 0.832,
      "coverage_q75": 0.854,
      "coverage_min": 0.804,
      "coverage_max": 0.882,
      "width_mean": 1.3631312282218995,
      "width_std": 0.03185834099595833,
      "width_median": 1.3596214534352786,
      "n_predictions_total": 15000,
      "empirical_coverage": 0.8443333333333334
    },
    "8": {
      "coverage_mean": 0.8468666666666665,
      "coverage_std": 0.019285112277494156,
      "coverage_median": 0.849,
      "coverage_q25": 0.834,
      "coverage_q75": 0.86,
      "coverage_min": 0.806,
      "coverage_max": 0.884,
      "width_mean": 1.290158767873677,
      "width_std": 0.03534262767689247,
      "width_median": 1.2897632086689677,
      "n_predictions_total": 15000,
      "empirical_coverage": 0.8468666666666667
    },
    "9": {
      "coverage_mean": 0.8562666666666666,
      "coverage_std": 0.021477016138705653,
      "coverage_median": 0.855,
      "coverage_q25": 0.836,
      "coverage_q75": 0.8734999999999999,
      "coverage_min": 0.818,
      "coverage_max": 0.896,
      "width_mean": 1.2270293091369626,
      "width_std": 0.039353512982319275,
      "width_median": 1.2320690345079006,
      "n_predictions_total": 15000,
      "empirical_coverage": 0.8562666666666666
    },
    "10": {
      "coverage_mean": 0.8455333333333335,
      "coverage_std": 0.02021671475674413,
      "coverage_median": 0.843,
      "coverage_q25": 0.831,
      "coverage_q75": 0.858,
      "coverage_min": 0.812,
      "coverage_max": 0.894,
      "width_mean": 1.1575763426461687,
      "width_std": 0.036006276836771656,
      "width_median": 1.154861491610978,
      "n_predictions_total": 15000,
      "empirical_coverage": 0.8455333333333334
    },
    "11": {
      "coverage_mean": 0.8481999999999998,
      "coverage_std": 0.017145261736118248,
      "coverage_median": 0.847,
      "coverage_q25": 0.8345,
      "coverage_q75": 0.8574999999999999,
      "coverage_min": 0.816,
      "coverage_max": 0.88,
      "width_mean": 1.1293584471215383,
      "width_std": 0.028803638683637386,
      "width_median": 1.1236141595167863,
      "n_predictions_total": 15000,
      "empirical_coverage": 0.8482
    },
    "12": {
      "coverage_mean": 0.8655333333333335,
      "coverage_std": 0.023413291571716753,
      "coverage_median": 0.865,
      "coverage_q25": 0.8485,
      "coverage_q75": 0.8815,
      "coverage_min": 0.806,
      "coverage_max": 0.906,
      "width_mean": 1.1420655995206341,
      "width_std": 0.05654521451964066,
      "width_median": 1.1395152142998062,
      "n_predictions_total": 15000,
      "empirical_coverage": 0.8655333333333334
    },
    "13": {
      "coverage_mean": 0.8592,
      "coverage_std": 0.020633952602446305,
      "coverage_median": 0.86,
      "coverage_q25": 0.848,
      "coverage_q75": 0.871,
      "coverage_min": 0.82,
      "coverage_max": 0.9,
      "width_mean": 1.1169431962133476,
      "width_std": 0.04407186403415574,
      "width_median": 1.1066749103900615,
      "n_predictions_total": 15000,
      "empirical_coverage": 0.8592
    },
    "14": {
      "coverage_mean": 0.8645999999999999,
      "coverage_std": 0.02462058759114684,
      "coverage_median": 0.872,
      "coverage_q25": 0.8545,
      "coverage_q75": 0.8815,
      "coverage_min": 0.786,
      "coverage_max": 0.898,
      "width_mean": 1.1055448987525962,
      "width_std": 0.06213695744124305,
      "width_median": 1.1082198947470676,
      "n_predictions_total": 15000,
      "empirical_coverage": 0.8646
    },
    "15": {
      "coverage_mean": 0.8568666666666666,
      "coverage_std": 0.023964881713781857,
      "coverage_median": 0.855,
      "coverage_q25": 0.844,
      "coverage_q75": 0.8674999999999999,
      "coverage_min": 0.798,
      "coverage_max": 0.906,
      "width_mean": 1.0913371811214923,
      "width_std": 0.04234108064075832,
      "width_median": 1.103150153693814,
      "n_predictions_total": 15000,
      "empirical_coverage": 0.8568666666666667
    },
    "16": {
      "coverage_mean": 0.8619333333333334,
      "coverage_std": 0.026720695267068863,