{
  "time_steps": [
    1,
    2,
    3,
    4,
    5,
    6,
    7,
    8,
    9,
    10,
    11,
    12,
    13,
    14,
    15,
    16,
    17,
    18,
    19,
    20,
    21,
    22,
    23,
    24,
    25,
    26,
    27,
    28,
    29,
    30,
    31,
    32,
    33,
    34,
    35,
    36,
    37,
    38,
    39,
    40
  ],
  "n_seeds": 30,
  "config": {
    "predictor": "algorithm",
    "n_series": 500,
    "n_train": 1000,
    "n_cal": 1000,
    "alpha": 0.1,
    "aci_stepsize": 0.005,
    "T": 40,
    "window_size": 800,
    "ar_coef": 0.7,
    "beta": 1.0,
    "noise_std": 0.2,
    "trend_coef": 0.0,
    "covariate_mode": "static",
    "with_shift": true,
    "use_lr": true,
    "covar_rate": 1.0,
    "covar_rate_shift": 2.0,
    "x_rate": 0.7,
    "x_trend": 0.0,
    "x_noise_std": 0.2,
    "x0_lambda": 1.0,
    "x_rate_shift": null,
    "x_trend_shift": null,
    "x_noise_std_shift": null,
    "x0_lambda_shift": null
  },
  "by_time": {
    "1": {
      "coverage_mean": 0.6588666666666667,
      "coverage_std": 0.027850473764172993,
      "coverage_median": 0.654,
      "coverage_q25": 0.6385000000000001,
      "coverage_q75": 0.6845,
      "coverage_min": 0.61,
      "coverage_max": 0.714,
      "width_mean": 2.75777211393703,
      "width_std": 0.1139031720041983,
      "width_median": 2.7323641918167634,
      "n_predictions_total": 15000,
      "empirical_coverage": 0.6588666666666667
    },
    "2": {
      "coverage_mean": 0.8213333333333332,
      "coverage_std": 0.02522608878830713,
      "coverage_median": 0.822,
      "coverage_q25": 0.8085,
      "coverage_q75": 0.84,
      "coverage_min": 0.764,
      "coverage_max": 0.868,
      "width_mean": 2.8434055709644066,
      "width_std": 0.17468417206648768,
      "width_median": 2.826309187768239,
      "n_predictions_total": 15000,
      "empirical_coverage": 0.8213333333333334
    },
    "3": {
      "coverage_mean": 0.8785333333333334,
      "coverage_std": 0.023843564237662877,
      "coverage_median": 0.874,
      "coverage_q25": 0.864,
      "coverage_q75": 0.8955,
      "coverage_min": 0.836,
      "coverage_max": 0.938,
      "width_mean": 1.7760365353459273,
      "width_std": 0.0881659450603664,
      "width_median": 1.7669402768009534,
      "n_predictions_total": 15000,
      "empirical_coverage": 0.8785333333333334
    },
    "4": {
      "coverage_mean": 0.9041333333333335,
      "coverage_std": 0.01978506732080762,
      "coverage_median": 0.909,
      "coverage_q25": 0.8935,
      "coverage_q75": 0.92,
      "coverage_min": 0.846,
      "coverage_max": 0.936,
      "width_mean": 1.3702606937104258,
      "width_std": 0.06728368756111411,
      "width_median": 1.3692386551873859,
      "n_predictions_total": 15000,
      "empirical_coverage": 0.9041333333333333
    },
    "5": {
      "coverage_mean": 0.9142,
      "coverage_std": 0.0126317061397105,
      "coverage_median": 0.914,
      "coverage_q25": 0.9085000000000001,
      "coverage_q75": 0.923,
      "coverage_min": 0.89,
      "coverage_max": 0.938,
      "width_mean": 1.2808714213408343,
      "width_std": 0.048618757998286244,
      "width_median": 1.296976774540998,
      "n_predictions_total": 15000,
      "empirical_coverage": 0.9142
    },
    "6": {
      "coverage_mean": 0.9124000000000003,
      "coverage_std": 0.018693314312876675,
      "coverage_median": 0.914,
      "coverage_q25": 0.903,
      "coverage_q75": 0.924,
      "coverage_min": 0.87,
      "coverage_max": 0.952,
      "width_mean": 1.2467153744936432,
      "width_std": 0.049284911235791436,
      "width_median": 1.258978884881317,
      "n_predictions_total": 15000,
      "empirical_coverage": 0.9124
    },
    "7": {
      "coverage_mean": 0.9131333333333332,
      "coverage_std": 0.014520636655769914,
      "coverage_median": 0.911,
      "coverage_q25": 0.9025000000000001,
      "coverage_q75": 0.9255,
      "coverage_min": 0.882,
      "coverage_max": 0.938,
      "width_mean": 1.2273500917040747,
      "width_std": 0.043214043613895504,
      "width_median": 1.2241298445844668,
      "n_predictions_total": 15000,
      "empirical_coverage": 0.9131333333333334
    },
    "8": {
      "coverage_mean": 0.9048,
      "coverage_std": 0.017030169308220836,
      "coverage_median": 0.905,
      "coverage_q25": 0.894,
      "coverage_q75": 0.9175,
      "coverage_min": 0.87,
      "coverage_max": 0.938,
      "width_mean": 1.1813649867366085,
      "width_std": 0.030399533532908463,
      "width_median": 1.187050953237218,
      "n_predictions_total": 15000,
      "empirical_coverage": 0.9048
    },
    "9": {
      "coverage_mean": 0.8999333333333333,
      "coverage_std": 0.017037083735845837,
      "coverage_median": 0.901,
      "coverage_q25": 0.8905000000000001,
      "coverage_q75": 0.9135,
      "coverage_min": 0.86,
      "coverage_max": 0.928,
      "width_mean": 1.1533209641693358,
      "width_std": 0.039238460784735425,
      "width_median": 1.154488699580377,
      "n_predictions_total": 15000,
      "empirical_coverage": 0.8999333333333334
    },
    "10": {
      "coverage_mean": 0.9026666666666666,
      "coverage_std": 0.013792107243718146,
      "coverage_median": 0.9,
      "coverage_q25": 0.8925000000000001,
      "coverage_q75": 0.9135,
      "coverage_min": 0.878,
      "coverage_max": 0.936,
      "width_mean": 1.1212458797732032,
      "width_std": 0.041642453930555004,
      "width_median": 1.1266968424730077,
      "n_predictions_total": 15000,
      "empirical_coverage": 0.9026666666666666
    },
    "11": {
      "coverage_mean": 0.9036000000000001,
      "coverage_std": 0.01710672382427449,
      "coverage_median": 0.901,
      "coverage_q25": 0.8905000000000001,
      "coverage_q75": 0.9175,
      "coverage_min": 0.866,
      "coverage_max": 0.934,
      "width_mean": 1.0886654854305318,
      "width_std": 0.034139503855902475,
      "width_median": 1.0875009642574862,
      "n_predictions_total": 15000,
      "empirical_coverage": 0.9036
    },
    "12": {
      "coverage_mean": 0.8988666666666668,
      "coverage_std": 0.01577917051755962,
      "coverage_median": 0.896,
      "coverage_q25": 0.89,
      "coverage_q75": 0.91,
      "coverage_min": 0.868,
      "coverage_max": 0.926,
      "width_mean": 1.0420458333912472,
      "width_std": 0.03762182930443087,
      "width_median": 1.0372009835276623,
      "n_predictions_total": 15000,
      "empirical_coverage": 0.8988666666666667
    },
    "13": {
      "coverage_mean": 0.9038666666666667,
      "coverage_std": 0.01330597192575157,
      "coverage_median": 0.903,
      "coverage_q25": 0.896,
      "coverage_q75": 0.9095,
      "coverage_min": 0.882,
      "coverage_max": 0.938,
      "width_mean": 1.0161243903361012,
      "width_std": 0.03814036865640303,
      "width_median": 1.0214220004396357,
      "n_predictions_total": 15000,
      "empirical_coverage": 0.9038666666666667
    },
    "14": {
      "coverage_mean": 0.9051333333333333,
      "coverage_std": 0.014195617477079182,
      "coverage_median": 0.907,
      "coverage_q25": 0.895,
      "coverage_q75": 0.916,
      "coverage_min": 0.878,
      "coverage_max": 0.926,
      "width_mean": 0.9928158470936947,
      "width_std": 0.0323581925636717,
      "width_median": 0.9918086944214912,
      "n_predictions_total": 15000,
      "empirical_coverage": 0.9051333333333333
    },
    "15": {
      "coverage_mean": 0.9011333333333333,
      "coverage_std": 0.021157714642392012,
      "coverage_median": 0.901,
      "coverage_q25": 0.89,
      "coverage_q75": 0.914,
      "coverage_min": 0.848,
      "coverage_max": 0.944,
      "width_mean": 0.9702630749375386,
      "width_std": 0.036566911211368146,
      "width_median": 0.9673251551170673,
      "n_predictions_total": 15000,
      "empirical_coverage": 0.9011333333333333
    },
    "16": {
      "coverage_mean": 0.9092666666666667,
      "coverage_std": 0.013947361359371491,
      "coverage_median": 0.911,
      "coverage_q25": 0.904,