{
  "time_steps": [
    1,
    2,
    3,
    4,
    5,
    6,
    7,
    8,
    9,
    10,
    11,
    12,
    13,
    14,
    15,
    16,
    17,
    18,
    19,
    20,
    21,
    22,
    23,
    24,
    25,
    26,
    27,
    28,
    29,
    30,
    31,
    32,
    33,
    34,
    35,
    36,
    37,
    38,
    39,
    40
  ],
  "n_seeds": 10,
  "config": {
    "predictor": "algorithm",
    "n_series": 500,
    "n_train": 1000,
    "n_cal": 1000,
    "alpha": 0.1,
    "aci_stepsize": 0.005,
    "T": 40,
    "window_size": 800,
    "ar_coef": 0.7,
    "beta": 1.0,
    "noise_std": 0.2,
    "trend_coef": 0.0,
    "covariate_mode": "static",
    "with_shift": true,
    "use_lr": true,
    "covar_rate": 1.0,
    "covar_rate_shift": 4.0,
    "x_rate": 0.7,
    "x_trend": 0.0,
    "x_noise_std": 0.2,
    "x0_lambda": 1.0,
    "x_rate_shift": null,
    "x_trend_shift": null,
    "x_noise_std_shift": null,
    "x0_lambda_shift": null
  },
  "by_time": {
    "1": {
      "coverage_mean": 0.23959999999999998,
      "coverage_std": 0.021832086478392305,
      "coverage_median": 0.242,
      "coverage_q25": 0.2295,
      "coverage_q75": 0.2535,
      "coverage_min": 0.2,
      "coverage_max": 0.276,
      "width_mean": 2.7794259258295946,
      "width_std": 0.11774874951739625,
      "width_median": 2.7603068212242396,
      "n_predictions_total": 5000,
      "empirical_coverage": 0.2396
    },
    "2": {
      "coverage_mean": 0.5384,
      "coverage_std": 0.08083959425924897,
      "coverage_median": 0.522,
      "coverage_q25": 0.505,
      "coverage_q75": 0.5425,
      "coverage_min": 0.456,
      "coverage_max": 0.758,
      "width_mean": 3.730684369358187,
      "width_std": 0.4551926649198949,
      "width_median": 3.6474654388258743,
      "n_predictions_total": 5000,
      "empirical_coverage": 0.5384
    },
    "3": {
      "coverage_mean": 0.6075999999999999,
      "coverage_std": 0.046396551595996864,
      "coverage_median": 0.605,
      "coverage_q25": 0.579,
      "coverage_q75": 0.6265000000000001,
      "coverage_min": 0.544,
      "coverage_max": 0.718,
      "width_mean": 1.90235936786131,
      "width_std": 0.12330427467236259,
      "width_median": 1.920003558204768,
      "n_predictions_total": 5000,
      "empirical_coverage": 0.6076
    },
    "4": {
      "coverage_mean": 0.7394000000000001,
      "coverage_std": 0.05615015583237503,
      "coverage_median": 0.724,
      "coverage_q25": 0.714,
      "coverage_q75": 0.748,
      "coverage_min": 0.648,
      "coverage_max": 0.84,
      "width_mean": 1.1938965037983764,
      "width_std": 0.07414764181064964,
      "width_median": 1.1798133188588205,
      "n_predictions_total": 5000,
      "empirical_coverage": 0.7394
    },
    "5": {
      "coverage_mean": 0.9006000000000001,
      "coverage_std": 0.01564736399525493,
      "coverage_median": 0.895,
      "coverage_q25": 0.889,
      "coverage_q75": 0.9125000000000001,
      "coverage_min": 0.878,
      "coverage_max": 0.926,
      "width_mean": 1.1004058116640392,
      "width_std": 0.05883996826519572,
      "width_median": 1.1078332069620629,
      "n_predictions_total": 5000,
      "empirical_coverage": 0.9006
    },
    "6": {
      "coverage_mean": 0.9456,
      "coverage_std": 0.012986146464598313,
      "coverage_median": 0.948,
      "coverage_q25": 0.9365,
      "coverage_q75": 0.954,
      "coverage_min": 0.922,
      "coverage_max": 0.968,
      "width_mean": 1.1709379368413193,
      "width_std": 0.05123552352589977,
      "width_median": 1.1621227692690501,
      "n_predictions_total": 5000,
      "empirical_coverage": 0.9456
    },
    "7": {
      "coverage_mean": 0.9486000000000001,
      "coverage_std": 0.012682271089990144,
      "coverage_median": 0.948,
      "coverage_q25": 0.939,
      "coverage_q75": 0.9575,
      "coverage_min": 0.926,
      "coverage_max": 0.972,
      "width_mean": 1.178986167021698,
      "width_std": 0.03564426649875509,
      "width_median": 1.1741437600897657,
      "n_predictions_total": 5000,
      "empirical_coverage": 0.9486
    },
    "8": {
      "coverage_mean": 0.9378000000000002,
      "coverage_std": 0.01560640893991949,
      "coverage_median": 0.9359999999999999,
      "coverage_q25": 0.9285000000000001,
      "coverage_q75": 0.9515,
      "coverage_min": 0.906,
      "coverage_max": 0.958,
      "width_mean": 1.1509785464121858,
      "width_std": 0.04573818923245264,
      "width_median": 1.155468522035699,
      "n_predictions_total": 5000,
      "empirical_coverage": 0.9378
    },
    "9": {
      "coverage_mean": 0.9272,
      "coverage_std": 0.018637596411554772,
      "coverage_median": 0.926,
      "coverage_q25": 0.9185000000000001,
      "coverage_q75": 0.933,
      "coverage_min": 0.894,
      "coverage_max": 0.964,
      "width_mean": 1.1293516667918568,
      "width_std": 0.05162866523841892,
      "width_median": 1.1241614523745829,
      "n_predictions_total": 5000,
      "empirical_coverage": 0.9272
    },
    "10": {
      "coverage_mean": 0.9380000000000001,
      "coverage_std": 0.01903680645486524,
      "coverage_median": 0.9339999999999999,
      "coverage_q25": 0.926,
      "coverage_q75": 0.951,
      "coverage_min": 0.912,
      "coverage_max": 0.968,
      "width_mean": 1.1143770899123242,
      "width_std": 0.05233675101092225,
      "width_median": 1.1177089585831972,
      "n_predictions_total": 5000,
      "empirical_coverage": 0.938
    },
    "11": {
      "coverage_mean": 0.9248,
      "coverage_std": 0.019823218709382168,
      "coverage_median": 0.922,
      "coverage_q25": 0.908,
      "coverage_q75": 0.9335,
      "coverage_min": 0.904,
      "coverage_max": 0.968,
      "width_mean": 1.0834504816160173,
      "width_std": 0.048904842679777336,
      "width_median": 1.0761836013230164,
      "n_predictions_total": 5000,
      "empirical_coverage": 0.9248
    },
    "12": {
      "coverage_mean": 0.9086000000000001,
      "coverage_std": 0.011029052543169798,
      "coverage_median": 0.909,
      "coverage_q25": 0.9065000000000001,
      "coverage_q75": 0.9115,
      "coverage_min": 0.882,
      "coverage_max": 0.928,
      "width_mean": 0.9953766778552577,
      "width_std": 0.028835834580801616,
      "width_median": 0.997650240435165,
      "n_predictions_total": 5000,
      "empirical_coverage": 0.9086
    },
    "13": {
      "coverage_mean": 0.917,
      "coverage_std": 0.015981239000778375,
      "coverage_median": 0.914,
      "coverage_q25": 0.9015,
      "coverage_q75": 0.928,
      "coverage_min": 0.898,
      "coverage_max": 0.946,
      "width_mean": 1.001521677748134,
      "width_std": 0.037238115768802434,
      "width_median": 1.0088193360943325,
      "n_predictions_total": 5000,
      "empirical_coverage": 0.917
    },
    "14": {
      "coverage_mean": 0.9104000000000001,
      "coverage_std": 0.0161195533436879,
      "coverage_median": 0.91,
      "coverage_q25": 0.8945000000000001,
      "coverage_q75": 0.9225000000000001,
      "coverage_min": 0.89,
      "coverage_max": 0.942,
      "width_mean": 0.9624564072507253,
      "width_std": 0.049232561172695706,
      "width_median": 0.9592293602381446,
      "n_predictions_total": 5000,
      "empirical_coverage": 0.9104
    },
    "15": {
      "coverage_mean": 0.9181999999999999,
      "coverage_std": 0.02412384712271239,
      "coverage_median": 0.914,
      "coverage_q25": 0.9045000000000001,
      "coverage_q75": 0.9375,
      "coverage_min": 0.878,
      "coverage_max": 0.958,
      "width_mean": 0.9383311760118429,
      "width_std": 0.06609439735198189,
      "width_median": 0.9263987892603434,
      "n_predictions_total": 5000,
      "empirical_coverage": 0.9182
    },
    "16": {
      "coverage_mean": 0.9171999999999999,
      "coverage_std": 0.015904716281656805,
      "coverage_median": 0.914,
      "coverage_q25": 0.909,
      "coverage_q75": 0.9329999999999999,
      "coverage_min": 0.892,
      "coverage_max": 0.94,