{
  "time_steps": [
    1,
    2,
    3,
    4,
    5,
    6,
    7,
    8,
    9,
    10,
    11,
    12,
    13,
    14,
    15,
    16,
    17,
    18,
    19,
    20
  ],
  "n_seeds": 3,
  "config": {
    "predictor": "algorithm",
    "n_series": 300,
    "n_train": 600,
    "n_cal": 600,
    "alpha": 0.1,
    "aci_stepsize": 0.005,
    "T": 20,
    "window_size": 800,
    "ar_coef": 0.7,
    "beta": 1.0,
    "noise_std": 0.2,
    "trend_coef": 0.0,
    "covariate_mode": "static",
    "with_shift": true,
    "use_lr": true,
    "weight_mode": "oracle_poisson",
    "covar_rate": 1.0,
    "covar_rate_shift": 2.0,
    "x_rate": 0.7,
    "x_trend": 0.0,
    "x_noise_std": 0.2,
    "x0_lambda": 1.0,
    "x_rate_shift": null,
    "x_trend_shift": null,
    "x_noise_std_shift": null,
    "x0_lambda_shift": null
  },
  "by_time": {
    "1": {
      "coverage_mean": 0.6544444444444445,
      "coverage_std": 0.005665577237325346,
      "coverage_median": 0.6566666666666666,
      "coverage_q25": 0.6516666666666666,
      "coverage_q75": 0.6583333333333333,
      "coverage_min": 0.6466666666666666,
      "coverage_max": 0.66,
      "width_mean": 2.697768798116258,
      "width_std": 0.10070323336606778,
      "width_median": 2.680552596675405,
      "n_predictions_total": 900,
      "empirical_coverage": 0.6544444444444445,
      "ess_mean": 600.0,
      "ess_std": 0.0
    },
    "2": {
      "coverage_mean": 0.8877777777777779,
      "coverage_std": 0.022825153982415736,
      "coverage_median": 0.8733333333333333,
      "coverage_q25": 0.8716666666666666,
      "coverage_q75": 0.8966666666666667,
      "coverage_min": 0.87,
      "coverage_max": 0.92,
      "width_mean": 3.4926994048058924,
      "width_std": 0.24508057338519748,
      "width_median": 3.528692840358922,
      "n_predictions_total": 900,
      "empirical_coverage": 0.8877777777777778,
      "ess_mean": 261.1674023534377,
      "ess_std": 32.17446476448149
    },
    "3": {
      "coverage_mean": 0.888888888888889,
      "coverage_std": 0.019116278371205823,
      "coverage_median": 0.8866666666666667,
      "coverage_q25": 0.8766666666666667,
      "coverage_q75": 0.9,
      "coverage_min": 0.8666666666666667,
      "coverage_max": 0.9133333333333333,
      "width_mean": 1.8808777812459496,
      "width_std": 0.08235037224205168,
      "width_median": 1.9097344384231603,
      "n_predictions_total": 900,
      "empirical_coverage": 0.8888888888888888,
      "ess_mean": 261.1674023534377,
      "ess_std": 32.17446476448149
    },
    "4": {
      "coverage_mean": 0.9066666666666667,
      "coverage_std": 0.016996731711975962,
      "coverage_median": 0.9,
      "coverage_q25": 0.895,
      "coverage_q75": 0.915,
      "coverage_min": 0.89,
      "coverage_max": 0.93,
      "width_mean": 1.3156411673595727,
      "width_std": 0.06768368313103225,
      "width_median": 1.2698373006875865,
      "n_predictions_total": 900,
      "empirical_coverage": 0.9066666666666666,
      "ess_mean": 261.1674023534377,
      "ess_std": 32.17446476448149
    },
    "5": {
      "coverage_mean": 0.8911111111111111,
      "coverage_std": 0.024695678634325396,
      "coverage_median": 0.9033333333333333,
      "coverage_q25": 0.88,
      "coverage_q75": 0.9083333333333333,
      "coverage_min": 0.8566666666666667,
      "coverage_max": 0.9133333333333333,
      "width_mean": 1.183369354048935,
      "width_std": 0.06252507302326421,
      "width_median": 1.1816483727557707,
      "n_predictions_total": 900,
      "empirical_coverage": 0.8911111111111111,
      "ess_mean": 261.1674023534377,
      "ess_std": 32.17446476448149
    },
    "6": {
      "coverage_mean": 0.8922222222222222,
      "coverage_std": 0.011331154474650605,
      "coverage_median": 0.8966666666666666,
      "coverage_q25": 0.8866666666666667,
      "coverage_q75": 0.8999999999999999,
      "coverage_min": 0.8766666666666667,
      "coverage_max": 0.9033333333333333,
      "width_mean": 1.1490115897055275,
      "width_std": 0.009920197153529434,
      "width_median": 1.155654224241269,
      "n_predictions_total": 900,
      "empirical_coverage": 0.8922222222222222,
      "ess_mean": 261.1674023534377,
      "ess_std": 32.17446476448149
    },
    "7": {
      "coverage_mean": 0.8966666666666668,
      "coverage_std": 0.028414915227876494,
      "coverage_median": 0.9133333333333333,
      "coverage_q25": 0.885,
      "coverage_q75": 0.9166666666666667,
      "coverage_min": 0.8566666666666667,
      "coverage_max": 0.92,
      "width_mean": 1.2072152068054365,
      "width_std": 0.025956050443599984,
      "width_median": 1.2166783146945594,
      "n_predictions_total": 900,
      "empirical_coverage": 0.8966666666666666,
      "ess_mean": 261.1674023534377,
      "ess_std": 32.17446476448149
    },
    "8": {
      "coverage_mean": 0.8833333333333333,
      "coverage_std": 0.0217732421580727,
      "coverage_median": 0.8833333333333333,
      "coverage_q25": 0.87,
      "coverage_q75": 0.8966666666666667,
      "coverage_min": 0.8566666666666667,
      "coverage_max": 0.91,
      "width_mean": 1.14481086253148,
      "width_std": 0.03266297871252901,
      "width_median": 1.1540460883745043,
      "n_predictions_total": 900,
      "empirical_coverage": 0.8833333333333333,
      "ess_mean": 261.1674023534377,
      "ess_std": 32.17446476448149
    },
    "9": {
      "coverage_mean": 0.8933333333333332,
      "coverage_std": 0.030671497204093914,
      "coverage_median": 0.8733333333333333,
      "coverage_q25": 0.8716666666666666,
      "coverage_q75": 0.905,
      "coverage_min": 0.87,
      "coverage_max": 0.9366666666666666,
      "width_mean": 1.0834262113549065,
      "width_std": 0.03081335082582889,
      "width_median": 1.0725585699897464,
      "n_predictions_total": 900,
      "empirical_coverage": 0.8933333333333333,
      "ess_mean": 261.1674023534377,
      "ess_std": 32.17446476448149
    },
    "10": {
      "coverage_mean": 0.8922222222222222,
      "coverage_std": 0.017284832429004478,
      "coverage_median": 0.88,
      "coverage_q25": 0.88,
      "coverage_q75": 0.8983333333333333,
      "coverage_min": 0.88,
      "coverage_max": 0.9166666666666666,
      "width_mean": 1.0713968171878692,
      "width_std": 0.014519785963842334,
      "width_median": 1.0814325454917417,
      "n_predictions_total": 900,
      "empirical_coverage": 0.8922222222222222,
      "ess_mean": 261.1674023534377,
      "ess_std": 32.17446476448149
    },
    "11": {
      "coverage_mean": 0.8911111111111111,
      "coverage_std": 0.01662958838566197,
      "coverage_median": 0.8866666666666667,
      "coverage_q25": 0.88,
      "coverage_q75": 0.9,
      "coverage_min": 0.8733333333333333,
      "coverage_max": 0.9133333333333333,
      "width_mean": 1.0109386581182174,
      "width_std": 0.01395437770817793,
      "width_median": 1.0053871915452237,
      "n_predictions_total": 900,
      "empirical_coverage": 0.8911111111111111,
      "ess_mean": 261.1674023534377,
      "ess_std": 32.17446476448149
    },
    "12": {
      "coverage_mean": 0.9077777777777777,
      "coverage_std": 0.00955813918560296,
      "coverage_median": 0.9066666666666666,
      "coverage_q25": 0.9016666666666666,
      "coverage_q75": 0.9133333333333333,
      "coverage_min": 0.8966666666666666,
      "coverage_max": 0.92,
      "width_mean": 0.9979759957707528,
      "width_std": 0.03061846183104352,
      "width_median": 0.9956157193221545,
      "n_predictions_total": 900,
      "empirical_coverage": 0.9077777777777778,
      "ess_mean": 261.1674023534377,
      "ess_std": 32.17446476448149
    },
    "13": {
      "coverage_mean": 0.8877777777777777,
      "coverage_std": 0.02935521069693978,
      "coverage_median": 0.9033333333333333,
      "coverage_q25": 0.875,
      "coverage_q75": 0.9083333333333333,
      "coverage_min": 0.8466666666666667,
      "coverage_max": 0.9133333333333333,
      "width_mean": 0.9917364184972023,