{
  "time_steps": [
    1,
    2,
    3,
    4,
    5,
    6,
    7,
    8,
    9,
    10,
    11,
    12,
    13,
    14,
    15,
    16,
    17,
    18,
    19,
    20,
    21,
    22,
    23,
    24,
    25,
    26,
    27,
    28,
    29,
    30,
    31,
    32,
    33,
    34,
    35,
    36,
    37,
    38,
    39,
    40
  ],
  "n_seeds": 30,
  "config": {
    "predictor": "algorithm",
    "n_series": 500,
    "n_train": 1000,
    "n_cal": 1000,
    "alpha": 0.1,
    "aci_stepsize": 0.005,
    "T": 40,
    "window_size": 800,
    "ar_coef": 0.9,
    "beta": 1.0,
    "noise_std": 0.2,
    "trend_coef": 0.0,
    "covariate_mode": "dynamic",
    "with_shift": true,
    "use_lr": false,
    "covar_rate": 1.0,
    "covar_rate_shift": 2.0,
    "x_rate": 0.6,
    "x_trend": 0.0,
    "x_noise_std": 0.2,
    "x0_lambda": 1.0,
    "x_rate_shift": 0.9,
    "x_trend_shift": null,
    "x_noise_std_shift": null,
    "x0_lambda_shift": null
  },
  "by_time": {
    "1": {
      "coverage_mean": 0.8989333333333334,
      "coverage_std": 0.01310199306297414,
      "coverage_median": 0.901,
      "coverage_q25": 0.8905000000000001,
      "coverage_q75": 0.908,
      "coverage_min": 0.866,
      "coverage_max": 0.926,
      "width_mean": 2.7333523626096747,
      "width_std": 0.0783748673316708,
      "width_median": 2.722327240697192,
      "n_predictions_total": 15000,
      "empirical_coverage": 0.8989333333333334
    },
    "2": {
      "coverage_mean": 0.8065999999999999,
      "coverage_std": 0.021928064210048247,
      "coverage_median": 0.81,
      "coverage_q25": 0.793,
      "coverage_q75": 0.8274999999999999,
      "coverage_min": 0.76,
      "coverage_max": 0.836,
      "width_mean": 2.0115322820174515,
      "width_std": 0.05598540952622723,
      "width_median": 2.0157502517045915,
      "n_predictions_total": 15000,
      "empirical_coverage": 0.8066
    },
    "3": {
      "coverage_mean": 0.7850000000000001,
      "coverage_std": 0.02158857722654892,
      "coverage_median": 0.789,
      "coverage_q25": 0.768,
      "coverage_q75": 0.796,
      "coverage_min": 0.732,
      "coverage_max": 0.828,
      "width_mean": 1.6872290841283861,
      "width_std": 0.057113078651678646,
      "width_median": 1.7018943303188903,
      "n_predictions_total": 15000,
      "empirical_coverage": 0.785
    },
    "4": {
      "coverage_mean": 0.7889999999999999,
      "coverage_std": 0.02001832493824927,
      "coverage_median": 0.785,
      "coverage_q25": 0.7765,
      "coverage_q75": 0.7955000000000001,
      "coverage_min": 0.756,
      "coverage_max": 0.84,
      "width_mean": 1.5944709435046747,
      "width_std": 0.04968894321131104,
      "width_median": 1.6046466689405876,
      "n_predictions_total": 15000,
      "empirical_coverage": 0.789
    },
    "5": {
      "coverage_mean": 0.798,
      "coverage_std": 0.02470087717740673,
      "coverage_median": 0.797,
      "coverage_q25": 0.7845,
      "coverage_q75": 0.8135,
      "coverage_min": 0.752,
      "coverage_max": 0.862,
      "width_mean": 1.5436158054075941,
      "width_std": 0.04956912518760068,
      "width_median": 1.54988352106604,
      "n_predictions_total": 15000,
      "empirical_coverage": 0.798
    },
    "6": {
      "coverage_mean": 0.8024000000000001,
      "coverage_std": 0.016365818036382998,
      "coverage_median": 0.803,
      "coverage_q25": 0.788,
      "coverage_q75": 0.817,
      "coverage_min": 0.77,
      "coverage_max": 0.838,
      "width_mean": 1.4991760656148294,
      "width_std": 0.03875426494540365,
      "width_median": 1.499951616750959,
      "n_predictions_total": 15000,
      "empirical_coverage": 0.8024
    },
    "7": {
      "coverage_mean": 0.8050666666666668,
      "coverage_std": 0.019340688256166617,
      "coverage_median": 0.804,
      "coverage_q25": 0.7905,
      "coverage_q75": 0.8245,
      "coverage_min": 0.77,
      "coverage_max": 0.834,
      "width_mean": 1.4393876755132273,
      "width_std": 0.03538860308060214,
      "width_median": 1.4384181551824877,
      "n_predictions_total": 15000,
      "empirical_coverage": 0.8050666666666667
    },
    "8": {
      "coverage_mean": 0.8079999999999998,
      "coverage_std": 0.018889150324988127,
      "coverage_median": 0.809,
      "coverage_q25": 0.7985,
      "coverage_q75": 0.82,
      "coverage_min": 0.766,
      "coverage_max": 0.85,
      "width_mean": 1.3942167623297066,
      "width_std": 0.03479895296148627,
      "width_median": 1.3875799872107395,
      "n_predictions_total": 15000,
      "empirical_coverage": 0.808
    },
    "9": {
      "coverage_mean": 0.8222,
      "coverage_std": 0.019975651845851383,
      "coverage_median": 0.827,
      "coverage_q25": 0.807,
      "coverage_q75": 0.8365,
      "coverage_min": 0.778,
      "coverage_max": 0.85,
      "width_mean": 1.3507320372898848,
      "width_std": 0.038143979852694375,
      "width_median": 1.3533452982190726,
      "n_predictions_total": 15000,
      "empirical_coverage": 0.8222
    },
    "10": {
      "coverage_mean": 0.8164666666666666,
      "coverage_std": 0.019729391498190915,
      "coverage_median": 0.816,
      "coverage_q25": 0.808,
      "coverage_q75": 0.828,
      "coverage_min": 0.764,
      "coverage_max": 0.85,
      "width_mean": 1.2936023768148808,
      "width_std": 0.03268702428115629,
      "width_median": 1.296301068878147,
      "n_predictions_total": 15000,
      "empirical_coverage": 0.8164666666666667
    },
    "11": {
      "coverage_mean": 0.8222666666666668,
      "coverage_std": 0.016039395943183814,
      "coverage_median": 0.818,
      "coverage_q25": 0.808,
      "coverage_q75": 0.8374999999999999,
      "coverage_min": 0.8,
      "coverage_max": 0.856,
      "width_mean": 1.2583843888556652,
      "width_std": 0.030934407777334815,
      "width_median": 1.2517030435379901,
      "n_predictions_total": 15000,
      "empirical_coverage": 0.8222666666666667
    },
    "12": {
      "coverage_mean": 0.8574,
      "coverage_std": 0.024222028541529446,
      "coverage_median": 0.864,
      "coverage_q25": 0.833,
      "coverage_q75": 0.879,
      "coverage_min": 0.812,
      "coverage_max": 0.896,
      "width_mean": 1.2944233653949044,
      "width_std": 0.06682999756094778,
      "width_median": 1.2833001515702551,
      "n_predictions_total": 15000,
      "empirical_coverage": 0.8574
    },
    "13": {
      "coverage_mean": 0.8552666666666666,
      "coverage_std": 0.01986275129202621,
      "coverage_median": 0.86,
      "coverage_q25": 0.8505,
      "coverage_q75": 0.868,
      "coverage_min": 0.802,
      "coverage_max": 0.884,
      "width_mean": 1.263446697953291,
      "width_std": 0.046352550972630815,
      "width_median": 1.2627492975109265,
      "n_predictions_total": 15000,
      "empirical_coverage": 0.8552666666666666
    },
    "14": {
      "coverage_mean": 0.8581333333333332,
      "coverage_std": 0.023837971576644044,
      "coverage_median": 0.861,
      "coverage_q25": 0.845,
      "coverage_q75": 0.879,
      "coverage_min": 0.806,
      "coverage_max": 0.898,
      "width_mean": 1.2489302984974011,
      "width_std": 0.0713880854014196,
      "width_median": 1.2530861706837029,
      "n_predictions_total": 15000,
      "empirical_coverage": 0.8581333333333333
    },
    "15": {
      "coverage_mean": 0.8523333333333333,
      "coverage_std": 0.02302510706936139,
      "coverage_median": 0.854,
      "coverage_q25": 0.838,
      "coverage_q75": 0.8694999999999999,
      "coverage_min": 0.796,
      "coverage_max": 0.896,
      "width_mean": 1.2229662463076778,
      "width_std": 0.05546214132105678,
      "width_median": 1.2431997857251882,
      "n_predictions_total": 15000,
      "empirical_coverage": 0.8523333333333334
    },
    "16": {
      "coverage_mean": 0.8528666666666668,
      "coverage_std": 0.02814099421760994,
      "coverage_median": 0.854,
      "coverage_q25": 0.831,
      "coverage_q75": 0.8795,
      "coverage_min": 0.794,