{
  "time_steps": [
    1,
    2,
    3,
    4,
    5,
    6,
    7,
    8,
    9,
    10,
    11,
    12,
    13,
    14,
    15,
    16,
    17,
    18,
    19,
    20
  ],
  "n_seeds": 30,
  "config": {
    "predictor": "algorithm",
    "n_series": 300,
    "n_train": 600,
    "n_cal": 600,
    "alpha": 0.1,
    "aci_stepsize": 0.0,
    "T": 20,
    "window_size": 800,
    "ar_coef": 0.7,
    "beta": 1.0,
    "noise_std": 0.2,
    "trend_coef": 0.0,
    "covariate_mode": "static",
    "with_shift": true,
    "use_lr": true,
    "weight_mode": "oracle_poisson",
    "oracle_clip_factor": 5.0,
    "covar_rate": 1.0,
    "covar_rate_shift": 2.0,
    "x_rate": 0.7,
    "x_trend": 0.0,
    "x_noise_std": 0.2,
    "x0_lambda": 1.0,
    "x_rate_shift": null,
    "x_trend_shift": null,
    "x_noise_std_shift": null,
    "x0_lambda_shift": null
  },
  "by_time": {
    "1": {
      "coverage_mean": 0.6642222222222223,
      "coverage_std": 0.022209996637039008,
      "coverage_median": 0.6666666666666666,
      "coverage_q25": 0.6575,
      "coverage_q75": 0.6758333333333333,
      "coverage_min": 0.59,
      "coverage_max": 0.72,
      "width_mean": 2.789920190915061,
      "width_std": 0.1887135566586422,
      "width_median": 2.77994076498775,
      "n_predictions_total": 9000,
      "empirical_coverage": 0.6642222222222223,
      "ess_mean": 600.0,
      "ess_std": 0.0
    },
    "2": {
      "coverage_mean": 0.8673333333333332,
      "coverage_std": 0.03233390606594695,
      "coverage_median": 0.87,
      "coverage_q25": 0.8491666666666666,
      "coverage_q75": 0.8908333333333334,
      "coverage_min": 0.7866666666666666,
      "coverage_max": 0.9233333333333333,
      "width_mean": 3.255966972925101,
      "width_std": 0.3217648963329246,
      "width_median": 3.2235768314312767,
      "n_predictions_total": 9000,
      "empirical_coverage": 0.8673333333333333,
      "ess_mean": 240.3333280780386,
      "ess_std": 41.833657901428225
    },
    "3": {
      "coverage_mean": 0.8755555555555555,
      "coverage_std": 0.023825497287310808,
      "coverage_median": 0.8733333333333333,
      "coverage_q25": 0.8633333333333333,
      "coverage_q75": 0.8925,
      "coverage_min": 0.83,
      "coverage_max": 0.93,
      "width_mean": 1.7719044561824753,
      "width_std": 0.138165709658756,
      "width_median": 1.735551522520002,
      "n_predictions_total": 9000,
      "empirical_coverage": 0.8755555555555555,
      "ess_mean": 240.3333280780386,
      "ess_std": 41.833657901428225
    },
    "4": {
      "coverage_mean": 0.8930000000000003,
      "coverage_std": 0.0217451569746427,
      "coverage_median": 0.8916666666666666,
      "coverage_q25": 0.88,
      "coverage_q75": 0.91,
      "coverage_min": 0.8266666666666667,
      "coverage_max": 0.9333333333333333,
      "width_mean": 1.3352429938404449,
      "width_std": 0.05656351225037942,
      "width_median": 1.338244945405185,
      "n_predictions_total": 9000,
      "empirical_coverage": 0.893,
      "ess_mean": 240.3333280780386,
      "ess_std": 41.833657901428225
    },
    "5": {
      "coverage_mean": 0.9062222222222222,
      "coverage_std": 0.021836655104956883,
      "coverage_median": 0.9066666666666666,
      "coverage_q25": 0.8941666666666667,
      "coverage_q75": 0.9191666666666667,
      "coverage_min": 0.8566666666666667,
      "coverage_max": 0.9566666666666667,
      "width_mean": 1.2458226848772513,
      "width_std": 0.06531882422132214,
      "width_median": 1.255294857393853,
      "n_predictions_total": 9000,
      "empirical_coverage": 0.9062222222222223,
      "ess_mean": 240.3333280780386,
      "ess_std": 41.833657901428225
    },
    "6": {
      "coverage_mean": 0.9052222222222224,
      "coverage_std": 0.020757565926906665,
      "coverage_median": 0.9033333333333333,
      "coverage_q25": 0.8941666666666667,
      "coverage_q75": 0.9166666666666666,
      "coverage_min": 0.86,
      "coverage_max": 0.9433333333333334,
      "width_mean": 1.2214704056048074,
      "width_std": 0.05495736820501094,
      "width_median": 1.234322538450066,
      "n_predictions_total": 9000,
      "empirical_coverage": 0.9052222222222223,
      "ess_mean": 240.3333280780386,
      "ess_std": 41.833657901428225
    },
    "7": {
      "coverage_mean": 0.9055555555555556,
      "coverage_std": 0.025156301520152757,
      "coverage_median": 0.9116666666666666,
      "coverage_q25": 0.8891666666666667,
      "coverage_q75": 0.9275,
      "coverage_min": 0.8233333333333334,
      "coverage_max": 0.94,
      "width_mean": 1.2105464334436513,
      "width_std": 0.04853808079314873,
      "width_median": 1.2182827671109924,
      "n_predictions_total": 9000,
      "empirical_coverage": 0.9055555555555556,
      "ess_mean": 240.3333280780386,
      "ess_std": 41.833657901428225
    },
    "8": {
      "coverage_mean": 0.905888888888889,
      "coverage_std": 0.023533794980258486,
      "coverage_median": 0.9066666666666666,
      "coverage_q25": 0.8941666666666667,
      "coverage_q75": 0.9258333333333333,
      "coverage_min": 0.8566666666666667,
      "coverage_max": 0.9433333333333334,
      "width_mean": 1.1743100500822534,
      "width_std": 0.04732911037169509,
      "width_median": 1.1760995466007196,
      "n_predictions_total": 9000,
      "empirical_coverage": 0.9058888888888889,
      "ess_mean": 240.3333280780386,
      "ess_std": 41.833657901428225
    },
    "9": {
      "coverage_mean": 0.9063333333333333,
      "coverage_std": 0.020536327343046043,
      "coverage_median": 0.9066666666666667,
      "coverage_q25": 0.8875000000000001,
      "coverage_q75": 0.9183333333333333,
      "coverage_min": 0.8733333333333333,
      "coverage_max": 0.95,
      "width_mean": 1.1400069950675993,
      "width_std": 0.043168868292641355,
      "width_median": 1.1307230015871212,
      "n_predictions_total": 9000,
      "empirical_coverage": 0.9063333333333333,
      "ess_mean": 240.3333280780386,
      "ess_std": 41.833657901428225
    },
    "10": {
      "coverage_mean": 0.8979999999999999,
      "coverage_std": 0.02465465172846398,
      "coverage_median": 0.8983333333333333,
      "coverage_q25": 0.8833333333333333,
      "coverage_q75": 0.92,
      "coverage_min": 0.8533333333333334,
      "coverage_max": 0.9433333333333334,
      "width_mean": 1.1124764450640474,
      "width_std": 0.052996252537037346,
      "width_median": 1.123943605395187,
      "n_predictions_total": 9000,
      "empirical_coverage": 0.898,
      "ess_mean": 240.3333280780386,
      "ess_std": 41.833657901428225
    },
    "11": {
      "coverage_mean": 0.9001111111111111,
      "coverage_std": 0.024951558005735435,
      "coverage_median": 0.9066666666666666,
      "coverage_q25": 0.88,
      "coverage_q75": 0.9158333333333333,
      "coverage_min": 0.8466666666666667,
      "coverage_max": 0.95,
      "width_mean": 1.0689607502152412,
      "width_std": 0.05019000302919544,
      "width_median": 1.0603429240637636,
      "n_predictions_total": 9000,
      "empirical_coverage": 0.9001111111111111,
      "ess_mean": 240.3333280780386,
      "ess_std": 41.833657901428225
    },
    "12": {
      "coverage_mean": 0.9037777777777777,
      "coverage_std": 0.02691183593849084,
      "coverage_median": 0.9066666666666666,
      "coverage_q25": 0.89,
      "coverage_q75": 0.9233333333333333,
      "coverage_min": 0.8333333333333334,
      "coverage_max": 0.9433333333333334,
      "width_mean": 1.038839642669528,
      "width_std": 0.03047152776170895,
      "width_median": 1.0372964779490712,
      "n_predictions_total": 9000,
      "empirical_coverage": 0.9037777777777778,
      "ess_mean": 240.3333280780386,
      "ess_std": 41.833657901428225
    },
    "13": {
      "coverage_mean": 0.8969999999999999,
      "coverage_std": 0.02341809999567444,
      "coverage_median": 0.9,
      "coverage_q25": 0.8841666666666667,
      "coverage_q75": 0.9133333333333333,
      "coverage_min": 0.8466666666666667,