{
  "time_steps": [
    1,
    2,
    3,
    4,
    5,
    6,
    7,
    8,
    9,
    10,
    11,
    12,
    13,
    14,
    15,
    16,
    17,
    18,
    19,
    20,
    21,
    22,
    23,
    24,
    25,
    26,
    27,
    28,
    29,
    30,
    31,
    32,
    33,
    34,
    35,
    36,
    37,
    38,
    39,
    40
  ],
  "n_seeds": 30,
  "config": {
    "predictor": "algorithm",
    "n_series": 500,
    "n_train": 1000,
    "n_cal": 1000,
    "alpha": 0.1,
    "aci_stepsize": 0.0,
    "T": 40,
    "window_size": 800,
    "ar_coef": 0.7,
    "beta": 1.0,
    "noise_std": 0.2,
    "trend_coef": 0.0,
    "covariate_mode": "dynamic",
    "with_shift": true,
    "use_lr": true,
    "covar_rate": 1.0,
    "covar_rate_shift": 2.0,
    "x_rate": 0.6,
    "x_trend": 0.0,
    "x_noise_std": 0.2,
    "x0_lambda": 1.0,
    "x_rate_shift": 0.9,
    "x_trend_shift": null,
    "x_noise_std_shift": null,
    "x0_lambda_shift": null
  },
  "by_time": {
    "1": {
      "coverage_mean": 0.8989333333333334,
      "coverage_std": 0.01310199306297414,
      "coverage_median": 0.901,
      "coverage_q25": 0.8905000000000001,
      "coverage_q75": 0.908,
      "coverage_min": 0.866,
      "coverage_max": 0.926,
      "width_mean": 2.733352362609675,
      "width_std": 0.078374867331671,
      "width_median": 2.722327240697193,
      "n_predictions_total": 15000,
      "empirical_coverage": 0.8989333333333334
    },
    "2": {
      "coverage_mean": 0.8079999999999999,
      "coverage_std": 0.022084685493194877,
      "coverage_median": 0.807,
      "coverage_q25": 0.791,
      "coverage_q75": 0.824,
      "coverage_min": 0.762,
      "coverage_max": 0.848,
      "width_mean": 1.9834703160319473,
      "width_std": 0.057907220262457114,
      "width_median": 1.9863444209564687,
      "n_predictions_total": 15000,
      "empirical_coverage": 0.808
    },
    "3": {
      "coverage_mean": 0.7789333333333334,
      "coverage_std": 0.023184669264168716,
      "coverage_median": 0.782,
      "coverage_q25": 0.7665,
      "coverage_q75": 0.794,
      "coverage_min": 0.724,
      "coverage_max": 0.828,
      "width_mean": 1.6208975898647826,
      "width_std": 0.06384364693408695,
      "width_median": 1.6332146952023625,
      "n_predictions_total": 15000,
      "empirical_coverage": 0.7789333333333334
    },
    "4": {
      "coverage_mean": 0.7855333333333334,
      "coverage_std": 0.02172975430653144,
      "coverage_median": 0.782,
      "coverage_q25": 0.7705,
      "coverage_q75": 0.792,
      "coverage_min": 0.752,
      "coverage_max": 0.844,
      "width_mean": 1.506099797151588,
      "width_std": 0.05210678102638802,
      "width_median": 1.514517252147772,
      "n_predictions_total": 15000,
      "empirical_coverage": 0.7855333333333333
    },
    "5": {
      "coverage_mean": 0.8093333333333333,
      "coverage_std": 0.02386256948072066,
      "coverage_median": 0.81,
      "coverage_q25": 0.791,
      "coverage_q75": 0.825,
      "coverage_min": 0.764,
      "coverage_max": 0.854,
      "width_mean": 1.4629386936645574,
      "width_std": 0.046189529299122255,
      "width_median": 1.4764710537197114,
      "n_predictions_total": 15000,
      "empirical_coverage": 0.8093333333333333
    },
    "6": {
      "coverage_mean": 0.8286666666666666,
      "coverage_std": 0.01894084358088506,
      "coverage_median": 0.828,
      "coverage_q25": 0.8165,
      "coverage_q75": 0.8454999999999999,
      "coverage_min": 0.788,
      "coverage_max": 0.862,
      "width_mean": 1.4285159728435795,
      "width_std": 0.039485051748758625,
      "width_median": 1.4284593815739561,
      "n_predictions_total": 15000,
      "empirical_coverage": 0.8286666666666667
    },
    "7": {
      "coverage_mean": 0.8380666666666665,
      "coverage_std": 0.01935274887164325,
      "coverage_median": 0.84,
      "coverage_q25": 0.824,
      "coverage_q75": 0.8514999999999999,
      "coverage_min": 0.796,
      "coverage_max": 0.876,
      "width_mean": 1.3536895750961984,
      "width_std": 0.032699081688236944,
      "width_median": 1.3460100575717018,
      "n_predictions_total": 15000,
      "empirical_coverage": 0.8380666666666666
    },
    "8": {
      "coverage_mean": 0.8412000000000001,
      "coverage_std": 0.01964756134146593,
      "coverage_median": 0.844,
      "coverage_q25": 0.828,
      "coverage_q75": 0.852,
      "coverage_min": 0.8,
      "coverage_max": 0.886,
      "width_mean": 1.280924255441714,
      "width_std": 0.03619465490598135,
      "width_median": 1.28451358842785,
      "n_predictions_total": 15000,
      "empirical_coverage": 0.8412
    },
    "9": {
      "coverage_mean": 0.8489333333333334,
      "coverage_std": 0.020789313494090085,
      "coverage_median": 0.851,
      "coverage_q25": 0.832,
      "coverage_q75": 0.8614999999999999,
      "coverage_min": 0.812,
      "coverage_max": 0.886,
      "width_mean": 1.215210948940463,
      "width_std": 0.04118596523194386,
      "width_median": 1.2266129532116175,
      "n_predictions_total": 15000,
      "empirical_coverage": 0.8489333333333333
    },
    "10": {
      "coverage_mean": 0.8385999999999999,
      "coverage_std": 0.019914149073795084,
      "coverage_median": 0.837,
      "coverage_q25": 0.822,
      "coverage_q75": 0.8494999999999999,
      "coverage_min": 0.806,
      "coverage_max": 0.89,
      "width_mean": 1.1454392409166276,
      "width_std": 0.037120298744924465,
      "width_median": 1.1415161105302842,
      "n_predictions_total": 15000,
      "empirical_coverage": 0.8386
    },
    "11": {
      "coverage_mean": 0.8422000000000001,
      "coverage_std": 0.01753738863115032,
      "coverage_median": 0.84,
      "coverage_q25": 0.8254999999999999,
      "coverage_q75": 0.852,
      "coverage_min": 0.814,
      "coverage_max": 0.88,
      "width_mean": 1.117675729798855,
      "width_std": 0.02861726353125689,
      "width_median": 1.1099267501790377,
      "n_predictions_total": 15000,
      "empirical_coverage": 0.8422
    },
    "12": {
      "coverage_mean": 0.8591999999999999,
      "coverage_std": 0.022441627986103573,
      "coverage_median": 0.86,
      "coverage_q25": 0.846,
      "coverage_q75": 0.874,
      "coverage_min": 0.806,
      "coverage_max": 0.902,
      "width_mean": 1.121934552939736,
      "width_std": 0.049584477411983297,
      "width_median": 1.1263007492908612,
      "n_predictions_total": 15000,
      "empirical_coverage": 0.8592
    },
    "13": {
      "coverage_mean": 0.8563333333333334,
      "coverage_std": 0.02079155811594912,
      "coverage_median": 0.857,
      "coverage_q25": 0.846,
      "coverage_q75": 0.8694999999999999,
      "coverage_min": 0.818,
      "coverage_max": 0.892,
      "width_mean": 1.102267338451217,
      "width_std": 0.04141479836147985,
      "width_median": 1.0921469560501618,
      "n_predictions_total": 15000,
      "empirical_coverage": 0.8563333333333333
    },
    "14": {
      "coverage_mean": 0.8610666666666668,
      "coverage_std": 0.025496317816936287,
      "coverage_median": 0.866,
      "coverage_q25": 0.85,
      "coverage_q75": 0.8775,
      "coverage_min": 0.78,
      "coverage_max": 0.898,
      "width_mean": 1.0938238050515665,
      "width_std": 0.06184127372498453,
      "width_median": 1.0931624391589128,
      "n_predictions_total": 15000,
      "empirical_coverage": 0.8610666666666666
    },
    "15": {
      "coverage_mean": 0.8526666666666668,
      "coverage_std": 0.02377860850054567,
      "coverage_median": 0.852,
      "coverage_q25": 0.84,
      "coverage_q75": 0.8694999999999999,
      "coverage_min": 0.792,
      "coverage_max": 0.896,
      "width_mean": 1.0799806000540024,
      "width_std": 0.04319466863212682,
      "width_median": 1.0915398170365282,
      "n_predictions_total": 15000,
      "empirical_coverage": 0.8526666666666667
    },
    "16": {
      "coverage_mean": 0.8594666666666666,
      "coverage_std": 0.026532663308123122,
      "coverage_median": 0.863,