{
  "time_steps": [
    1,
    2,
    3,
    4,
    5,
    6,
    7,
    8,
    9,
    10,
    11,
    12,
    13,
    14,
    15,
    16,
    17,
    18,
    19,
    20
  ],
  "n_seeds": 10,
  "config": {
    "predictor": "algorithm",
    "n_series": 500,
    "n_train": 1000,
    "n_cal": 1000,
    "alpha": 0.1,
    "aci_stepsize": 0.005,
    "T": 20,
    "window_size": 800,
    "ar_coef": 0.7,
    "beta": 1.0,
    "noise_std": 0.2,
    "trend_coef": 0.0,
    "covariate_mode": "static",
    "with_shift": true,
    "covar_rate": 1.0,
    "covar_rate_shift": 2.0,
    "x_rate": 0.7,
    "x_trend": 0.0,
    "x_noise_std": 0.2,
    "x0_lambda": 1.0,
    "x_rate_shift": null,
    "x_trend_shift": null,
    "x_noise_std_shift": null,
    "x0_lambda_shift": null
  },
  "by_time": {
    "1": {
      "coverage_mean": 0.6651999999999999,
      "coverage_std": 0.018935680605671384,
      "coverage_median": 0.663,
      "coverage_q25": 0.6485000000000001,
      "coverage_q75": 0.679,
      "coverage_min": 0.636,
      "coverage_max": 0.696,
      "width_mean": 2.7675039302789055,
      "width_std": 0.09951773874897468,
      "width_median": 2.7559055601178906,
      "n_predictions_total": 5000,
      "empirical_coverage": 0.6652
    },
    "2": {
      "coverage_mean": 0.8480000000000001,
      "coverage_std": 0.03725587202039432,
      "coverage_median": 0.854,
      "coverage_q25": 0.818,
      "coverage_q75": 0.866,
      "coverage_min": 0.794,
      "coverage_max": 0.926,
      "width_mean": 3.062258365158596,
      "width_std": 0.49560427307442356,
      "width_median": 2.9453291968808375,
      "n_predictions_total": 5000,
      "empirical_coverage": 0.848
    },
    "3": {
      "coverage_mean": 0.9036,
      "coverage_std": 0.033571416413371656,
      "coverage_median": 0.904,
      "coverage_q25": 0.877,
      "coverage_q75": 0.922,
      "coverage_min": 0.848,
      "coverage_max": 0.968,
      "width_mean": 1.937715134968864,
      "width_std": 0.2797231551682753,
      "width_median": 1.8266145446061786,
      "n_predictions_total": 5000,
      "empirical_coverage": 0.9036
    },
    "4": {
      "coverage_mean": 0.913,
      "coverage_std": 0.0100498756211209,
      "coverage_median": 0.913,
      "coverage_q25": 0.9075,
      "coverage_q75": 0.92,
      "coverage_min": 0.894,
      "coverage_max": 0.928,
      "width_mean": 1.4009905034541874,
      "width_std": 0.046158898397748484,
      "width_median": 1.4040656775588962,
      "n_predictions_total": 5000,
      "empirical_coverage": 0.913
    },
    "5": {
      "coverage_mean": 0.9077999999999999,
      "coverage_std": 0.014098226838861699,
      "coverage_median": 0.909,
      "coverage_q25": 0.8965000000000001,
      "coverage_q75": 0.918,
      "coverage_min": 0.882,
      "coverage_max": 0.93,
      "width_mean": 1.2606752813883764,
      "width_std": 0.07944740483193038,
      "width_median": 1.2789817674485309,
      "n_predictions_total": 5000,
      "empirical_coverage": 0.9078
    },
    "6": {
      "coverage_mean": 0.9068000000000002,
      "coverage_std": 0.00938935567544441,
      "coverage_median": 0.906,
      "coverage_q25": 0.8985000000000001,
      "coverage_q75": 0.913,
      "coverage_min": 0.896,
      "coverage_max": 0.926,
      "width_mean": 1.2138376689758894,
      "width_std": 0.06531273137766277,
      "width_median": 1.2204563370564703,
      "n_predictions_total": 5000,
      "empirical_coverage": 0.9068
    },
    "7": {
      "coverage_mean": 0.905,
      "coverage_std": 0.013423859355639878,
      "coverage_median": 0.906,
      "coverage_q25": 0.9005000000000001,
      "coverage_q75": 0.91,
      "coverage_min": 0.874,
      "coverage_max": 0.926,
      "width_mean": 1.1949141754872747,
      "width_std": 0.054968277180682944,
      "width_median": 1.2187898335266896,
      "n_predictions_total": 5000,
      "empirical_coverage": 0.905
    },
    "8": {
      "coverage_mean": 0.899,
      "coverage_std": 0.02160092590608099,
      "coverage_median": 0.898,
      "coverage_q25": 0.8925000000000001,
      "coverage_q75": 0.9105000000000001,
      "coverage_min": 0.854,
      "coverage_max": 0.936,
      "width_mean": 1.1542613654799059,
      "width_std": 0.04798316356764868,
      "width_median": 1.1559474019756584,
      "n_predictions_total": 5000,
      "empirical_coverage": 0.899
    },
    "9": {
      "coverage_mean": 0.9004000000000001,
      "coverage_std": 0.013588230201170434,
      "coverage_median": 0.904,
      "coverage_q25": 0.8905000000000001,
      "coverage_q75": 0.9095,
      "coverage_min": 0.872,
      "coverage_max": 0.92,
      "width_mean": 1.136006417977963,
      "width_std": 0.0438733204853387,
      "width_median": 1.1518248491590508,
      "n_predictions_total": 5000,
      "empirical_coverage": 0.9004
    },
    "10": {
      "coverage_mean": 0.8986000000000001,
      "coverage_std": 0.010883014288330243,
      "coverage_median": 0.898,
      "coverage_q25": 0.893,
      "coverage_q75": 0.9055,
      "coverage_min": 0.88,
      "coverage_max": 0.916,
      "width_mean": 1.1182336776137212,
      "width_std": 0.03680990371946607,
      "width_median": 1.1219314336917163,
      "n_predictions_total": 5000,
      "empirical_coverage": 0.8986
    },
    "11": {
      "coverage_mean": 0.9136,
      "coverage_std": 0.016918628786045276,
      "coverage_median": 0.916,
      "coverage_q25": 0.908,
      "coverage_q75": 0.9215,
      "coverage_min": 0.882,
      "coverage_max": 0.946,
      "width_mean": 1.0874555016018925,
      "width_std": 0.041840701136776105,
      "width_median": 1.09508065999246,
      "n_predictions_total": 5000,
      "empirical_coverage": 0.9136
    },
    "12": {
      "coverage_mean": 0.9040000000000001,
      "coverage_std": 0.01627267648544641,
      "coverage_median": 0.9,
      "coverage_q25": 0.898,
      "coverage_q75": 0.9115,
      "coverage_min": 0.88,
      "coverage_max": 0.934,
      "width_mean": 1.0462887848309808,
      "width_std": 0.030229120583686406,
      "width_median": 1.0411284226574464,
      "n_predictions_total": 5000,
      "empirical_coverage": 0.904
    },
    "13": {
      "coverage_mean": 0.899,
      "coverage_std": 0.022737634001804168,
      "coverage_median": 0.901,
      "coverage_q25": 0.8845000000000001,
      "coverage_q75": 0.914,
      "coverage_min": 0.856,
      "coverage_max": 0.934,
      "width_mean": 1.014938354608389,
      "width_std": 0.04982264482690009,
      "width_median": 1.0084860418029673,
      "n_predictions_total": 5000,
      "empirical_coverage": 0.899
    },
    "14": {
      "coverage_mean": 0.8994,
      "coverage_std": 0.016420718620084825,
      "coverage_median": 0.896,
      "coverage_q25": 0.89,
      "coverage_q75": 0.9135,
      "coverage_min": 0.876,
      "coverage_max": 0.926,
      "width_mean": 0.9886407633182394,
      "width_std": 0.031419733422288126,
      "width_median": 0.9886361884398736,
      "n_predictions_total": 5000,
      "empirical_coverage": 0.8994
    },
    "15": {
      "coverage_mean": 0.8917999999999999,
      "coverage_std": 0.020850899261182974,
      "coverage_median": 0.884,
      "coverage_q25": 0.8745,
      "coverage_q75": 0.906,
      "coverage_min": 0.87,
      "coverage_max": 0.928,
      "width_mean": 0.9510011781391761,
      "width_std": 0.02401315788247612,
      "width_median": 0.9524161928655215,
      "n_predictions_total": 5000,
      "empirical_coverage": 0.8918
    },
    "16": {
      "coverage_mean": 0.8962000000000001,
      "coverage_std": 0.010712609392673673,
      "coverage_median": 0.895,
      "coverage_q25": 0.887,
      "coverage_q75": 0.902,
      "coverage_min": 0.88,
      "coverage_max": 0.914,
      "width_mean": 0.9362424137293555,
      "width_std": 0.027155310314629068,
      "width_median": 0.9335891516192114,
      "n_predictions_total": 5000,
      "empirical_coverage": 0.8962
    },
    "17": {
      "coverage_mean": 0.9,
      "coverage_std": 0.019411336893681505,