{
  "time_steps": [
    1,
    2,
    3,
    4,
    5,
    6,
    7,
    8,
    9,
    10,
    11,
    12,
    13,
    14,
    15,
    16,
    17,
    18,
    19,
    20,
    21,
    22,
    23,
    24,
    25,
    26,
    27,
    28,
    29,
    30,
    31,
    32,
    33,
    34,
    35,
    36,
    37,
    38,
    39,
    40
  ],
  "n_seeds": 30,
  "config": {
    "predictor": "algorithm",
    "n_series": 500,
    "n_train": 1000,
    "n_cal": 1000,
    "alpha": 0.1,
    "aci_stepsize": 0.0,
    "T": 40,
    "window_size": 800,
    "ar_coef": 0.7,
    "beta": 1.0,
    "noise_std": 0.2,
    "trend_coef": 0.0,
    "covariate_mode": "static",
    "with_shift": true,
    "use_lr": true,
    "covar_rate": 1.0,
    "covar_rate_shift": 2.0,
    "x_rate": 0.7,
    "x_trend": 0.0,
    "x_noise_std": 0.2,
    "x0_lambda": 1.0,
    "x_rate_shift": null,
    "x_trend_shift": null,
    "x_noise_std_shift": null,
    "x0_lambda_shift": null
  },
  "by_time": {
    "1": {
      "coverage_mean": 0.6588666666666667,
      "coverage_std": 0.027850473764172993,
      "coverage_median": 0.654,
      "coverage_q25": 0.6385000000000001,
      "coverage_q75": 0.6845,
      "coverage_min": 0.61,
      "coverage_max": 0.714,
      "width_mean": 2.75777211393703,
      "width_std": 0.1139031720041983,
      "width_median": 2.7323641918167634,
      "n_predictions_total": 15000,
      "empirical_coverage": 0.6588666666666667
    },
    "2": {
      "coverage_mean": 0.8512666666666668,
      "coverage_std": 0.02539545016117827,
      "coverage_median": 0.848,
      "coverage_q25": 0.8325,
      "coverage_q75": 0.874,
      "coverage_min": 0.804,
      "coverage_max": 0.9,
      "width_mean": 3.135200938825935,
      "width_std": 0.23353468602665842,
      "width_median": 3.1003391627274164,
      "n_predictions_total": 15000,
      "empirical_coverage": 0.8512666666666666
    },
    "3": {
      "coverage_mean": 0.8780666666666669,
      "coverage_std": 0.02387457969379893,
      "coverage_median": 0.874,
      "coverage_q25": 0.867,
      "coverage_q75": 0.89,
      "coverage_min": 0.824,
      "coverage_max": 0.938,
      "width_mean": 1.78293271586816,
      "width_std": 0.09876713983346601,
      "width_median": 1.770347034993316,
      "n_predictions_total": 15000,
      "empirical_coverage": 0.8780666666666667
    },
    "4": {
      "coverage_mean": 0.8980666666666668,
      "coverage_std": 0.02238739724835284,
      "coverage_median": 0.901,
      "coverage_q25": 0.8845000000000001,
      "coverage_q75": 0.915,
      "coverage_min": 0.83,
      "coverage_max": 0.934,
      "width_mean": 1.3516015529719863,
      "width_std": 0.07571152583035223,
      "width_median": 1.356671948719106,
      "n_predictions_total": 15000,
      "empirical_coverage": 0.8980666666666667
    },
    "5": {
      "coverage_mean": 0.9110666666666668,
      "coverage_std": 0.012855435512740225,
      "coverage_median": 0.91,
      "coverage_q25": 0.9005000000000001,
      "coverage_q75": 0.92,
      "coverage_min": 0.89,
      "coverage_max": 0.936,
      "width_mean": 1.2671664510124572,
      "width_std": 0.05350151386221984,
      "width_median": 1.2789135450352143,
      "n_predictions_total": 15000,
      "empirical_coverage": 0.9110666666666667
    },
    "6": {
      "coverage_mean": 0.9121333333333334,
      "coverage_std": 0.01809554886951177,
      "coverage_median": 0.915,
      "coverage_q25": 0.9,
      "coverage_q75": 0.92,
      "coverage_min": 0.87,
      "coverage_max": 0.952,
      "width_mean": 1.239470571843031,
      "width_std": 0.05050750194698388,
      "width_median": 1.249361297008776,
      "n_predictions_total": 15000,
      "empirical_coverage": 0.9121333333333334
    },
    "7": {
      "coverage_mean": 0.9130000000000001,
      "coverage_std": 0.01495548951611637,
      "coverage_median": 0.911,
      "coverage_q25": 0.906,
      "coverage_q75": 0.926,
      "coverage_min": 0.882,
      "coverage_max": 0.938,
      "width_mean": 1.2218727652656054,
      "width_std": 0.04544761295019773,
      "width_median": 1.2202634551180553,
      "n_predictions_total": 15000,
      "empirical_coverage": 0.913
    },
    "8": {
      "coverage_mean": 0.9037333333333335,
      "coverage_std": 0.016691181969997092,
      "coverage_median": 0.903,
      "coverage_q25": 0.8945000000000001,
      "coverage_q75": 0.914,
      "coverage_min": 0.866,
      "coverage_max": 0.936,
      "width_mean": 1.1760910703761103,
      "width_std": 0.03098424564588017,
      "width_median": 1.1770971720507355,
      "n_predictions_total": 15000,
      "empirical_coverage": 0.9037333333333334
    },
    "9": {
      "coverage_mean": 0.8974666666666667,
      "coverage_std": 0.01614049427853918,
      "coverage_median": 0.899,
      "coverage_q25": 0.8885000000000001,
      "coverage_q75": 0.909,
      "coverage_min": 0.86,
      "coverage_max": 0.924,
      "width_mean": 1.1461170663612987,
      "width_std": 0.0393825922318342,
      "width_median": 1.147552965915608,
      "n_predictions_total": 15000,
      "empirical_coverage": 0.8974666666666666
    },
    "10": {
      "coverage_mean": 0.9016,
      "coverage_std": 0.01392743096674091,
      "coverage_median": 0.898,
      "coverage_q25": 0.8925000000000001,
      "coverage_q75": 0.912,
      "coverage_min": 0.878,
      "coverage_max": 0.936,
      "width_mean": 1.1145744956833934,
      "width_std": 0.040815012178689,
      "width_median": 1.1199154881209916,
      "n_predictions_total": 15000,
      "empirical_coverage": 0.9016
    },
    "11": {
      "coverage_mean": 0.9014666666666666,
      "coverage_std": 0.016296693597850537,
      "coverage_median": 0.9,
      "coverage_q25": 0.889,
      "coverage_q75": 0.915,
      "coverage_min": 0.868,
      "coverage_max": 0.932,
      "width_mean": 1.082107712251473,
      "width_std": 0.03571605151821483,
      "width_median": 1.0817642597381047,
      "n_predictions_total": 15000,
      "empirical_coverage": 0.9014666666666666
    },
    "12": {
      "coverage_mean": 0.8968,
      "coverage_std": 0.01563415065383045,
      "coverage_median": 0.892,
      "coverage_q25": 0.89,
      "coverage_q75": 0.909,
      "coverage_min": 0.864,
      "coverage_max": 0.924,
      "width_mean": 1.0341970869556658,
      "width_std": 0.0388957190914729,
      "width_median": 1.0334615390603452,
      "n_predictions_total": 15000,
      "empirical_coverage": 0.8968
    },
    "13": {
      "coverage_mean": 0.9004666666666667,
      "coverage_std": 0.0145756265350375,
      "coverage_median": 0.901,
      "coverage_q25": 0.8905000000000001,
      "coverage_q75": 0.906,
      "coverage_min": 0.87,
      "coverage_max": 0.936,
      "width_mean": 1.007283724667664,
      "width_std": 0.03974365457664881,
      "width_median": 1.0147249220477406,
      "n_predictions_total": 15000,
      "empirical_coverage": 0.9004666666666666
    },
    "14": {
      "coverage_mean": 0.9032,
      "coverage_std": 0.013765657751569073,
      "coverage_median": 0.904,
      "coverage_q25": 0.893,
      "coverage_q75": 0.9115,
      "coverage_min": 0.878,
      "coverage_max": 0.926,
      "width_mean": 0.9860842096290414,
      "width_std": 0.03222757394225537,
      "width_median": 0.9894118086697573,
      "n_predictions_total": 15000,
      "empirical_coverage": 0.9032
    },
    "15": {
      "coverage_mean": 0.8981333333333336,
      "coverage_std": 0.021651379222170183,
      "coverage_median": 0.901,
      "coverage_q25": 0.8865000000000001,
      "coverage_q75": 0.9095,
      "coverage_min": 0.844,
      "coverage_max": 0.94,
      "width_mean": 0.9630528957254533,
      "width_std": 0.03561501107507905,
      "width_median": 0.9566357775215503,
      "n_predictions_total": 15000,
      "empirical_coverage": 0.8981333333333333
    },
    "16": {
      "coverage_mean": 0.9054666666666668,
      "coverage_std": 0.014347434923668027,
      "coverage_median": 0.904,
      "coverage_q25": 0.902,