{
  "time_steps": [
    1,
    2,
    3,
    4,
    5,
    6,
    7,
    8,
    9,
    10,
    11,
    12,
    13,
    14,
    15,
    16,
    17,
    18,
    19,
    20,
    21,
    22,
    23,
    24,
    25,
    26,
    27,
    28,
    29,
    30,
    31,
    32,
    33,
    34,
    35,
    36,
    37,
    38,
    39,
    40
  ],
  "n_seeds": 100,
  "config": {
    "predictor": "algorithm",
    "n_series": 500,
    "n_train": 1000,
    "n_cal": 1000,
    "alpha": 0.1,
    "aci_stepsize": 0.0,
    "T": 40,
    "window_size": 800,
    "ar_coef": 0.7,
    "beta": 1.0,
    "noise_std": 0.2,
    "trend_coef": 0.0,
    "covariate_mode": "dynamic",
    "with_shift": true,
    "covar_rate": 1.0,
    "covar_rate_shift": 2.0,
    "x_rate": 0.6,
    "x_trend": 0.0,
    "x_noise_std": 0.2,
    "x0_lambda": 1.0,
    "x_rate_shift": 0.9,
    "x_trend_shift": null,
    "x_noise_std_shift": null,
    "x0_lambda_shift": null
  },
  "by_time": {
    "1": {
      "coverage_mean": 0.8974600000000003,
      "coverage_std": 0.015579101386151912,
      "coverage_median": 0.898,
      "coverage_q25": 0.884,
      "coverage_q75": 0.9085000000000001,
      "coverage_min": 0.866,
      "coverage_max": 0.936,
      "width_mean": 2.740385569079137,
      "width_std": 0.1163839290898881,
      "width_median": 2.7211695730780114,
      "n_predictions_total": 50000,
      "empirical_coverage": 0.89746
    },
    "2": {
      "coverage_mean": 0.80092,
      "coverage_std": 0.023074522746960535,
      "coverage_median": 0.801,
      "coverage_q25": 0.782,
      "coverage_q75": 0.816,
      "coverage_min": 0.728,
      "coverage_max": 0.856,
      "width_mean": 1.9731246856658708,
      "width_std": 0.05550918078790957,
      "width_median": 1.977337763161338,
      "n_predictions_total": 50000,
      "empirical_coverage": 0.80092
    },
    "3": {
      "coverage_mean": 0.7705799999999999,
      "coverage_std": 0.025052417049059368,
      "coverage_median": 0.772,
      "coverage_q25": 0.752,
      "coverage_q75": 0.788,
      "coverage_min": 0.702,
      "coverage_max": 0.836,
      "width_mean": 1.605419617791653,
      "width_std": 0.06084084593260045,
      "width_median": 1.6010858865447914,
      "n_predictions_total": 50000,
      "empirical_coverage": 0.77058
    },
    "4": {
      "coverage_mean": 0.78084,
      "coverage_std": 0.023948578245900107,
      "coverage_median": 0.777,
      "coverage_q25": 0.765,
      "coverage_q75": 0.795,
      "coverage_min": 0.726,
      "coverage_max": 0.844,
      "width_mean": 1.5012036234479018,
      "width_std": 0.04866588169056567,
      "width_median": 1.4977014825072823,
      "n_predictions_total": 50000,
      "empirical_coverage": 0.78084
    },
    "5": {
      "coverage_mean": 0.8049000000000001,
      "coverage_std": 0.023642969356660742,
      "coverage_median": 0.804,
      "coverage_q25": 0.7875000000000001,
      "coverage_q75": 0.822,
      "coverage_min": 0.76,
      "coverage_max": 0.858,
      "width_mean": 1.4555142463581654,
      "width_std": 0.04454572761624481,
      "width_median": 1.4556022639595096,
      "n_predictions_total": 50000,
      "empirical_coverage": 0.8049
    },
    "6": {
      "coverage_mean": 0.8266,
      "coverage_std": 0.02162128580820297,
      "coverage_median": 0.827,
      "coverage_q25": 0.8095000000000001,
      "coverage_q75": 0.844,
      "coverage_min": 0.776,
      "coverage_max": 0.876,
      "width_mean": 1.4181375618146035,
      "width_std": 0.045043751025374626,
      "width_median": 1.4165840566394228,
      "n_predictions_total": 50000,
      "empirical_coverage": 0.8266
    },
    "7": {
      "coverage_mean": 0.8372399999999999,
      "coverage_std": 0.023914480968651602,
      "coverage_median": 0.837,
      "coverage_q25": 0.8214999999999999,
      "coverage_q75": 0.8545,
      "coverage_min": 0.786,
      "coverage_max": 0.904,
      "width_mean": 1.354007159817106,
      "width_std": 0.03683814027776922,
      "width_median": 1.3591640084590435,
      "n_predictions_total": 50000,
      "empirical_coverage": 0.83724
    },
    "8": {
      "coverage_mean": 0.8422999999999999,
      "coverage_std": 0.02148185280649693,
      "coverage_median": 0.844,
      "coverage_q25": 0.828,
      "coverage_q75": 0.856,
      "coverage_min": 0.784,
      "coverage_max": 0.898,
      "width_mean": 1.2775632482097712,
      "width_std": 0.03828579482517235,
      "width_median": 1.2792634769252087,
      "n_predictions_total": 50000,
      "empirical_coverage": 0.8423
    },
    "9": {
      "coverage_mean": 0.8454999999999999,
      "coverage_std": 0.02023338824814075,
      "coverage_median": 0.847,
      "coverage_q25": 0.83,
      "coverage_q75": 0.86,
      "coverage_min": 0.8,
      "coverage_max": 0.888,
      "width_mean": 1.2173956285330274,
      "width_std": 0.0362663602541233,
      "width_median": 1.2258331207924624,
      "n_predictions_total": 50000,
      "empirical_coverage": 0.8455
    },
    "10": {
      "coverage_mean": 0.8427,
      "coverage_std": 0.02048291971375175,
      "coverage_median": 0.844,
      "coverage_q25": 0.828,
      "coverage_q75": 0.8585,
      "coverage_min": 0.796,
      "coverage_max": 0.892,
      "width_mean": 1.1577636146484414,
      "width_std": 0.03808001901479001,
      "width_median": 1.1574104334431226,
      "n_predictions_total": 50000,
      "empirical_coverage": 0.8427
    },
    "11": {
      "coverage_mean": 0.8439799999999998,
      "coverage_std": 0.02135508370388654,
      "coverage_median": 0.844,
      "coverage_q25": 0.8314999999999999,
      "coverage_q75": 0.8545,
      "coverage_min": 0.792,
      "coverage_max": 0.904,
      "width_mean": 1.1226668522212397,
      "width_std": 0.037799468138022846,
      "width_median": 1.1194716496303934,
      "n_predictions_total": 50000,
      "empirical_coverage": 0.84398
    },
    "12": {
      "coverage_mean": 0.8504999999999998,
      "coverage_std": 0.02817711837644155,
      "coverage_median": 0.852,
      "coverage_q25": 0.832,
      "coverage_q75": 0.8725,
      "coverage_min": 0.774,
      "coverage_max": 0.902,
      "width_mean": 1.1100166537340992,
      "width_std": 0.05086741871540408,
      "width_median": 1.1057230267706397,
      "n_predictions_total": 50000,
      "empirical_coverage": 0.8505
    },
    "13": {
      "coverage_mean": 0.8532800000000001,
      "coverage_std": 0.02169888476396888,
      "coverage_median": 0.854,
      "coverage_q25": 0.8354999999999999,
      "coverage_q75": 0.87,
      "coverage_min": 0.81,
      "coverage_max": 0.902,
      "width_mean": 1.097636945880382,
      "width_std": 0.04543383129672427,
      "width_median": 1.0900833612865641,
      "n_predictions_total": 50000,
      "empirical_coverage": 0.85328
    },
    "14": {
      "coverage_mean": 0.8528199999999999,
      "coverage_std": 0.025214432375129932,
      "coverage_median": 0.856,
      "coverage_q25": 0.834,
      "coverage_q75": 0.8725,
      "coverage_min": 0.78,
      "coverage_max": 0.902,
      "width_mean": 1.0895582752994393,
      "width_std": 0.05560931937169543,
      "width_median": 1.0842764003664127,
      "n_predictions_total": 50000,
      "empirical_coverage": 0.85282
    },
    "15": {
      "coverage_mean": 0.85182,
      "coverage_std": 0.025943160948504334,
      "coverage_median": 0.855,
      "coverage_q25": 0.834,
      "coverage_q75": 0.87,
      "coverage_min": 0.786,
      "coverage_max": 0.9,
      "width_mean": 1.082600986899014,
      "width_std": 0.05338883064612801,
      "width_median": 1.089851271212537,
      "n_predictions_total": 50000,
      "empirical_coverage": 0.85182
    },
    "16": {
      "coverage_mean": 0.8553399999999999,
      "coverage_std": 0.02675676363090276,
      "coverage_median": 0.857,
      "coverage_q25": 0.8374999999999999,
      "coverage_q75": 0.8745,
      "coverage_min": 0.774,
      "coverage_max": 0.91,
      "width_mean": 1.0861732884766073,
      "width_std": 0.05561615723965046,