{
  "time_steps": [
    1,
    2,
    3,
    4,
    5,
    6,
    7,
    8,
    9,
    10,
    11,
    12,
    13,
    14,
    15,
    16,
    17,
    18,
    19,
    20,
    21,
    22,
    23,
    24,
    25,
    26,
    27,
    28,
    29,
    30,
    31,
    32,
    33,
    34,
    35,
    36,
    37,
    38,
    39,
    40
  ],
  "n_seeds": 30,
  "config": {
    "predictor": "algorithm",
    "n_series": 500,
    "n_train": 1000,
    "n_cal": 1000,
    "alpha": 0.1,
    "aci_stepsize": 0.0,
    "T": 40,
    "window_size": 800,
    "ar_coef": 0.9,
    "beta": 1.0,
    "noise_std": 0.2,
    "trend_coef": 0.0,
    "covariate_mode": "dynamic",
    "with_shift": true,
    "use_lr": true,
    "covar_rate": 1.0,
    "covar_rate_shift": 2.0,
    "x_rate": 0.6,
    "x_trend": 0.0,
    "x_noise_std": 0.2,
    "x0_lambda": 1.0,
    "x_rate_shift": 0.9,
    "x_trend_shift": null,
    "x_noise_std_shift": null,
    "x0_lambda_shift": null
  },
  "by_time": {
    "1": {
      "coverage_mean": 0.8989333333333334,
      "coverage_std": 0.01310199306297414,
      "coverage_median": 0.901,
      "coverage_q25": 0.8905000000000001,
      "coverage_q75": 0.908,
      "coverage_min": 0.866,
      "coverage_max": 0.926,
      "width_mean": 2.7333523626096747,
      "width_std": 0.0783748673316708,
      "width_median": 2.722327240697192,
      "n_predictions_total": 15000,
      "empirical_coverage": 0.8989333333333334
    },
    "2": {
      "coverage_mean": 0.8081999999999999,
      "coverage_std": 0.02203240038367734,
      "coverage_median": 0.808,
      "coverage_q25": 0.795,
      "coverage_q75": 0.829,
      "coverage_min": 0.76,
      "coverage_max": 0.84,
      "width_mean": 2.0145231508517676,
      "width_std": 0.05673058347133905,
      "width_median": 2.015986106379222,
      "n_predictions_total": 15000,
      "empirical_coverage": 0.8082
    },
    "3": {
      "coverage_mean": 0.7708666666666667,
      "coverage_std": 0.02490881147082071,
      "coverage_median": 0.776,
      "coverage_q25": 0.755,
      "coverage_q75": 0.7875000000000001,
      "coverage_min": 0.71,
      "coverage_max": 0.826,
      "width_mean": 1.639224157990945,
      "width_std": 0.07253150728231186,
      "width_median": 1.6562127200669248,
      "n_predictions_total": 15000,
      "empirical_coverage": 0.7708666666666667
    },
    "4": {
      "coverage_mean": 0.7715333333333335,
      "coverage_std": 0.02118290715542973,
      "coverage_median": 0.77,
      "coverage_q25": 0.7545,
      "coverage_q75": 0.7835000000000001,
      "coverage_min": 0.736,
      "coverage_max": 0.822,
      "width_mean": 1.5343586282783335,
      "width_std": 0.05659289345590837,
      "width_median": 1.5411270512416433,
      "n_predictions_total": 15000,
      "empirical_coverage": 0.7715333333333333
    },
    "5": {
      "coverage_mean": 0.7826666666666667,
      "coverage_std": 0.02591953360348567,
      "coverage_median": 0.788,
      "coverage_q25": 0.768,
      "coverage_q75": 0.8015000000000001,
      "coverage_min": 0.736,
      "coverage_max": 0.836,
      "width_mean": 1.498850183281754,
      "width_std": 0.05050547767131699,
      "width_median": 1.5041587985722253,
      "n_predictions_total": 15000,
      "empirical_coverage": 0.7826666666666666
    },
    "6": {
      "coverage_mean": 0.7834666666666666,
      "coverage_std": 0.019376503525891584,
      "coverage_median": 0.782,
      "coverage_q25": 0.769,
      "coverage_q75": 0.797,
      "coverage_min": 0.75,
      "coverage_max": 0.836,
      "width_mean": 1.4466180332946343,
      "width_std": 0.04648065556623088,
      "width_median": 1.4423583477511674,
      "n_predictions_total": 15000,
      "empirical_coverage": 0.7834666666666666
    },
    "7": {
      "coverage_mean": 0.8054,
      "coverage_std": 0.02065687940291722,
      "coverage_median": 0.805,
      "coverage_q25": 0.792,
      "coverage_q75": 0.822,
      "coverage_min": 0.768,
      "coverage_max": 0.844,
      "width_mean": 1.4511907167998184,
      "width_std": 0.05416347002074302,
      "width_median": 1.4437413154687166,
      "n_predictions_total": 15000,
      "empirical_coverage": 0.8054
    },
    "8": {
      "coverage_mean": 0.8271333333333334,
      "coverage_std": 0.021544888540491948,
      "coverage_median": 0.829,
      "coverage_q25": 0.8105,
      "coverage_q75": 0.84,
      "coverage_min": 0.782,
      "coverage_max": 0.866,
      "width_mean": 1.475313071731548,
      "width_std": 0.061460071534497354,
      "width_median": 1.4700697126235005,
      "n_predictions_total": 15000,
      "empirical_coverage": 0.8271333333333334
    },
    "9": {
      "coverage_mean": 0.8378666666666668,
      "coverage_std": 0.020402178532913793,
      "coverage_median": 0.84,
      "coverage_q25": 0.824,
      "coverage_q75": 0.855,
      "coverage_min": 0.79,
      "coverage_max": 0.866,
      "width_mean": 1.419660102412278,
      "width_std": 0.05438428420747189,
      "width_median": 1.4174668856698711,
      "n_predictions_total": 15000,
      "empirical_coverage": 0.8378666666666666
    },
    "10": {
      "coverage_mean": 0.8296666666666667,
      "coverage_std": 0.019142158243579056,
      "coverage_median": 0.827,
      "coverage_q25": 0.812,
      "coverage_q75": 0.8445,
      "coverage_min": 0.794,
      "coverage_max": 0.866,
      "width_mean": 1.3430907480107237,
      "width_std": 0.04242134123958089,
      "width_median": 1.3376861740688846,
      "n_predictions_total": 15000,
      "empirical_coverage": 0.8296666666666667
    },
    "11": {
      "coverage_mean": 0.8297333333333333,
      "coverage_std": 0.018108806942725087,
      "coverage_median": 0.828,
      "coverage_q25": 0.818,
      "coverage_q75": 0.8414999999999999,
      "coverage_min": 0.794,
      "coverage_max": 0.864,
      "width_mean": 1.2925359895644506,
      "width_std": 0.042775032913666584,
      "width_median": 1.2855902932122247,
      "n_predictions_total": 15000,
      "empirical_coverage": 0.8297333333333333
    },
    "12": {
      "coverage_mean": 0.8602666666666668,
      "coverage_std": 0.024373391684831703,
      "coverage_median": 0.858,
      "coverage_q25": 0.843,
      "coverage_q75": 0.882,
      "coverage_min": 0.816,
      "coverage_max": 0.894,
      "width_mean": 1.3104135319509074,
      "width_std": 0.05630004410165305,
      "width_median": 1.3224014540847953,
      "n_predictions_total": 15000,
      "empirical_coverage": 0.8602666666666666
    },
    "13": {
      "coverage_mean": 0.8613999999999999,
      "coverage_std": 0.022283925447131935,
      "coverage_median": 0.868,
      "coverage_q25": 0.848,
      "coverage_q75": 0.872,
      "coverage_min": 0.818,
      "coverage_max": 0.904,
      "width_mean": 1.283824232066667,
      "width_std": 0.05335030444005563,
      "width_median": 1.277008386898756,
      "n_predictions_total": 15000,
      "empirical_coverage": 0.8614
    },
    "14": {
      "coverage_mean": 0.8675333333333335,
      "coverage_std": 0.02483912684097859,
      "coverage_median": 0.867,
      "coverage_q25": 0.85,
      "coverage_q75": 0.887,
      "coverage_min": 0.81,
      "coverage_max": 0.904,
      "width_mean": 1.2726586865808576,
      "width_std": 0.07558937210293667,
      "width_median": 1.2767074940264385,
      "n_predictions_total": 15000,
      "empirical_coverage": 0.8675333333333334
    },
    "15": {
      "coverage_mean": 0.8625333333333334,
      "coverage_std": 0.025229259908993686,
      "coverage_median": 0.864,
      "coverage_q25": 0.85,
      "coverage_q75": 0.88,
      "coverage_min": 0.796,
      "coverage_max": 0.902,
      "width_mean": 1.2514962784457404,
      "width_std": 0.0670925855118323,
      "width_median": 1.2592912164123753,
      "n_predictions_total": 15000,
      "empirical_coverage": 0.8625333333333334
    },
    "16": {
      "coverage_mean": 0.8588000000000001,
      "coverage_std": 0.02953235513805157,
      "coverage_median": 0.857,