{
  "n_seeds": 10,
  "hours": [
    1,
    2,
    3,
    4,
    5,
    6,
    7,
    8,
    9,
    10,
    11,
    12,
    13,
    14,
    15,
    16,
    17,
    18,
    19,
    20,
    21,
    22,
    23
  ],
  "config": {
    "n_traincal": 1000,
    "n_test": 500,
    "cal_frac": 0.5,
    "alpha": 0.1,
    "gamma_grid": [
      0.001,
      0.005,
      0.01,
      0.05,
      0.1,
      0.2
    ],
    "with_shift": true,
    "base_seed": 1000,
    "n_seeds": 10
  },
  "by_time": {
    "1": {
      "coverage_mean": 0.9134,
      "coverage_std": 0.01402996792583648,
      "coverage_median": 0.915,
      "coverage_q25": 0.904,
      "coverage_q75": 0.9215,
      "coverage_min": 0.886,
      "coverage_max": 0.934,
      "width_mean": 360.1452486200277,
      "width_std": 31.76705602121821
    },
    "2": {
      "coverage_mean": 0.9102,
      "coverage_std": 0.01348925498313381,
      "coverage_median": 0.912,
      "coverage_q25": 0.903,
      "coverage_q75": 0.916,
      "coverage_min": 0.882,
      "coverage_max": 0.93,
      "width_mean": 340.984878574577,
      "width_std": 46.06140742339005
    },
    "3": {
      "coverage_mean": 0.8894,
      "coverage_std": 0.025409447062067315,
      "coverage_median": 0.891,
      "coverage_q25": 0.8845000000000001,
      "coverage_q75": 0.911,
      "coverage_min": 0.842,
      "coverage_max": 0.922,
      "width_mean": 305.2646534439045,
      "width_std": 52.06807165181866
    },
    "4": {
      "coverage_mean": 0.8754000000000002,
      "coverage_std": 0.03554208772708774,
      "coverage_median": 0.883,
      "coverage_q25": 0.8465,
      "coverage_q75": 0.8995,
      "coverage_min": 0.814,
      "coverage_max": 0.938,
      "width_mean": 276.7153412326952,
      "width_std": 57.32205559573442
    },
    "5": {
      "coverage_mean": 0.8684,
      "coverage_std": 0.0134699665923862,
      "coverage_median": 0.874,
      "coverage_q25": 0.8585,
      "coverage_q75": 0.8775,
      "coverage_min": 0.842,
      "coverage_max": 0.888,
      "width_mean": 259.5831972533719,
      "width_std": 18.40163220370199
    },
    "6": {
      "coverage_mean": 0.8778,
      "coverage_std": 0.010371113729971347,
      "coverage_median": 0.879,
      "coverage_q25": 0.869,
      "coverage_q75": 0.8835,
      "coverage_min": 0.862,
      "coverage_max": 0.896,
      "width_mean": 334.94696083146346,
      "width_std": 73.29581585790538
    },
    "7": {
      "coverage_mean": 0.8692,
      "coverage_std": 0.02308592644881294,
      "coverage_median": 0.863,
      "coverage_q25": 0.8525,
      "coverage_q75": 0.8755,
      "coverage_min": 0.842,
      "coverage_max": 0.924,
      "width_mean": 346.52689175986194,
      "width_std": 105.12788822288907
    },
    "8": {
      "coverage_mean": 0.8728,
      "coverage_std": 0.022435685859808274,
      "coverage_median": 0.874,
      "coverage_q25": 0.856,
      "coverage_q75": 0.8865000000000001,
      "coverage_min": 0.836,
      "coverage_max": 0.918,
      "width_mean": 372.94569335672907,
      "width_std": 163.84046659836528
    },
    "9": {
      "coverage_mean": 0.8682000000000001,
      "coverage_std": 0.025713031715455126,
      "coverage_median": 0.876,
      "coverage_q25": 0.849,
      "coverage_q75": 0.888,
      "coverage_min": 0.816,
      "coverage_max": 0.902,
      "width_mean": 339.49206187023765,
      "width_std": 115.93079246402583
    },
    "10": {
      "coverage_mean": 0.881,
      "coverage_std": 0.015106290080625367,
      "coverage_median": 0.879,
      "coverage_q25": 0.875,
      "coverage_q75": 0.8905000000000001,
      "coverage_min": 0.848,
      "coverage_max": 0.908,
      "width_mean": 365.73267698453157,
      "width_std": 69.53363240572587
    },
    "11": {
      "coverage_mean": 0.8716000000000002,
      "coverage_std": 0.024992798962901318,
      "coverage_median": 0.879,
      "coverage_q25": 0.854,
      "coverage_q75": 0.886,
      "coverage_min": 0.826,
      "coverage_max": 0.912,
      "width_mean": 336.219304391645,
      "width_std": 93.98675841115744
    },
    "12": {
      "coverage_mean": 0.8798,
      "coverage_std": 0.017987773625437936,
      "coverage_median": 0.887,
      "coverage_q25": 0.8674999999999999,
      "coverage_q75": 0.8925000000000001,
      "coverage_min": 0.85,
      "coverage_max": 0.906,
      "width_mean": 309.2994455139028,
      "width_std": 98.96232813623797
    },
    "13": {
      "coverage_mean": 0.8959999999999999,
      "coverage_std": 0.025282404948896796,
      "coverage_median": 0.901,
      "coverage_q25": 0.8755,
      "coverage_q75": 0.915,
      "coverage_min": 0.856,
      "coverage_max": 0.936,
      "width_mean": 326.0778187637738,
      "width_std": 68.05890276869854
    },
    "14": {
      "coverage_mean": 0.898,
      "coverage_std": 0.019493588689617924,
      "coverage_median": 0.899,
      "coverage_q25": 0.8845000000000001,
      "coverage_q75": 0.9045000000000001,
      "coverage_min": 0.866,
      "coverage_max": 0.94,
      "width_mean": 320.3037766930606,
      "width_std": 44.542559974891475
    },
    "15": {
      "coverage_mean": 0.8772,
      "coverage_std": 0.021094074997496354,
      "coverage_median": 0.876,
      "coverage_q25": 0.8654999999999999,
      "coverage_q75": 0.8975,
      "coverage_min": 0.838,
      "coverage_max": 0.904,
      "width_mean": 276.9206437467538,
      "width_std": 61.42819140477924
    },
    "16": {
      "coverage_mean": 0.8852,
      "coverage_std": 0.025110953785151234,
      "coverage_median": 0.89,
      "coverage_q25": 0.859,
      "coverage_q75": 0.9015,
      "coverage_min": 0.854,
      "coverage_max": 0.93,
      "width_mean": 280.74795057600807,
      "width_std": 73.36284658401712
    },
    "17": {
      "coverage_mean": 0.8800000000000001,
      "coverage_std": 0.02636664559628322,
      "coverage_median": 0.884,
      "coverage_q25": 0.8614999999999999,
      "coverage_q75": 0.895,
      "coverage_min": 0.828,
      "coverage_max": 0.922,
      "width_mean": 306.40763524392844,
      "width_std": 61.786069058208234
    },
    "18": {
      "coverage_mean": 0.8922000000000001,
      "coverage_std": 0.016209873534361718,
      "coverage_median": 0.892,
      "coverage_q25": 0.882,
      "coverage_q75": 0.9045000000000001,
      "coverage_min": 0.866,
      "coverage_max": 0.92,
      "width_mean": 263.1169363456441,
      "width_std": 36.95097279473603
    },
    "19": {
      "coverage_mean": 0.8942,
      "coverage_std": 0.02340000000000002,
      "coverage_median": 0.9,
      "coverage_q25": 0.873,
      "coverage_q75": 0.915,
      "coverage_min": 0.854,
      "coverage_max": 0.92,
      "width_mean": 254.76377391428272,
      "width_std": 37.60742811955354
    },
    "20": {
      "coverage_mean": 0.8981999999999999,
      "coverage_std": 0.025114935795259384,
      "coverage_median": 0.899,
      "coverage_q25": 0.8865000000000001,
      "coverage_q75": 0.9155,
      "coverage_min": 0.846,
      "coverage_max": 0.934,
      "width_mean": 267.6485315486478,
      "width_std": 59.61553155027755
    },
    "21": {
      "coverage_mean": 0.9112,
      "coverage_std": 0.024790320691753867,
      "coverage_median": 0.913,
      "coverage_q25": 0.8945000000000001,
      "coverage_q75": 0.9345000000000001,
      "coverage_min": 0.866,
      "coverage_max": 0.94,
      "width_mean": 250.68859459495448,
      "width_std": 37.390010903711726
    },
    "22": {
      "coverage_mean": 0.8964000000000001,
      "coverage_std": 0.018650469162999644,
      "coverage_median": 0.894,
      "coverage_q25": 0.884,
      "coverage_q75": 0.903,
      "coverage_min": 0.868,
      "coverage_max": 0.934,
      "width_mean": 247.32760645946533,
      "width_std": 98.87819460820437
    },
    "23": {
      "coverage_mean": 0.8884000000000001,
      "coverage_std": 0.020915066339842216,
      "coverage_median": 0.894,
      "coverage_q25": 0.874,
      "coverage_q75": 0.9015,
      "coverage_min": 0.854,
      "coverage_max": 0.92,