{
  "coverage_by_time": [
    0.928,
    0.916,
    0.912,
    0.918,
    0.93,
    0.93,
    0.936,
    0.942,
    0.938,
    0.932,
    0.282,
    0.696,
    0.24,
    0.492,
    0.32,
    0.244,
    0.22,
    0.24,
    0.252,
    0.228,
    0.2,
    0.202,
    0.198
  ],
  "width_by_time": [
    536.5945259677139,
    340.34144544396213,
    358.77724987922085,
    377.71376292143174,
    397.90055781829045,
    398.79178491579194,
    417.0611149223566,
    413.0407077500863,
    421.527880750978,
    421.3423036611018,
    203.2601482693213,
    328.55483091152365,
    191.35542026469815,
    295.0428589968037,
    227.24014371748137,
    185.65848145155437,
    175.77751548342454,
    173.51565328578388,
    171.71910840364015,
    169.312471166175,
    167.40189333568878,
    164.84119956808357,
    166.03457457070974
  ],
  "overall_coverage": 0.569391304347826,
  "target_coverage": 0.9,
  "hours": [
    1,
    2,
    3,
    4,
    5,
    6,
    7,
    8,
    9,
    10,
    11,
    12,
    13,
    14,
    15,
    16,
    17,
    18,
    19,
    20,
    21,
    22,
    23
  ],
  "gamma_opt_history": [
    0.0,
    0.0,
    0.0,
    0.0,
    0.0,
    0.0,
    0.0,
    0.0,
    0.0,
    0.0,
    0.0,
    0.0,
    0.0,
    0.0,
    0.0,
    0.0,
    0.0,
    0.0,
    0.0,
    0.0,
    0.0,
    0.0,
    0.0
  ],
  "first_test_patient": "35003926",
  "first_test_series": {
    "true": [
      266.14442317932844,
      250.0,
      250.0,
      250.0,
      49.999998807907104,
      0.0,
      999.9999618530272,
      0.0,
      0.0,
      0.0,
      0.0,
      0.0,
      0.0,
      0.0,
      0.0,
      0.0,
      0.0,
      0.0,
      0.0,
      0.0,
      0.0,
      0.0,
      0.0
    ],
    "lower": [
      -156.5740743039181,
      -53.4557265125497,
      -53.92150438549703,
      -53.726953652839484,
      -48.62165006473745,
      -33.18977761121985,
      -31.592926816749667,
      -26.1493073854258,
      -33.67717020412468,
      -30.2595033878697,
      68.77536658065934,
      8.559094638042069,
      84.83725389858905,
      39.07171782850398,
      69.23776582531252,
      95.42277029014625,
      79.28650095382635,
      101.04311161426408,
      78.02563793887373,
      75.50348977545823,
      94.0846829614606,
      76.80155733539323,
      95.58822145427672
    ],
    "upper": [
      380.0204516637958,
      296.66741554908805,
      305.58737049830876,
      326.54462101610966,
      363.2843569288906,
      370.91966415031754,
      386.9566604236188,
      392.2077634176751,
      389.62854228889705,
      392.0303521560518,
      272.0356323719673,
      337.98852129854015,
      276.1928703466333,
      338.33950111385445,
      292.0545061083336,
      272.5413646806019,
      255.06646265065223,
      274.56450730406885,
      249.74504515436075,
      244.8176214969558,
      261.4879741136663,
      241.64637340934706,
      261.6263834239538
    ]
  },
  "config": {
    "n_train": 500,
    "n_cal": 500,
    "n_test": 500,
    "L": 24,
    "alpha": 0.1,
    "gamma_grid": [
      0.0
    ],
    "seed": 42,
    "with_shift": true,
    "target_var": "NaCl 0.9% (target)",
    "cov_names": [
      "Heart Rate",
      "Respiratory Rate",
      "O2 saturation pulseoxymetry"
    ],
    "static_names": [
      "Age",
      "gender_M",
      "eth_BLACK",
      "eth_HISPANIC",
      "eth_ASIAN",
      "eth_OTHER"
    ]
  }
}