{
  "n_seeds": 10,
  "hours": [
    1,
    2,
    3,
    4,
    5,
    6,
    7,
    8,
    9,
    10,
    11,
    12,
    13,
    14,
    15,
    16,
    17,
    18,
    19,
    20,
    21,
    22,
    23
  ],
  "config": {
    "n_traincal": 1000,
    "n_test": 500,
    "cal_frac": 0.5,
    "alpha": 0.1,
    "gamma_grid": [
      0.0
    ],
    "with_shift": true,
    "base_seed": 1000,
    "n_seeds": 10
  },
  "by_time": {
    "1": {
      "coverage_mean": 0.9134,
      "coverage_std": 0.01402996792583648,
      "coverage_median": 0.915,
      "coverage_q25": 0.904,
      "coverage_q75": 0.9215,
      "coverage_min": 0.886,
      "coverage_max": 0.934,
      "width_mean": 360.14524862002816,
      "width_std": 31.767056021217734
    },
    "2": {
      "coverage_mean": 0.8936,
      "coverage_std": 0.022141364004956896,
      "coverage_median": 0.896,
      "coverage_q25": 0.877,
      "coverage_q75": 0.912,
      "coverage_min": 0.856,
      "coverage_max": 0.924,
      "width_mean": 305.36263619241606,
      "width_std": 42.44164227691724
    },
    "3": {
      "coverage_mean": 0.8906000000000001,
      "coverage_std": 0.016590358645912406,
      "coverage_median": 0.888,
      "coverage_q25": 0.8795,
      "coverage_q75": 0.9035,
      "coverage_min": 0.866,
      "coverage_max": 0.916,
      "width_mean": 289.0781115608779,
      "width_std": 38.818270562337766
    },
    "4": {
      "coverage_mean": 0.8904,
      "coverage_std": 0.025056735621385343,
      "coverage_median": 0.894,
      "coverage_q25": 0.871,
      "coverage_q75": 0.9095,
      "coverage_min": 0.844,
      "coverage_max": 0.93,
      "width_mean": 263.2514176852986,
      "width_std": 46.05162608715362
    },
    "5": {
      "coverage_mean": 0.8886,
      "coverage_std": 0.026169447835214257,
      "coverage_median": 0.888,
      "coverage_q25": 0.8745,
      "coverage_q75": 0.9055,
      "coverage_min": 0.836,
      "coverage_max": 0.938,
      "width_mean": 250.96500846287154,
      "width_std": 51.5585153592001
    },
    "6": {
      "coverage_mean": 0.9082000000000001,
      "coverage_std": 0.02677984316608296,
      "coverage_median": 0.906,
      "coverage_q25": 0.8965000000000001,
      "coverage_q75": 0.9295,
      "coverage_min": 0.862,
      "coverage_max": 0.952,
      "width_mean": 243.15482073547574,
      "width_std": 45.39804611952262
    },
    "7": {
      "coverage_mean": 0.9033999999999999,
      "coverage_std": 0.02629144347501674,
      "coverage_median": 0.911,
      "coverage_q25": 0.884,
      "coverage_q75": 0.9205000000000001,
      "coverage_min": 0.86,
      "coverage_max": 0.944,
      "width_mean": 224.70210688823857,
      "width_std": 36.782499157028894
    },
    "8": {
      "coverage_mean": 0.8986000000000001,
      "coverage_std": 0.019576516544063723,
      "coverage_median": 0.898,
      "coverage_q25": 0.8855,
      "coverage_q75": 0.911,
      "coverage_min": 0.862,
      "coverage_max": 0.93,
      "width_mean": 214.29273478571008,
      "width_std": 31.33788818898908
    },
    "9": {
      "coverage_mean": 0.8884000000000001,
      "coverage_std": 0.01899052395275077,
      "coverage_median": 0.893,
      "coverage_q25": 0.878,
      "coverage_q75": 0.902,
      "coverage_min": 0.846,
      "coverage_max": 0.914,
      "width_mean": 202.42379443764708,
      "width_std": 31.398672582740744
    },
    "10": {
      "coverage_mean": 0.8960000000000001,
      "coverage_std": 0.018132843130629035,
      "coverage_median": 0.899,
      "coverage_q25": 0.8795,
      "coverage_q75": 0.907,
      "coverage_min": 0.868,
      "coverage_max": 0.924,
      "width_mean": 189.74544394275475,
      "width_std": 30.2680881750535
    },
    "11": {
      "coverage_mean": 0.8974,
      "coverage_std": 0.018199999999999994,
      "coverage_median": 0.896,
      "coverage_q25": 0.8845000000000001,
      "coverage_q75": 0.9025000000000001,
      "coverage_min": 0.872,
      "coverage_max": 0.938,
      "width_mean": 183.69287580759402,
      "width_std": 27.447870793291113
    },
    "12": {
      "coverage_mean": 0.8974,
      "coverage_std": 0.018869022232219684,
      "coverage_median": 0.898,
      "coverage_q25": 0.8825000000000001,
      "coverage_q75": 0.9085000000000001,
      "coverage_min": 0.866,
      "coverage_max": 0.934,
      "width_mean": 175.6632919924747,
      "width_std": 28.82808169246844
    },
    "13": {
      "coverage_mean": 0.9026,
      "coverage_std": 0.022504221826137424,
      "coverage_median": 0.899,
      "coverage_q25": 0.889,
      "coverage_q75": 0.9145000000000001,
      "coverage_min": 0.864,
      "coverage_max": 0.948,
      "width_mean": 164.73523903299542,
      "width_std": 21.496991797802714
    },
    "14": {
      "coverage_mean": 0.8906000000000001,
      "coverage_std": 0.017687283567580425,
      "coverage_median": 0.888,
      "coverage_q25": 0.8805000000000001,
      "coverage_q75": 0.902,
      "coverage_min": 0.864,
      "coverage_max": 0.926,
      "width_mean": 159.7503724427368,
      "width_std": 19.188968241574816
    },
    "15": {
      "coverage_mean": 0.8886000000000001,
      "coverage_std": 0.01572386720880078,
      "coverage_median": 0.889,
      "coverage_q25": 0.882,
      "coverage_q75": 0.9005000000000001,
      "coverage_min": 0.854,
      "coverage_max": 0.91,
      "width_mean": 154.2467232762592,
      "width_std": 16.429876395499303
    },
    "16": {
      "coverage_mean": 0.8978000000000002,
      "coverage_std": 0.0183619171112387,
      "coverage_median": 0.897,
      "coverage_q25": 0.881,
      "coverage_q75": 0.9075,
      "coverage_min": 0.874,
      "coverage_max": 0.934,
      "width_mean": 149.548231566304,
      "width_std": 15.483437515958405
    },
    "17": {
      "coverage_mean": 0.8882,
      "coverage_std": 0.015860643114325487,
      "coverage_median": 0.892,
      "coverage_q25": 0.886,
      "coverage_q75": 0.8995,
      "coverage_min": 0.854,
      "coverage_max": 0.906,
      "width_mean": 145.39774898786138,
      "width_std": 10.74232932485729
    },
    "18": {
      "coverage_mean": 0.8934,
      "coverage_std": 0.017112568480505796,
      "coverage_median": 0.899,
      "coverage_q25": 0.8835,
      "coverage_q75": 0.9075,
      "coverage_min": 0.86,
      "coverage_max": 0.912,
      "width_mean": 142.95026540499646,
      "width_std": 11.826756790572665
    },
    "19": {
      "coverage_mean": 0.898,
      "coverage_std": 0.013053735097664587,
      "coverage_median": 0.9,
      "coverage_q25": 0.8875,
      "coverage_q75": 0.908,
      "coverage_min": 0.874,
      "coverage_max": 0.918,
      "width_mean": 138.68116767548318,
      "width_std": 13.789989042170092
    },
    "20": {
      "coverage_mean": 0.8892000000000001,
      "coverage_std": 0.01718604084715268,
      "coverage_median": 0.891,
      "coverage_q25": 0.875,
      "coverage_q75": 0.9015,
      "coverage_min": 0.864,
      "coverage_max": 0.918,
      "width_mean": 134.91229902025157,
      "width_std": 13.262042434726098
    },
    "21": {
      "coverage_mean": 0.9038,
      "coverage_std": 0.01481755715359318,
      "coverage_median": 0.903,
      "coverage_q25": 0.8965000000000001,
      "coverage_q75": 0.91,
      "coverage_min": 0.878,
      "coverage_max": 0.934,
      "width_mean": 133.3546145347997,
      "width_std": 14.324673115941314
    },
    "22": {
      "coverage_mean": 0.8897999999999999,
      "coverage_std": 0.015451860729374973,
      "coverage_median": 0.885,
      "coverage_q25": 0.8785000000000001,
      "coverage_q75": 0.903,
      "coverage_min": 0.872,
      "coverage_max": 0.918,
      "width_mean": 131.26565820976475,
      "width_std": 14.024546413482916
    },
    "23": {
      "coverage_mean": 0.8894,
      "coverage_std": 0.016971741218861445,
      "coverage_median": 0.887,
      "coverage_q25": 0.884,
      "coverage_q75": 0.9015,
      "coverage_min": 0.862,
      "coverage_max": 0.922,
      "width_mean": 129.45070669074056,