{
  "coverage_by_time": [
    0.928,
    0.916,
    0.912,
    0.918,
    0.93,
    0.93,
    0.94,
    0.944,
    0.944,
    0.936,
    0.282,
    0.762,
    0.24,
    0.772,
    0.69,
    0.636,
    0.616,
    0.546,
    0.54,
    0.578,
    0.516,
    0.542,
    0.394
  ],
  "width_by_time": [
    536.5945259677137,
    340.2012123218671,
    358.7774397769067,
    377.6858363838296,
    397.76840852140623,
    398.77777977087186,
    422.241986717099,
    415.04507891834305,
    426.7291935436824,
    423.2043798088352,
    203.25874366859185,
    341.3784407761578,
    193.041959577484,
    337.24666255984374,
    361.02860829438805,
    339.61372152553497,
    343.53987011330014,
    330.2092767247167,
    317.59688186558003,
    318.66528361374105,
    323.86752074251444,
    333.77354786533454,
    308.17529047217215
  ],
  "overall_coverage": 0.7135652173913043,
  "target_coverage": 0.9,
  "hours": [
    1,
    2,
    3,
    4,
    5,
    6,
    7,
    8,
    9,
    10,
    11,
    12,
    13,
    14,
    15,
    16,
    17,
    18,
    19,
    20,
    21,
    22,
    23
  ],
  "gamma_opt_history": [
    1e-06,
    1e-06,
    1e-06,
    1e-06,
    1e-06,
    0.01,
    0.01,
    0.01,
    0.01,
    0.01,
    0.01,
    0.01,
    0.01,
    0.01,
    0.01,
    0.005,
    0.005,
    0.005,
    0.005,
    0.005,
    1e-06,
    1e-06,
    1e-06
  ],
  "first_test_patient": "35003926",
  "first_test_series": {
    "true": [
      266.14442317932844,
      250.0,
      250.0,
      250.0,
      49.999998807907104,
      0.0,
      999.9999618530272,
      0.0,
      0.0,
      0.0,
      0.0,
      0.0,
      0.0,
      0.0,
      0.0,
      0.0,
      0.0,
      0.0,
      0.0,
      0.0,
      0.0,
      0.0,
      0.0
    ],
    "lower": [
      -156.57407430391783,
      -53.31521129429308,
      -53.92731623150371,
      -53.73873258696074,
      -48.56628937450327,
      -33.1509488538116,
      -30.15272743270441,
      -32.05092925241311,
      -39.888569210790195,
      -32.279195864819684,
      68.77356198137151,
      -20.780436300459456,
      84.83641915143787,
      -4.349646883891268,
      -3.280507479253174,
      8.216207612768955,
      -14.788857850422374,
      11.068042058508809,
      -16.47305503043907,
      -16.606393667149348,
      3.8662922248987,
      -19.90944296646458,
      9.10635437256397
    ],
    "upper": [
      380.0204516637959,
      296.52690033083127,
      305.59318234431527,
      326.5563999502316,
      363.22899623865635,
      370.88083539290926,
      385.51646103957387,
      398.1093852846626,
      395.83994129556254,
      394.0500446330018,
      272.03743697125645,
      367.3280522370417,
      276.19370509378564,
      381.7608658262503,
      364.57277941289817,
      359.74792735797973,
      349.14182145489895,
      364.53957685982436,
      344.24373812367236,
      336.92750493956413,
      351.70636485022965,
      338.3573737112064,
      348.10825050566723
    ]
  },
  "config": {
    "n_train": 500,
    "n_cal": 500,
    "n_test": 500,
    "L": 24,
    "alpha": 0.1,
    "gamma_grid": [
      1e-06,
      5e-06,
      1e-05,
      5e-05,
      0.0001,
      0.0005,
      0.001,
      0.005,
      0.01
    ],
    "seed": 42,
    "with_shift": true,
    "target_var": "NaCl 0.9% (target)",
    "cov_names": [
      "Heart Rate",
      "Respiratory Rate",
      "O2 saturation pulseoxymetry"
    ],
    "static_names": [
      "Age",
      "gender_M",
      "eth_BLACK",
      "eth_HISPANIC",
      "eth_ASIAN",
      "eth_OTHER"
    ]
  }
}