{
  "n_seeds": 10,
  "hours": [
    1,
    2,
    3,
    4,
    5,
    6,
    7,
    8,
    9,
    10,
    11,
    12,
    13,
    14,
    15,
    16,
    17,
    18,
    19,
    20,
    21,
    22,
    23
  ],
  "config": {
    "n_traincal": 1000,
    "n_test": 500,
    "cal_frac": 0.5,
    "alpha": 0.1,
    "gamma_grid": [
      0.001,
      0.005,
      0.01,
      0.05,
      0.1,
      0.2
    ],
    "with_shift": false,
    "base_seed": 1000,
    "n_seeds": 10
  },
  "by_time": {
    "1": {
      "coverage_mean": 0.9134,
      "coverage_std": 0.01402996792583648,
      "coverage_median": 0.915,
      "coverage_q25": 0.904,
      "coverage_q75": 0.9215,
      "coverage_min": 0.886,
      "coverage_max": 0.934,
      "width_mean": 360.1452486200277,
      "width_std": 31.76705602121821
    },
    "2": {
      "coverage_mean": 0.9213999999999999,
      "coverage_std": 0.012587295182047643,
      "coverage_median": 0.92,
      "coverage_q25": 0.9105000000000001,
      "coverage_q75": 0.931,
      "coverage_min": 0.904,
      "coverage_max": 0.944,
      "width_mean": 369.7782004227407,
      "width_std": 33.26800235154953
    },
    "3": {
      "coverage_mean": 0.9154,
      "coverage_std": 0.019329769786523576,
      "coverage_median": 0.919,
      "coverage_q25": 0.899,
      "coverage_q75": 0.934,
      "coverage_min": 0.882,
      "coverage_max": 0.938,
      "width_mean": 366.80750339082374,
      "width_std": 40.22380537148247
    },
    "4": {
      "coverage_mean": 0.9258,
      "coverage_std": 0.02004894012161239,
      "coverage_median": 0.925,
      "coverage_q25": 0.9205000000000001,
      "coverage_q75": 0.9375,
      "coverage_min": 0.886,
      "coverage_max": 0.956,
      "width_mean": 371.14334185200613,
      "width_std": 37.884863721033405
    },
    "5": {
      "coverage_mean": 0.9184000000000001,
      "coverage_std": 0.020274121435958685,
      "coverage_median": 0.92,
      "coverage_q25": 0.8985000000000001,
      "coverage_q75": 0.9335,
      "coverage_min": 0.892,
      "coverage_max": 0.954,
      "width_mean": 346.527457125122,
      "width_std": 31.28508564034461
    },
    "6": {
      "coverage_mean": 0.9298,
      "coverage_std": 0.009484724561103471,
      "coverage_median": 0.931,
      "coverage_q25": 0.92,
      "coverage_q75": 0.939,
      "coverage_min": 0.916,
      "coverage_max": 0.942,
      "width_mean": 330.1936504304785,
      "width_std": 31.521306049667835
    },
    "7": {
      "coverage_mean": 0.9196,
      "coverage_std": 0.025326665789242763,
      "coverage_median": 0.925,
      "coverage_q25": 0.902,
      "coverage_q75": 0.9355,
      "coverage_min": 0.874,
      "coverage_max": 0.964,
      "width_mean": 318.70205475378015,
      "width_std": 36.86333965727453
    },
    "8": {
      "coverage_mean": 0.9090000000000001,
      "coverage_std": 0.026355265128622768,
      "coverage_median": 0.912,
      "coverage_q25": 0.8955,
      "coverage_q75": 0.9325,
      "coverage_min": 0.864,
      "coverage_max": 0.942,
      "width_mean": 297.85329343215415,
      "width_std": 62.46791902095504
    },
    "9": {
      "coverage_mean": 0.9066000000000001,
      "coverage_std": 0.025124490044576037,
      "coverage_median": 0.908,
      "coverage_q25": 0.8995,
      "coverage_q75": 0.923,
      "coverage_min": 0.856,
      "coverage_max": 0.94,
      "width_mean": 307.61725158494676,
      "width_std": 66.34664562233058
    },
    "10": {
      "coverage_mean": 0.9161999999999999,
      "coverage_std": 0.017628386199536248,
      "coverage_median": 0.921,
      "coverage_q25": 0.9025000000000001,
      "coverage_q75": 0.926,
      "coverage_min": 0.882,
      "coverage_max": 0.94,
      "width_mean": 303.81577627187716,
      "width_std": 70.17564367569192
    },
    "11": {
      "coverage_mean": 0.9148,
      "coverage_std": 0.01725572368809839,
      "coverage_median": 0.917,
      "coverage_q25": 0.9005000000000001,
      "coverage_q75": 0.929,
      "coverage_min": 0.89,
      "coverage_max": 0.94,
      "width_mean": 299.57338575277356,
      "width_std": 68.47253828014654
    },
    "12": {
      "coverage_mean": 0.9084,
      "coverage_std": 0.024458945193936713,
      "coverage_median": 0.904,
      "coverage_q25": 0.889,
      "coverage_q75": 0.9245000000000001,
      "coverage_min": 0.878,
      "coverage_max": 0.958,
      "width_mean": 278.8609474466499,
      "width_std": 78.42688727581309
    },
    "13": {
      "coverage_mean": 0.9256,
      "coverage_std": 0.015252540771950065,
      "coverage_median": 0.923,
      "coverage_q25": 0.917,
      "coverage_q75": 0.939,
      "coverage_min": 0.9,
      "coverage_max": 0.95,
      "width_mean": 312.71955532599446,
      "width_std": 78.9275117445555
    },
    "14": {
      "coverage_mean": 0.9106,
      "coverage_std": 0.02751072518128156,
      "coverage_median": 0.908,
      "coverage_q25": 0.8945000000000001,
      "coverage_q75": 0.9345,
      "coverage_min": 0.862,
      "coverage_max": 0.95,
      "width_mean": 300.33347319717024,
      "width_std": 69.46159035264422
    },
    "15": {
      "coverage_mean": 0.8972,
      "coverage_std": 0.01177115117564974,
      "coverage_median": 0.901,
      "coverage_q25": 0.891,
      "coverage_q75": 0.9035,
      "coverage_min": 0.87,
      "coverage_max": 0.914,
      "width_mean": 289.2558322249592,
      "width_std": 88.98949657012567
    },
    "16": {
      "coverage_mean": 0.9180000000000001,
      "coverage_std": 0.014366627996854368,
      "coverage_median": 0.916,
      "coverage_q25": 0.9105000000000001,
      "coverage_q75": 0.927,
      "coverage_min": 0.894,
      "coverage_max": 0.946,
      "width_mean": 316.68756093471336,
      "width_std": 142.35437243087733
    },
    "17": {
      "coverage_mean": 0.8902000000000001,
      "coverage_std": 0.017004705231199995,
      "coverage_median": 0.896,
      "coverage_q25": 0.877,
      "coverage_q75": 0.9035,
      "coverage_min": 0.864,
      "coverage_max": 0.914,
      "width_mean": 286.3378882376196,
      "width_std": 91.7435629368555
    },
    "18": {
      "coverage_mean": 0.9048,
      "coverage_std": 0.014288456879593415,
      "coverage_median": 0.899,
      "coverage_q25": 0.8925000000000001,
      "coverage_q75": 0.9175,
      "coverage_min": 0.888,
      "coverage_max": 0.928,
      "width_mean": 329.5892992609803,
      "width_std": 76.87312827406026
    },
    "19": {
      "coverage_mean": 0.9108,
      "coverage_std": 0.016129476122924778,
      "coverage_median": 0.915,
      "coverage_q25": 0.902,
      "coverage_q75": 0.9235,
      "coverage_min": 0.884,
      "coverage_max": 0.932,
      "width_mean": 286.89849468253186,
      "width_std": 63.16999821061243
    },
    "20": {
      "coverage_mean": 0.9044000000000001,
      "coverage_std": 0.02185040045399628,
      "coverage_median": 0.909,
      "coverage_q25": 0.8845000000000001,
      "coverage_q75": 0.926,
      "coverage_min": 0.87,
      "coverage_max": 0.928,
      "width_mean": 281.11648499914304,
      "width_std": 60.28552302898137
    },
    "21": {
      "coverage_mean": 0.9168,
      "coverage_std": 0.016277591959500643,
      "coverage_median": 0.916,
      "coverage_q25": 0.9115,
      "coverage_q75": 0.925,
      "coverage_min": 0.878,
      "coverage_max": 0.94,
      "width_mean": 270.3202732834502,
      "width_std": 56.986597185563426
    },
    "22": {
      "coverage_mean": 0.9052,
      "coverage_std": 0.017937669859822945,
      "coverage_median": 0.901,
      "coverage_q25": 0.888,
      "coverage_q75": 0.925,
      "coverage_min": 0.884,
      "coverage_max": 0.928,
      "width_mean": 278.54101723020733,
      "width_std": 122.3030682518546
    },
    "23": {
      "coverage_mean": 0.907,
      "coverage_std": 0.01798332561013118,
      "coverage_median": 0.905,
      "coverage_q25": 0.895,
      "coverage_q75": 0.922,
      "coverage_min": 0.878,
      "coverage_max": 0.938,
      "width_mean": 245.77526007387155,