{
  "coverage_by_time": [
    0.928,
    0.916,
    0.912,
    0.918,
    0.93,
    0.93,
    0.94,
    0.944,
    0.944,
    0.936,
    0.282,
    0.762,
    0.24,
    0.772,
    0.69,
    0.636,
    0.616,
    0.546,
    0.542,
    0.576,
    0.516,
    0.542,
    0.392
  ],
  "width_by_time": [
    536.5945259677139,
    340.3413623679361,
    358.77722657763155,
    377.71365605137,
    397.9002719339617,
    398.7914383780427,
    422.2714269034173,
    414.8157930021222,
    426.782777546918,
    423.2281475610393,
    203.2587449875457,
    341.40002501962124,
    193.04208864696227,
    337.2037218763104,
    360.96499261511144,
    339.6632852275773,
    343.53429273212095,
    330.1577679011868,
    317.6182802240737,
    318.53990562755564,
    323.7815541087169,
    333.61798929079833,
    308.15968976086845
  ],
  "overall_coverage": 0.7134782608695652,
  "target_coverage": 0.9,
  "hours": [
    1,
    2,
    3,
    4,
    5,
    6,
    7,
    8,
    9,
    10,
    11,
    12,
    13,
    14,
    15,
    16,
    17,
    18,
    19,
    20,
    21,
    22,
    23
  ],
  "gamma_opt_history": [
    1e-06,
    1e-06,
    1e-06,
    1e-06,
    1e-06,
    0.01,
    0.01,
    0.01,
    0.01,
    0.01,
    0.01,
    0.01,
    0.01,
    0.01,
    0.01,
    0.005,
    0.005,
    0.005,
    0.005,
    0.005,
    1e-06,
    1e-06,
    1e-06
  ],
  "first_test_patient": "35003926",
  "first_test_series": {
    "true": [
      266.14442317932844,
      250.0,
      250.0,
      250.0,
      49.999998807907104,
      0.0,
      999.9999618530272,
      0.0,
      0.0,
      0.0,
      0.0,
      0.0,
      0.0,
      0.0,
      0.0,
      0.0,
      0.0,
      0.0,
      0.0,
      0.0,
      0.0,
      0.0,
      0.0
    ],
    "lower": [
      -156.5740743039181,
      -53.45538339151692,
      -53.92142125281356,
      -53.726821591685365,
      -48.620695632896826,
      -33.188638549477616,
      -30.159952076405233,
      -32.01708110763886,
      -39.917738138012965,
      -32.33500120784976,
      68.77355845525283,
      -20.79085013844741,
      84.83641862127372,
      -4.355652089839168,
      -3.2465869208108984,
      8.216207612769011,
      -14.786034921159342,
      11.068297962753974,
      -16.46481677975558,
      -16.599654486756606,
      3.9290962088413153,
      -19.904169616219463,
      9.10686034849303
    ],
    "upper": [
      380.0204516637958,
      296.66707242805523,
      305.5872873656253,
      326.54448895495557,
      363.28340249705,
      370.9185250885753,
      385.5236856832744,
      398.0755371398882,
      395.86911022278537,
      394.10584997603183,
      272.03744049737384,
      367.3384660750296,
      276.19370562394863,
      381.76687103219757,
      364.53885885445703,
      359.74792735797905,
      349.13899852563793,
      364.539320955579,
      344.2354998729901,
      336.92076575917065,
      351.6435608662856,
      338.35210036095975,
      348.1077445297375
    ]
  },
  "config": {
    "n_train": 500,
    "n_cal": 500,
    "n_test": 500,
    "L": 24,
    "alpha": 0.1,
    "gamma_grid": [
      1e-06,
      5e-06,
      1e-05,
      5e-05,
      0.0001,
      0.0005,
      0.001,
      0.005,
      0.01
    ],
    "seed": 42,
    "with_shift": true,
    "target_var": "NaCl 0.9% (target)",
    "cov_names": [
      "Heart Rate",
      "Respiratory Rate",
      "O2 saturation pulseoxymetry"
    ],
    "static_names": [
      "Age",
      "gender_M",
      "eth_BLACK",
      "eth_HISPANIC",
      "eth_ASIAN",
      "eth_OTHER"
    ]
  }
}