{
  "n_seeds": 10,
  "hours": [
    1,
    2,
    3,
    4,
    5,
    6,
    7,
    8,
    9,
    10,
    11,
    12,
    13,
    14,
    15,
    16,
    17,
    18,
    19,
    20,
    21,
    22,
    23
  ],
  "config": {
    "n_traincal": 1000,
    "n_test": 500,
    "cal_frac": 0.5,
    "alpha": 0.1,
    "gamma_grid": [
      1e-06,
      1e-05,
      0.0001,
      0.001,
      0.01,
      0.1,
      1
    ],
    "with_shift": false,
    "base_seed": 1000,
    "n_seeds": 10
  },
  "by_time": {
    "1": {
      "coverage_mean": 0.9134,
      "coverage_std": 0.01402996792583648,
      "coverage_median": 0.915,
      "coverage_q25": 0.904,
      "coverage_q75": 0.9215,
      "coverage_min": 0.886,
      "coverage_max": 0.934,
      "width_mean": 360.14524862002816,
      "width_std": 31.767056021217734
    },
    "2": {
      "coverage_mean": 0.9124000000000001,
      "coverage_std": 0.01469149413776558,
      "coverage_median": 0.912,
      "coverage_q25": 0.9035,
      "coverage_q75": 0.9245000000000001,
      "coverage_min": 0.884,
      "coverage_max": 0.936,
      "width_mean": 348.41697858431405,
      "width_std": 29.229914184066864
    },
    "3": {
      "coverage_mean": 0.9103999999999999,
      "coverage_std": 0.018391302292116257,
      "coverage_median": 0.913,
      "coverage_q25": 0.893,
      "coverage_q75": 0.929,
      "coverage_min": 0.882,
      "coverage_max": 0.934,
      "width_mean": 335.6980295366483,
      "width_std": 28.230369118646035
    },
    "4": {
      "coverage_mean": 0.9208000000000002,
      "coverage_std": 0.01766805026028621,
      "coverage_median": 0.919,
      "coverage_q25": 0.9145000000000001,
      "coverage_q75": 0.931,
      "coverage_min": 0.88,
      "coverage_max": 0.948,
      "width_mean": 320.09094321687775,
      "width_std": 28.441778295370156
    },
    "5": {
      "coverage_mean": 0.9179999999999999,
      "coverage_std": 0.018198901065723715,
      "coverage_median": 0.919,
      "coverage_q25": 0.904,
      "coverage_q75": 0.9355,
      "coverage_min": 0.888,
      "coverage_max": 0.94,
      "width_mean": 303.8963985063107,
      "width_std": 35.82830961729966
    },
    "6": {
      "coverage_mean": 0.9314000000000002,
      "coverage_std": 0.012523577763562587,
      "coverage_median": 0.931,
      "coverage_q25": 0.9255,
      "coverage_q75": 0.9365,
      "coverage_min": 0.91,
      "coverage_max": 0.952,
      "width_mean": 290.2100775912857,
      "width_std": 27.51114903082739
    },
    "7": {
      "coverage_mean": 0.9282000000000001,
      "coverage_std": 0.013926952286842924,
      "coverage_median": 0.926,
      "coverage_q25": 0.922,
      "coverage_q75": 0.934,
      "coverage_min": 0.906,
      "coverage_max": 0.96,
      "width_mean": 276.84143184412795,
      "width_std": 23.804724702248834
    },
    "8": {
      "coverage_mean": 0.923,
      "coverage_std": 0.012206555615733682,
      "coverage_median": 0.926,
      "coverage_q25": 0.911,
      "coverage_q75": 0.93,
      "coverage_min": 0.906,
      "coverage_max": 0.94,
      "width_mean": 264.87915567010594,
      "width_std": 26.8997677688184
    },
    "9": {
      "coverage_mean": 0.9232000000000001,
      "coverage_std": 0.016277591959500622,
      "coverage_median": 0.926,
      "coverage_q25": 0.9075,
      "coverage_q75": 0.9369999999999999,
      "coverage_min": 0.898,
      "coverage_max": 0.944,
      "width_mean": 256.3562288092664,
      "width_std": 27.15828121792248
    },
    "10": {
      "coverage_mean": 0.9263999999999999,
      "coverage_std": 0.011723480711802261,
      "coverage_median": 0.928,
      "coverage_q25": 0.922,
      "coverage_q75": 0.9355,
      "coverage_min": 0.902,
      "coverage_max": 0.942,
      "width_mean": 251.08384690193188,
      "width_std": 27.935289906810187
    },
    "11": {
      "coverage_mean": 0.9324,
      "coverage_std": 0.01799555500672316,
      "coverage_median": 0.934,
      "coverage_q25": 0.918,
      "coverage_q75": 0.9455,
      "coverage_min": 0.898,
      "coverage_max": 0.958,
      "width_mean": 246.66901175839803,
      "width_std": 31.939024370477394
    },
    "12": {
      "coverage_mean": 0.9356,
      "coverage_std": 0.014136477637657798,
      "coverage_median": 0.934,
      "coverage_q25": 0.9245000000000001,
      "coverage_q75": 0.948,
      "coverage_min": 0.914,
      "coverage_max": 0.958,
      "width_mean": 246.36647371846826,
      "width_std": 37.03992723960621
    },
    "13": {
      "coverage_mean": 0.938,
      "coverage_std": 0.011384199576606132,
      "coverage_median": 0.939,
      "coverage_q25": 0.934,
      "coverage_q75": 0.9464999999999999,
      "coverage_min": 0.914,
      "coverage_max": 0.956,
      "width_mean": 243.00276879934594,
      "width_std": 34.841025088633245
    },
    "14": {
      "coverage_mean": 0.9338000000000001,
      "coverage_std": 0.01437915157441492,
      "coverage_median": 0.937,
      "coverage_q25": 0.9215,
      "coverage_q75": 0.9424999999999999,
      "coverage_min": 0.908,
      "coverage_max": 0.954,
      "width_mean": 241.21498695624442,
      "width_std": 39.50200210754422
    },
    "15": {
      "coverage_mean": 0.9306000000000001,
      "coverage_std": 0.015206577524216258,
      "coverage_median": 0.933,
      "coverage_q25": 0.919,
      "coverage_q75": 0.946,
      "coverage_min": 0.904,
      "coverage_max": 0.948,
      "width_mean": 230.52775058626543,
      "width_std": 29.07056699359272
    },
    "16": {
      "coverage_mean": 0.9372,
      "coverage_std": 0.012560254774486034,
      "coverage_median": 0.94,
      "coverage_q25": 0.9365,
      "coverage_q75": 0.944,
      "coverage_min": 0.912,
      "coverage_max": 0.952,
      "width_mean": 224.5999884909645,
      "width_std": 29.365194829412903
    },
    "17": {
      "coverage_mean": 0.923,
      "coverage_std": 0.016031219541881386,
      "coverage_median": 0.927,
      "coverage_q25": 0.9105000000000001,
      "coverage_q75": 0.936,
      "coverage_min": 0.896,
      "coverage_max": 0.942,
      "width_mean": 223.81735497911663,
      "width_std": 35.48557743388014
    },
    "18": {
      "coverage_mean": 0.9326000000000001,
      "coverage_std": 0.014256226709757349,
      "coverage_median": 0.937,
      "coverage_q25": 0.919,
      "coverage_q75": 0.9455,
      "coverage_min": 0.91,
      "coverage_max": 0.948,
      "width_mean": 223.753115024681,
      "width_std": 41.806258891438574
    },
    "19": {
      "coverage_mean": 0.9374,
      "coverage_std": 0.01739080216666266,
      "coverage_median": 0.942,
      "coverage_q25": 0.9205000000000001,
      "coverage_q75": 0.9515,
      "coverage_min": 0.91,
      "coverage_max": 0.96,
      "width_mean": 224.71588446735626,
      "width_std": 53.12255566893895
    },
    "20": {
      "coverage_mean": 0.9254,
      "coverage_std": 0.019960961900670003,
      "coverage_median": 0.93,
      "coverage_q25": 0.9085000000000001,
      "coverage_q75": 0.936,
      "coverage_min": 0.898,
      "coverage_max": 0.956,
      "width_mean": 219.0269403032553,
      "width_std": 46.18517355100047
    },
    "21": {
      "coverage_mean": 0.9391999999999999,
      "coverage_std": 0.009846826900072908,
      "coverage_median": 0.938,
      "coverage_q25": 0.935,
      "coverage_q75": 0.9444999999999999,
      "coverage_min": 0.922,
      "coverage_max": 0.958,
      "width_mean": 225.08018807437475,
      "width_std": 66.91473332250975
    },
    "22": {
      "coverage_mean": 0.9366,
      "coverage_std": 0.01467105994807461,
      "coverage_median": 0.933,
      "coverage_q25": 0.9255,
      "coverage_q75": 0.9484999999999999,
      "coverage_min": 0.916,
      "coverage_max": 0.964,
      "width_mean": 264.0448063837616,
      "width_std": 66.95082481700608
    },
    "23": {
      "coverage_mean": 0.9356,
      "coverage_std": 0.014934523762075538,
      "coverage_median": 0.938,
      "coverage_q25": 0.925,
      "coverage_q75": 0.948,
      "coverage_min": 0.91,