{
  "n_seeds": 10,
  "hours": [
    1,
    2,
    3,
    4,
    5,
    6,
    7,
    8,
    9,
    10,
    11,
    12,
    13,
    14,
    15,
    16,
    17,
    18,
    19,
    20,
    21,
    22,
    23
  ],
  "config": {
    "n_traincal": 1000,
    "n_test": 500,
    "cal_frac": 0.5,
    "alpha": 0.1,
    "gamma_grid": [
      1e-06,
      5e-06,
      1e-05,
      5e-05,
      0.0001,
      0.0005,
      0.001,
      0.005,
      0.01
    ],
    "with_shift": false,
    "base_seed": 1000,
    "n_seeds": 10
  },
  "by_time": {
    "1": {
      "coverage_mean": 0.9507999999999999,
      "coverage_std": 0.013212115651930974,
      "coverage_median": 0.952,
      "coverage_q25": 0.9415,
      "coverage_q75": 0.9615,
      "coverage_min": 0.926,
      "coverage_max": 0.968,
      "width_mean": 568.4824755270874,
      "width_std": 125.77190098135132
    },
    "2": {
      "coverage_mean": 0.9453999999999999,
      "coverage_std": 0.011901260437449455,
      "coverage_median": 0.942,
      "coverage_q25": 0.938,
      "coverage_q75": 0.954,
      "coverage_min": 0.928,
      "coverage_max": 0.968,
      "width_mean": 640.6700975645688,
      "width_std": 101.25452429660372
    },
    "3": {
      "coverage_mean": 0.9551999999999999,
      "coverage_std": 0.016521501142450695,
      "coverage_median": 0.95,
      "coverage_q25": 0.9424999999999999,
      "coverage_q75": 0.9724999999999999,
      "coverage_min": 0.934,
      "coverage_max": 0.98,
      "width_mean": 686.6953335341522,
      "width_std": 90.3192400903923
    },
    "4": {
      "coverage_mean": 0.9644,
      "coverage_std": 0.013016912076218396,
      "coverage_median": 0.964,
      "coverage_q25": 0.9535,
      "coverage_q75": 0.9735,
      "coverage_min": 0.946,
      "coverage_max": 0.988,
      "width_mean": 710.4647256600323,
      "width_std": 85.97405687057565
    },
    "5": {
      "coverage_mean": 0.9705999999999999,
      "coverage_std": 0.010001999800039999,
      "coverage_median": 0.971,
      "coverage_q25": 0.9655,
      "coverage_q75": 0.98,
      "coverage_min": 0.952,
      "coverage_max": 0.982,
      "width_mean": 719.439774437803,
      "width_std": 79.97999910966598
    },
    "6": {
      "coverage_mean": 0.9755999999999998,
      "coverage_std": 0.008522910301065015,
      "coverage_median": 0.977,
      "coverage_q25": 0.973,
      "coverage_q75": 0.982,
      "coverage_min": 0.956,
      "coverage_max": 0.986,
      "width_mean": 717.7471101822871,
      "width_std": 74.91487103073423
    },
    "7": {
      "coverage_mean": 0.975,
      "coverage_std": 0.007707139547199085,
      "coverage_median": 0.973,
      "coverage_q25": 0.9704999999999999,
      "coverage_q75": 0.981,
      "coverage_min": 0.96,
      "coverage_max": 0.986,
      "width_mean": 717.7131677598449,
      "width_std": 74.02470632818245
    },
    "8": {
      "coverage_mean": 0.9772000000000001,
      "coverage_std": 0.007493997598078084,
      "coverage_median": 0.98,
      "coverage_q25": 0.972,
      "coverage_q75": 0.983,
      "coverage_min": 0.962,
      "coverage_max": 0.986,
      "width_mean": 717.1906605549385,
      "width_std": 73.58564521231621
    },
    "9": {
      "coverage_mean": 0.982,
      "coverage_std": 0.008899438184514804,
      "coverage_median": 0.984,
      "coverage_q25": 0.9784999999999999,
      "coverage_q75": 0.989,
      "coverage_min": 0.964,
      "coverage_max": 0.994,
      "width_mean": 715.3018406380836,
      "width_std": 71.87683064613636
    },
    "10": {
      "coverage_mean": 0.9824000000000002,
      "coverage_std": 0.007031358332498784,
      "coverage_median": 0.984,
      "coverage_q25": 0.977,
      "coverage_q75": 0.9875,
      "coverage_min": 0.968,
      "coverage_max": 0.992,
      "width_mean": 710.5397165623506,
      "width_std": 67.64885689473799
    },
    "11": {
      "coverage_mean": 0.9826,
      "coverage_std": 0.007045565981523421,
      "coverage_median": 0.981,
      "coverage_q25": 0.977,
      "coverage_q75": 0.9884999999999999,
      "coverage_min": 0.974,
      "coverage_max": 0.996,
      "width_mean": 703.3338616152253,
      "width_std": 61.58929756539373
    },
    "12": {
      "coverage_mean": 0.9852000000000001,
      "coverage_std": 0.006881860213634107,
      "coverage_median": 0.985,
      "coverage_q25": 0.984,
      "coverage_q75": 0.988,
      "coverage_min": 0.972,
      "coverage_max": 0.996,
      "width_mean": 698.5426219291924,
      "width_std": 58.34571827765541
    },
    "13": {
      "coverage_mean": 0.9853999999999999,
      "coverage_std": 0.00521919534027996,
      "coverage_median": 0.984,
      "coverage_q25": 0.9804999999999999,
      "coverage_q75": 0.989,
      "coverage_min": 0.98,
      "coverage_max": 0.994,
      "width_mean": 693.9562770807275,
      "width_std": 55.07765019958666
    },
    "14": {
      "coverage_mean": 0.986,
      "coverage_std": 0.004647580015448904,
      "coverage_median": 0.986,
      "coverage_q25": 0.9824999999999999,
      "coverage_q75": 0.989,
      "coverage_min": 0.978,
      "coverage_max": 0.994,
      "width_mean": 685.830665571147,
      "width_std": 48.76806906838833
    },
    "15": {
      "coverage_mean": 0.9832000000000001,
      "coverage_std": 0.00670522184569609,
      "coverage_median": 0.984,
      "coverage_q25": 0.978,
      "coverage_q75": 0.99,
      "coverage_min": 0.972,
      "coverage_max": 0.99,
      "width_mean": 681.1986979262654,
      "width_std": 45.60041707756503
    },
    "16": {
      "coverage_mean": 0.9822,
      "coverage_std": 0.007068238818828922,
      "coverage_median": 0.983,
      "coverage_q25": 0.978,
      "coverage_q75": 0.9875,
      "coverage_min": 0.968,
      "coverage_max": 0.994,
      "width_mean": 676.8184990049817,
      "width_std": 42.77858880571841
    },
    "17": {
      "coverage_mean": 0.9818000000000001,
      "coverage_std": 0.008411896337925244,
      "coverage_median": 0.986,
      "coverage_q25": 0.9784999999999999,
      "coverage_q75": 0.9875,
      "coverage_min": 0.964,
      "coverage_max": 0.992,
      "width_mean": 674.524778182749,
      "width_std": 39.92197352655271
    },
    "18": {
      "coverage_mean": 0.9835999999999998,
      "coverage_std": 0.007088018058667746,
      "coverage_median": 0.986,
      "coverage_q25": 0.9824999999999999,
      "coverage_q75": 0.9875,
      "coverage_min": 0.968,
      "coverage_max": 0.994,
      "width_mean": 672.0315556524577,
      "width_std": 37.0574533940679
    },
    "19": {
      "coverage_mean": 0.9837999999999999,
      "coverage_std": 0.006225752966509358,
      "coverage_median": 0.987,
      "coverage_q25": 0.98,
      "coverage_q75": 0.988,
      "coverage_min": 0.97,
      "coverage_max": 0.99,
      "width_mean": 670.8436267271544,
      "width_std": 35.91812189165116
    },
    "20": {
      "coverage_mean": 0.9817999999999998,
      "coverage_std": 0.007613146524269718,
      "coverage_median": 0.983,
      "coverage_q25": 0.9784999999999999,
      "coverage_q75": 0.986,
      "coverage_min": 0.964,
      "coverage_max": 0.992,
      "width_mean": 670.7172783090843,
      "width_std": 34.04090826328589
    },
    "21": {
      "coverage_mean": 0.9832000000000001,
      "coverage_std": 0.005946427498927407,
      "coverage_median": 0.984,
      "coverage_q25": 0.982,
      "coverage_q75": 0.9875,
      "coverage_min": 0.97,
      "coverage_max": 0.99,
      "width_mean": 670.2958689165598,
      "width_std": 32.45340091690591
    },
    "22": {
      "coverage_mean": 0.983,
      "coverage_std": 0.007334848328356906,
      "coverage_median": 0.985,
      "coverage_q25": 0.978,
      "coverage_q75": 0.9875,
      "coverage_min": 0.968,
      "coverage_max": 0.996,
      "width_mean": 669.928866515924,
      "width_std": 31.491799697109368
    },
    "23": {
      "coverage_mean": 0.9823999999999999,
      "coverage_std": 0.005642694391866359,
      "coverage_median": 0.983,
      "coverage_q25": 0.98,