{
  "n_seeds": 10,
  "hours": [
    1,
    2,
    3,
    4,
    5,
    6,
    7,
    8,
    9,
    10,
    11,
    12,
    13,
    14,
    15,
    16,
    17,
    18,
    19,
    20,
    21,
    22,
    23
  ],
  "config": {
    "n_traincal": 1000,
    "n_test": 500,
    "cal_frac": 0.5,
    "alpha": 0.1,
    "gamma_grid": [
      0.0
    ],
    "with_shift": true,
    "base_seed": 1000,
    "n_seeds": 10
  },
  "by_time": {
    "1": {
      "coverage_mean": 0.9134,
      "coverage_std": 0.01402996792583648,
      "coverage_median": 0.915,
      "coverage_q25": 0.904,
      "coverage_q75": 0.9215,
      "coverage_min": 0.886,
      "coverage_max": 0.934,
      "width_mean": 360.1452486200277,
      "width_std": 31.76705602121821
    },
    "2": {
      "coverage_mean": 0.9056,
      "coverage_std": 0.015041276541570546,
      "coverage_median": 0.903,
      "coverage_q25": 0.8965000000000001,
      "coverage_q75": 0.916,
      "coverage_min": 0.884,
      "coverage_max": 0.934,
      "width_mean": 328.23662651174806,
      "width_std": 43.348195366067955
    },
    "3": {
      "coverage_mean": 0.8834,
      "coverage_std": 0.02405077961314354,
      "coverage_median": 0.888,
      "coverage_q25": 0.8745,
      "coverage_q75": 0.901,
      "coverage_min": 0.84,
      "coverage_max": 0.92,
      "width_mean": 271.8282337252992,
      "width_std": 39.002127976263054
    },
    "4": {
      "coverage_mean": 0.8720000000000001,
      "coverage_std": 0.039969988741554593,
      "coverage_median": 0.887,
      "coverage_q25": 0.8405,
      "coverage_q75": 0.8965000000000001,
      "coverage_min": 0.796,
      "coverage_max": 0.934,
      "width_mean": 232.68025920196243,
      "width_std": 47.90422292035186
    },
    "5": {
      "coverage_mean": 0.8603999999999999,
      "coverage_std": 0.017453939383417157,
      "coverage_median": 0.867,
      "coverage_q25": 0.853,
      "coverage_q75": 0.8714999999999999,
      "coverage_min": 0.818,
      "coverage_max": 0.878,
      "width_mean": 202.71745774555328,
      "width_std": 27.1523230742381
    },
    "6": {
      "coverage_mean": 0.866,
      "coverage_std": 0.010770329614269016,
      "coverage_median": 0.861,
      "coverage_q25": 0.8565,
      "coverage_q75": 0.8765000000000001,
      "coverage_min": 0.854,
      "coverage_max": 0.884,
      "width_mean": 177.0025998175734,
      "width_std": 20.783571887982756
    },
    "7": {
      "coverage_mean": 0.8503999999999999,
      "coverage_std": 0.03466179452942391,
      "coverage_median": 0.842,
      "coverage_q25": 0.829,
      "coverage_q75": 0.867,
      "coverage_min": 0.798,
      "coverage_max": 0.928,
      "width_mean": 158.97480031948723,
      "width_std": 36.06406376762176
    },
    "8": {
      "coverage_mean": 0.849,
      "coverage_std": 0.028806249321978738,
      "coverage_median": 0.847,
      "coverage_q25": 0.8314999999999999,
      "coverage_q75": 0.854,
      "coverage_min": 0.812,
      "coverage_max": 0.918,
      "width_mean": 153.06118377994002,
      "width_std": 40.38622303215137
    },
    "9": {
      "coverage_mean": 0.8183999999999999,
      "coverage_std": 0.03197248817342809,
      "coverage_median": 0.815,
      "coverage_q25": 0.793,
      "coverage_q75": 0.8345,
      "coverage_min": 0.782,
      "coverage_max": 0.894,
      "width_mean": 133.7079625662237,
      "width_std": 32.696015352325226
    },
    "10": {
      "coverage_mean": 0.8482,
      "coverage_std": 0.019686543627564484,
      "coverage_median": 0.852,
      "coverage_q25": 0.839,
      "coverage_q75": 0.863,
      "coverage_min": 0.806,
      "coverage_max": 0.872,
      "width_mean": 132.75197569435974,
      "width_std": 13.904828352921268
    },
    "11": {
      "coverage_mean": 0.8353999999999999,
      "coverage_std": 0.02567566941678442,
      "coverage_median": 0.839,
      "coverage_q25": 0.8115,
      "coverage_q75": 0.8554999999999999,
      "coverage_min": 0.798,
      "coverage_max": 0.872,
      "width_mean": 123.33487969711143,
      "width_std": 16.426945531000634
    },
    "12": {
      "coverage_mean": 0.8394,
      "coverage_std": 0.028538395189638806,
      "coverage_median": 0.848,
      "coverage_q25": 0.821,
      "coverage_q75": 0.8574999999999999,
      "coverage_min": 0.782,
      "coverage_max": 0.882,
      "width_mean": 114.24634568336053,
      "width_std": 14.048173111143512
    },
    "13": {
      "coverage_mean": 0.8478,
      "coverage_std": 0.03255088324454497,
      "coverage_median": 0.863,
      "coverage_q25": 0.8190000000000001,
      "coverage_q75": 0.873,
      "coverage_min": 0.794,
      "coverage_max": 0.886,
      "width_mean": 112.11037172461212,
      "width_std": 13.810822403954246
    },
    "14": {
      "coverage_mean": 0.8413999999999999,
      "coverage_std": 0.03299757566852449,
      "coverage_median": 0.838,
      "coverage_q25": 0.8150000000000001,
      "coverage_q75": 0.8665,
      "coverage_min": 0.794,
      "coverage_max": 0.892,
      "width_mean": 116.63604821676199,
      "width_std": 21.871328317158095
    },
    "15": {
      "coverage_mean": 0.8370000000000001,
      "coverage_std": 0.022311432047271193,
      "coverage_median": 0.834,
      "coverage_q25": 0.826,
      "coverage_q75": 0.846,
      "coverage_min": 0.798,
      "coverage_max": 0.888,
      "width_mean": 105.93985830606655,
      "width_std": 22.331357155704126
    },
    "16": {
      "coverage_mean": 0.8493999999999999,
      "coverage_std": 0.03587812704141619,
      "coverage_median": 0.854,
      "coverage_q25": 0.8205,
      "coverage_q75": 0.8775,
      "coverage_min": 0.794,
      "coverage_max": 0.908,
      "width_mean": 107.64232858204787,
      "width_std": 20.75331593588845
    },
    "17": {
      "coverage_mean": 0.8384,
      "coverage_std": 0.036428560224087914,
      "coverage_median": 0.844,
      "coverage_q25": 0.8214999999999999,
      "coverage_q75": 0.8634999999999999,
      "coverage_min": 0.764,
      "coverage_max": 0.886,
      "width_mean": 99.76918389382547,
      "width_std": 21.56222590737974
    },
    "18": {
      "coverage_mean": 0.8486,
      "coverage_std": 0.03144582643213565,
      "coverage_median": 0.846,
      "coverage_q25": 0.8214999999999999,
      "coverage_q75": 0.8665,
      "coverage_min": 0.81,
      "coverage_max": 0.916,
      "width_mean": 104.77485666450329,
      "width_std": 20.630479579255777
    },
    "19": {
      "coverage_mean": 0.8506,
      "coverage_std": 0.032997575668524494,
      "coverage_median": 0.863,
      "coverage_q25": 0.819,
      "coverage_q75": 0.876,
      "coverage_min": 0.798,
      "coverage_max": 0.892,
      "width_mean": 99.04507558040248,
      "width_std": 21.040716416944917
    },
    "20": {
      "coverage_mean": 0.845,
      "coverage_std": 0.03178993551424727,
      "coverage_median": 0.859,
      "coverage_q25": 0.8234999999999999,
      "coverage_q75": 0.8674999999999999,
      "coverage_min": 0.784,
      "coverage_max": 0.876,
      "width_mean": 99.31472463360014,
      "width_std": 21.32426671279929
    },
    "21": {
      "coverage_mean": 0.8712,
      "coverage_std": 0.027425535546275116,
      "coverage_median": 0.871,
      "coverage_q25": 0.862,
      "coverage_q75": 0.8905000000000001,
      "coverage_min": 0.812,
      "coverage_max": 0.912,
      "width_mean": 101.42132964708824,
      "width_std": 20.59089179333866
    },
    "22": {
      "coverage_mean": 0.8564,
      "coverage_std": 0.029594594100950264,
      "coverage_median": 0.858,
      "coverage_q25": 0.8434999999999999,
      "coverage_q75": 0.877,
      "coverage_min": 0.796,
      "coverage_max": 0.902,
      "width_mean": 99.55832460392871,
      "width_std": 18.610117633321174
    },
    "23": {
      "coverage_mean": 0.8514000000000002,
      "coverage_std": 0.025156311335328956,
      "coverage_median": 0.85,
      "coverage_q25": 0.8334999999999999,
      "coverage_q75": 0.869,
      "coverage_min": 0.81,
      "coverage_max": 0.892,