{
  "n_seeds": 10,
  "hours": [
    1,
    2,
    3,
    4,
    5,
    6,
    7,
    8,
    9,
    10,
    11,
    12,
    13,
    14,
    15,
    16,
    17,
    18,
    19,
    20,
    21,
    22,
    23
  ],
  "config": {
    "n_traincal": 1000,
    "n_test": 500,
    "cal_frac": 0.5,
    "alpha": 0.1,
    "gamma_grid": [
      1e-06,
      1e-05,
      0.0001,
      0.001,
      0.01,
      0.1,
      1
    ],
    "with_shift": true,
    "base_seed": 1000,
    "n_seeds": 10
  },
  "by_time": {
    "1": {
      "coverage_mean": 0.9134,
      "coverage_std": 0.01402996792583648,
      "coverage_median": 0.915,
      "coverage_q25": 0.904,
      "coverage_q75": 0.9215,
      "coverage_min": 0.886,
      "coverage_max": 0.934,
      "width_mean": 360.14524862002816,
      "width_std": 31.767056021217734
    },
    "2": {
      "coverage_mean": 0.8936,
      "coverage_std": 0.022141364004956896,
      "coverage_median": 0.896,
      "coverage_q25": 0.877,
      "coverage_q75": 0.912,
      "coverage_min": 0.856,
      "coverage_max": 0.924,
      "width_mean": 305.3626230310071,
      "width_std": 42.44163448902654
    },
    "3": {
      "coverage_mean": 0.8906000000000001,
      "coverage_std": 0.016590358645912406,
      "coverage_median": 0.888,
      "coverage_q25": 0.8795,
      "coverage_q75": 0.9035,
      "coverage_min": 0.866,
      "coverage_max": 0.916,
      "width_mean": 289.0781346171817,
      "width_std": 38.818220264241376
    },
    "4": {
      "coverage_mean": 0.8904,
      "coverage_std": 0.025056735621385343,
      "coverage_median": 0.894,
      "coverage_q25": 0.871,
      "coverage_q75": 0.9095,
      "coverage_min": 0.844,
      "coverage_max": 0.93,
      "width_mean": 263.2513356880016,
      "width_std": 46.05163695070213
    },
    "5": {
      "coverage_mean": 0.8886,
      "coverage_std": 0.026169447835214257,
      "coverage_median": 0.888,
      "coverage_q25": 0.8745,
      "coverage_q75": 0.9055,
      "coverage_min": 0.836,
      "coverage_max": 0.938,
      "width_mean": 250.9651810511851,
      "width_std": 51.55859352586905
    },
    "6": {
      "coverage_mean": 0.9082000000000001,
      "coverage_std": 0.02677984316608296,
      "coverage_median": 0.906,
      "coverage_q25": 0.8965000000000001,
      "coverage_q75": 0.9295,
      "coverage_min": 0.862,
      "coverage_max": 0.952,
      "width_mean": 243.1548862764601,
      "width_std": 45.397990576449345
    },
    "7": {
      "coverage_mean": 0.9033999999999999,
      "coverage_std": 0.02629144347501674,
      "coverage_median": 0.911,
      "coverage_q25": 0.884,
      "coverage_q75": 0.9205000000000001,
      "coverage_min": 0.86,
      "coverage_max": 0.944,
      "width_mean": 224.70214543219882,
      "width_std": 36.78244066694267
    },
    "8": {
      "coverage_mean": 0.8986000000000001,
      "coverage_std": 0.019576516544063723,
      "coverage_median": 0.898,
      "coverage_q25": 0.8855,
      "coverage_q75": 0.911,
      "coverage_min": 0.862,
      "coverage_max": 0.93,
      "width_mean": 214.29262847168792,
      "width_std": 31.3377178647118
    },
    "9": {
      "coverage_mean": 0.8884000000000001,
      "coverage_std": 0.01899052395275077,
      "coverage_median": 0.893,
      "coverage_q25": 0.878,
      "coverage_q75": 0.902,
      "coverage_min": 0.846,
      "coverage_max": 0.914,
      "width_mean": 202.42378359262005,
      "width_std": 31.39860637149474
    },
    "10": {
      "coverage_mean": 0.8960000000000001,
      "coverage_std": 0.018132843130629035,
      "coverage_median": 0.899,
      "coverage_q25": 0.8795,
      "coverage_q75": 0.907,
      "coverage_min": 0.868,
      "coverage_max": 0.924,
      "width_mean": 189.74573637459486,
      "width_std": 30.26794006324093
    },
    "11": {
      "coverage_mean": 0.8974,
      "coverage_std": 0.018199999999999994,
      "coverage_median": 0.896,
      "coverage_q25": 0.8845000000000001,
      "coverage_q75": 0.9025000000000001,
      "coverage_min": 0.872,
      "coverage_max": 0.938,
      "width_mean": 183.69278285615417,
      "width_std": 27.447649599891932
    },
    "12": {
      "coverage_mean": 0.898,
      "coverage_std": 0.01793320941716793,
      "coverage_median": 0.898,
      "coverage_q25": 0.8825000000000001,
      "coverage_q75": 0.9085000000000001,
      "coverage_min": 0.872,
      "coverage_max": 0.934,
      "width_mean": 185.47604374158396,
      "width_std": 28.463580996897484
    },
    "13": {
      "coverage_mean": 0.9042,
      "coverage_std": 0.022080760856456008,
      "coverage_median": 0.9,
      "coverage_q25": 0.8935,
      "coverage_q75": 0.9145000000000001,
      "coverage_min": 0.864,
      "coverage_max": 0.948,
      "width_mean": 180.824599909682,
      "width_std": 40.16768313002321
    },
    "14": {
      "coverage_mean": 0.8916000000000001,
      "coverage_std": 0.017153425313913267,
      "coverage_median": 0.888,
      "coverage_q25": 0.8805000000000001,
      "coverage_q75": 0.903,
      "coverage_min": 0.864,
      "coverage_max": 0.926,
      "width_mean": 170.6128204708885,
      "width_std": 27.585588593684214
    },
    "15": {
      "coverage_mean": 0.8917999999999999,
      "coverage_std": 0.01820878908659224,
      "coverage_median": 0.89,
      "coverage_q25": 0.882,
      "coverage_q75": 0.9085000000000001,
      "coverage_min": 0.854,
      "coverage_max": 0.918,
      "width_mean": 165.0246979847771,
      "width_std": 28.405375168544232
    },
    "16": {
      "coverage_mean": 0.9006000000000001,
      "coverage_std": 0.0193297697865236,
      "coverage_median": 0.899,
      "coverage_q25": 0.8825000000000001,
      "coverage_q75": 0.9115,
      "coverage_min": 0.874,
      "coverage_max": 0.934,
      "width_mean": 158.44242585915666,
      "width_std": 21.27495941103839
    },
    "17": {
      "coverage_mean": 0.8912000000000001,
      "coverage_std": 0.011973303637676624,
      "coverage_median": 0.892,
      "coverage_q25": 0.886,
      "coverage_q75": 0.901,
      "coverage_min": 0.866,
      "coverage_max": 0.906,
      "width_mean": 166.41372319856467,
      "width_std": 58.47925117279426
    },
    "18": {
      "coverage_mean": 0.8976000000000001,
      "coverage_std": 0.02233920320870912,
      "coverage_median": 0.9,
      "coverage_q25": 0.8835,
      "coverage_q75": 0.9095,
      "coverage_min": 0.86,
      "coverage_max": 0.938,
      "width_mean": 176.20801355657994,
      "width_std": 93.7815998829305
    },
    "19": {
      "coverage_mean": 0.9004,
      "coverage_std": 0.012224565431948912,
      "coverage_median": 0.904,
      "coverage_q25": 0.894,
      "coverage_q75": 0.91,
      "coverage_min": 0.874,
      "coverage_max": 0.914,
      "width_mean": 165.87547779130392,
      "width_std": 73.78524096738867
    },
    "20": {
      "coverage_mean": 0.8932,
      "coverage_std": 0.01635114674877577,
      "coverage_median": 0.894,
      "coverage_q25": 0.881,
      "coverage_q75": 0.9055,
      "coverage_min": 0.864,
      "coverage_max": 0.918,
      "width_mean": 160.41075574980235,
      "width_std": 68.09929504219949
    },
    "21": {
      "coverage_mean": 0.9074000000000002,
      "coverage_std": 0.011594826432508606,
      "coverage_median": 0.904,
      "coverage_q25": 0.9025000000000001,
      "coverage_q75": 0.9105000000000001,
      "coverage_min": 0.89,
      "coverage_max": 0.934,
      "width_mean": 169.95897770905975,
      "width_std": 100.51238878798914
    },
    "22": {
      "coverage_mean": 0.8998000000000002,
      "coverage_std": 0.01655173706896048,
      "coverage_median": 0.905,
      "coverage_q25": 0.8885000000000001,
      "coverage_q75": 0.909,
      "coverage_min": 0.872,
      "coverage_max": 0.924,
      "width_mean": 219.86160057488442,
      "width_std": 100.02803947613484
    },
    "23": {
      "coverage_mean": 0.8946000000000002,
      "coverage_std": 0.016542067585401787,
      "coverage_median": 0.9,
      "coverage_q25": 0.8925000000000001,