{
  "coverage_by_time": [
    0.928,
    0.94,
    0.924,
    0.942,
    0.952,
    0.954,
    0.962,
    0.97,
    0.978,
    0.982,
    0.974,
    0.986,
    0.986,
    0.98,
    0.986,
    0.978,
    0.978,
    0.986,
    0.988,
    0.986,
    0.988,
    0.99,
    0.988
  ],
  "width_by_time": [
    536.5945259677137,
    622.3447977174627,
    672.762755327668,
    680.1305785018541,
    685.2054037826722,
    676.4512036813081,
    673.6837991011491,
    664.5107850880001,
    660.2214690130049,
    648.2831935182835,
    638.3220706535768,
    627.4597304851178,
    613.6449569991298,
    598.2577826293802,
    581.0862379915854,
    575.8165825696478,
    573.27441839099,
    570.0781330749988,
    567.4124497707002,
    562.6103387613792,
    560.3748997831414,
    560.344462092415,
    558.0163434903513
  ],
  "overall_coverage": 0.9706956521739131,
  "target_coverage": 0.9,
  "hours": [
    1,
    2,
    3,
    4,
    5,
    6,
    7,
    8,
    9,
    10,
    11,
    12,
    13,
    14,
    15,
    16,
    17,
    18,
    19,
    20,
    21,
    22,
    23
  ],
  "gamma_opt_history": [
    1e-06,
    1e-06,
    1e-06,
    1e-06,
    1e-06,
    0.01,
    0.01,
    0.01,
    0.01,
    0.01,
    0.01,
    0.01,
    0.01,
    0.01,
    0.01,
    0.005,
    0.005,
    0.005,
    0.005,
    0.005,
    1e-06,
    1e-06,
    1e-06
  ],
  "first_test_patient": "35003926",
  "first_test_series": {
    "true": [
      266.14442317932844,
      167.9166716709733,
      167.9166716709733,
      167.9166716709733,
      118.9687331020832,
      4.598414272069931,
      259.1468535885215,
      259.1468535885215,
      259.1468535885215,
      12.605781152844427,
      10.940184503793716,
      15.59090691804886,
      8.5971999168396,
      6.82677648961544,
      4.733893897384405,
      61.285834826529026,
      2.5217781215906143,
      26.602959632873535,
      26.602959632873535,
      26.602959632873535,
      281.9244933128357,
      281.9244933128357,
      6.650739908218384
    ],
    "lower": [
      -156.57407430391783,
      -207.7221999286992,
      -221.43225190459236,
      -218.37865357983466,
      -220.06199790210346,
      -214.05540434004794,
      -205.30275644510772,
      -195.53550447803076,
      -187.70553379535042,
      -176.4790260338057,
      -168.2350927249574,
      -153.59386987135173,
      -140.54105825721354,
      -132.3522343869971,
      -121.5106163906093,
      -113.83986822908162,
      -110.44263660032422,
      -107.41905660705399,
      -108.18954840314245,
      -106.06026038322702,
      -105.04011055686885,
      -109.59418479183654,
      -101.77004975638772
    ],
    "upper": [
      380.0204516637959,
      414.62229627820807,
      451.3303789464528,
      461.75143160106813,
      465.1407983222298,
      462.3933326095678,
      465.8403043708841,
      462.3371284113144,
      462.25159137226103,
      459.36200534995726,
      456.49177886332734,
      458.49294122371845,
      457.4642483803992,
      449.93898070667524,
      442.1867307874905,
      443.77397803623774,
      443.9393821149994,
      443.68968135097725,
      440.17512865568415,
      436.9198213056411,
      436.0837290493263,
      431.5703268500885,
      437.1321980731161
    ]
  },
  "config": {
    "n_train": 500,
    "n_cal": 500,
    "n_test": 500,
    "L": 24,
    "alpha": 0.1,
    "gamma_grid": [
      1e-06,
      5e-06,
      1e-05,
      5e-05,
      0.0001,
      0.0005,
      0.001,
      0.005,
      0.01
    ],
    "seed": 42,
    "with_shift": false,
    "target_var": "NaCl 0.9% (target)",
    "cov_names": [
      "Heart Rate",
      "Respiratory Rate",
      "O2 saturation pulseoxymetry"
    ],
    "static_names": [
      "Age",
      "gender_M",
      "eth_BLACK",
      "eth_HISPANIC",
      "eth_ASIAN",
      "eth_OTHER"
    ]
  }
}