{
  "coverage_by_time": [
    0.928,
    0.916,
    0.912,
    0.918,
    0.93,
    0.93,
    0.936,
    0.942,
    0.938,
    0.932,
    0.282,
    0.696,
    0.24,
    0.492,
    0.32,
    0.244,
    0.22,
    0.24,
    0.252,
    0.228,
    0.2,
    0.202,
    0.198
  ],
  "width_by_time": [
    536.5945259677137,
    340.20129554029154,
    358.77746318306345,
    377.68594344547944,
    397.7686940677797,
    398.7781233988622,
    417.0263710885222,
    413.08987493825197,
    421.52196884845483,
    421.32030940893935,
    203.2601469504807,
    328.4938366012229,
    191.35541987504774,
    295.2043748827294,
    227.6208435053832,
    185.3763752610177,
    175.77753422898968,
    173.51570575909636,
    171.7191061143526,
    169.3124872565791,
    167.40190319803096,
    164.84124442260958,
    166.03457445394622
  ],
  "overall_coverage": 0.569391304347826,
  "target_coverage": 0.9,
  "hours": [
    1,
    2,
    3,
    4,
    5,
    6,
    7,
    8,
    9,
    10,
    11,
    12,
    13,
    14,
    15,
    16,
    17,
    18,
    19,
    20,
    21,
    22,
    23
  ],
  "gamma_opt_history": [
    0.0,
    0.0,
    0.0,
    0.0,
    0.0,
    0.0,
    0.0,
    0.0,
    0.0,
    0.0,
    0.0,
    0.0,
    0.0,
    0.0,
    0.0,
    0.0,
    0.0,
    0.0,
    0.0,
    0.0,
    0.0,
    0.0,
    0.0
  ],
  "first_test_patient": "35003926",
  "first_test_series": {
    "true": [
      266.14442317932844,
      250.0,
      250.0,
      250.0,
      49.999998807907104,
      0.0,
      999.9999618530272,
      0.0,
      0.0,
      0.0,
      0.0,
      0.0,
      0.0,
      0.0,
      0.0,
      0.0,
      0.0,
      0.0,
      0.0,
      0.0,
      0.0,
      0.0,
      0.0
    ],
    "lower": [
      -156.57407430391783,
      -53.31555500505368,
      -53.92739990368665,
      -53.73886513349342,
      -48.56724281346044,
      -33.1520763779248,
      -31.558232925290667,
      -26.198474573591227,
      -33.67717020412448,
      -30.237807282633668,
      68.77537009645455,
      8.60918765667006,
      84.83725441863936,
      39.07387431961894,
      68.8290471929793,
      95.42276495504846,
      79.28647765665997,
      101.04304969824993,
      78.0256332447038,
      75.50347852500336,
      94.08467009228747,
      76.80151017867897,
      95.58821232496216
    ],
    "upper": [
      380.0204516637959,
      296.52724404159187,
      305.5932660164982,
      326.55653249676425,
      363.2299496776135,
      370.88196291702246,
      386.9219665321601,
      392.2569306058407,
      389.6285422888968,
      392.00865605081583,
      272.03562885617345,
      337.93842827991216,
      276.1928698265842,
      338.33734462274015,
      292.4632247406657,
      272.5413700157002,
      255.06648594781663,
      274.56456922008323,
      249.7450498485295,
      244.81763274741144,
      261.4879869828409,
      241.6464205660628,
      261.626392553269
    ]
  },
  "config": {
    "n_train": 500,
    "n_cal": 500,
    "n_test": 500,
    "L": 24,
    "alpha": 0.1,
    "gamma_grid": [
      0.0
    ],
    "seed": 42,
    "with_shift": true,
    "target_var": "NaCl 0.9% (target)",
    "cov_names": [
      "Heart Rate",
      "Respiratory Rate",
      "O2 saturation pulseoxymetry"
    ],
    "static_names": [
      "Age",
      "gender_M",
      "eth_BLACK",
      "eth_HISPANIC",
      "eth_ASIAN",
      "eth_OTHER"
    ]
  }
}