{
  "n_seeds": 10,
  "hours": [
    1,
    2,
    3,
    4,
    5,
    6,
    7,
    8,
    9,
    10,
    11,
    12,
    13,
    14,
    15,
    16,
    17,
    18,
    19,
    20,
    21,
    22,
    23
  ],
  "config": {
    "n_traincal": 1000,
    "n_test": 500,
    "cal_frac": 0.5,
    "alpha": 0.1,
    "gamma_grid": [
      1e-06,
      5e-06,
      1e-05,
      5e-05,
      0.0001,
      0.0005,
      0.001,
      0.005,
      0.01
    ],
    "with_shift": true,
    "base_seed": 1000,
    "n_seeds": 10
  },
  "by_time": {
    "1": {
      "coverage_mean": 0.9507999999999999,
      "coverage_std": 0.013212115651930974,
      "coverage_median": 0.952,
      "coverage_q25": 0.9415,
      "coverage_q75": 0.9615,
      "coverage_min": 0.926,
      "coverage_max": 0.968,
      "width_mean": 568.4824755270874,
      "width_std": 125.77190098135132
    },
    "2": {
      "coverage_mean": 0.9189999999999999,
      "coverage_std": 0.014092551223962241,
      "coverage_median": 0.921,
      "coverage_q25": 0.909,
      "coverage_q75": 0.9235,
      "coverage_min": 0.898,
      "coverage_max": 0.95,
      "width_mean": 409.54746837026585,
      "width_std": 80.95148052181875
    },
    "3": {
      "coverage_mean": 0.9212,
      "coverage_std": 0.018616122045152134,
      "coverage_median": 0.922,
      "coverage_q25": 0.91,
      "coverage_q75": 0.9285000000000001,
      "coverage_min": 0.892,
      "coverage_max": 0.956,
      "width_mean": 403.30133098343924,
      "width_std": 56.124872389649234
    },
    "4": {
      "coverage_mean": 0.9309999999999998,
      "coverage_std": 0.012907362240210002,
      "coverage_median": 0.933,
      "coverage_q25": 0.92,
      "coverage_q75": 0.9415,
      "coverage_min": 0.912,
      "coverage_max": 0.95,
      "width_mean": 390.48460291698046,
      "width_std": 59.936373681461525
    },
    "5": {
      "coverage_mean": 0.9373999999999999,
      "coverage_std": 0.006873136110975791,
      "coverage_median": 0.939,
      "coverage_q25": 0.93,
      "coverage_q75": 0.943,
      "coverage_min": 0.928,
      "coverage_max": 0.946,
      "width_mean": 400.0251527198354,
      "width_std": 57.91983688865361
    },
    "6": {
      "coverage_mean": 0.9410000000000001,
      "coverage_std": 0.011941524190822509,
      "coverage_median": 0.941,
      "coverage_q25": 0.936,
      "coverage_q75": 0.952,
      "coverage_min": 0.92,
      "coverage_max": 0.956,
      "width_mean": 408.9123303146394,
      "width_std": 53.559324606263736
    },
    "7": {
      "coverage_mean": 0.9373999999999999,
      "coverage_std": 0.011280070921762819,
      "coverage_median": 0.94,
      "coverage_q25": 0.928,
      "coverage_q75": 0.947,
      "coverage_min": 0.918,
      "coverage_max": 0.954,
      "width_mean": 409.9274786860968,
      "width_std": 48.29846120205583
    },
    "8": {
      "coverage_mean": 0.9448000000000001,
      "coverage_std": 0.008399999999999967,
      "coverage_median": 0.944,
      "coverage_q25": 0.9375,
      "coverage_q75": 0.951,
      "coverage_min": 0.934,
      "coverage_max": 0.96,
      "width_mean": 414.9363253060363,
      "width_std": 46.912294015941534
    },
    "9": {
      "coverage_mean": 0.9422,
      "coverage_std": 0.009856977224281256,
      "coverage_median": 0.941,
      "coverage_q25": 0.9365,
      "coverage_q75": 0.9504999999999999,
      "coverage_min": 0.926,
      "coverage_max": 0.958,
      "width_mean": 416.62053835987683,
      "width_std": 47.47002189526952
    },
    "10": {
      "coverage_mean": 0.9491999999999999,
      "coverage_std": 0.010740577265678019,
      "coverage_median": 0.948,
      "coverage_q25": 0.944,
      "coverage_q75": 0.959,
      "coverage_min": 0.93,
      "coverage_max": 0.964,
      "width_mean": 421.089383097769,
      "width_std": 47.38430154208866
    },
    "11": {
      "coverage_mean": 0.9468000000000002,
      "coverage_std": 0.013212115651930971,
      "coverage_median": 0.945,
      "coverage_q25": 0.9365,
      "coverage_q75": 0.9575,
      "coverage_min": 0.928,
      "coverage_max": 0.966,
      "width_mean": 420.8694678771367,
      "width_std": 46.7664339872022
    },
    "12": {
      "coverage_mean": 0.9496,
      "coverage_std": 0.012092973166264752,
      "coverage_median": 0.949,
      "coverage_q25": 0.9375,
      "coverage_q75": 0.9564999999999999,
      "coverage_min": 0.936,
      "coverage_max": 0.97,
      "width_mean": 421.0843442507372,
      "width_std": 52.780003148546356
    },
    "13": {
      "coverage_mean": 0.9481999999999999,
      "coverage_std": 0.014709180806557498,
      "coverage_median": 0.942,
      "coverage_q25": 0.9365,
      "coverage_q75": 0.962,
      "coverage_min": 0.932,
      "coverage_max": 0.972,
      "width_mean": 418.3333380734022,
      "width_std": 52.83419680142146
    },
    "14": {
      "coverage_mean": 0.9464,
      "coverage_std": 0.012126005112979265,
      "coverage_median": 0.944,
      "coverage_q25": 0.9355,
      "coverage_q75": 0.9575,
      "coverage_min": 0.93,
      "coverage_max": 0.964,
      "width_mean": 418.5542082416414,
      "width_std": 53.89060519131419
    },
    "15": {
      "coverage_mean": 0.9481999999999999,
      "coverage_std": 0.009897474425326869,
      "coverage_median": 0.949,
      "coverage_q25": 0.9444999999999999,
      "coverage_q75": 0.9555,
      "coverage_min": 0.928,
      "coverage_max": 0.962,
      "width_mean": 418.41958937303355,
      "width_std": 55.445128266645675
    },
    "16": {
      "coverage_mean": 0.943,
      "coverage_std": 0.006708203932499345,
      "coverage_median": 0.943,
      "coverage_q25": 0.939,
      "coverage_q75": 0.946,
      "coverage_min": 0.932,
      "coverage_max": 0.958,
      "width_mean": 417.8563528604103,
      "width_std": 56.159170367664736
    },
    "17": {
      "coverage_mean": 0.9405999999999999,
      "coverage_std": 0.012068139873236435,
      "coverage_median": 0.94,
      "coverage_q25": 0.933,
      "coverage_q75": 0.95,
      "coverage_min": 0.918,
      "coverage_max": 0.958,
      "width_mean": 417.162275854319,
      "width_std": 57.71503860782981
    },
    "18": {
      "coverage_mean": 0.9443999999999999,
      "coverage_std": 0.006621178142898724,
      "coverage_median": 0.947,
      "coverage_q25": 0.9384999999999999,
      "coverage_q75": 0.9495,
      "coverage_min": 0.932,
      "coverage_max": 0.954,
      "width_mean": 416.3756468182534,
      "width_std": 57.849115132931544
    },
    "19": {
      "coverage_mean": 0.9418,
      "coverage_std": 0.008784076502399067,
      "coverage_median": 0.941,
      "coverage_q25": 0.934,
      "coverage_q75": 0.9455,
      "coverage_min": 0.93,
      "coverage_max": 0.958,
      "width_mean": 414.0853366470642,
      "width_std": 57.0996605560634
    },
    "20": {
      "coverage_mean": 0.9412,
      "coverage_std": 0.01200666481584287,
      "coverage_median": 0.943,
      "coverage_q25": 0.93,
      "coverage_q75": 0.952,
      "coverage_min": 0.922,
      "coverage_max": 0.958,
      "width_mean": 413.8924386965547,
      "width_std": 55.66991424526181
    },
    "21": {
      "coverage_mean": 0.9441999999999998,
      "coverage_std": 0.011574109036984196,
      "coverage_median": 0.943,
      "coverage_q25": 0.936,
      "coverage_q75": 0.952,
      "coverage_min": 0.926,
      "coverage_max": 0.966,
      "width_mean": 413.53728838536034,
      "width_std": 55.6944026102726
    },
    "22": {
      "coverage_mean": 0.9404,
      "coverage_std": 0.011092339699089612,
      "coverage_median": 0.939,
      "coverage_q25": 0.936,
      "coverage_q75": 0.9444999999999999,
      "coverage_min": 0.926,
      "coverage_max": 0.968,
      "width_mean": 413.38823630971285,
      "width_std": 55.952355587352216
    },
    "23": {
      "coverage_mean": 0.9404,
      "coverage_std": 0.014961283367412011,
      "coverage_median": 0.938,
      "coverage_q25": 0.9305000000000001,
      "coverage_q75": 0.943,
      "coverage_min": 0.92,