{
  "n_seeds": 10,
  "hours": [
    1,
    2,
    3,
    4,
    5,
    6,
    7,
    8,
    9,
    10,
    11,
    12,
    13,
    14,
    15,
    16,
    17,
    18,
    19,
    20,
    21,
    22,
    23
  ],
  "config": {
    "n_traincal": 1000,
    "n_test": 500,
    "cal_frac": 0.5,
    "alpha": 0.1,
    "gamma_grid": [
      0.0
    ],
    "with_shift": true,
    "base_seed": 1000,
    "n_seeds": 10
  },
  "by_time": {
    "1": {
      "coverage_mean": 0.9507999999999999,
      "coverage_std": 0.013212115651930974,
      "coverage_median": 0.952,
      "coverage_q25": 0.9415,
      "coverage_q75": 0.9615,
      "coverage_min": 0.926,
      "coverage_max": 0.968,
      "width_mean": 568.4824755270874,
      "width_std": 125.77190098135132
    },
    "2": {
      "coverage_mean": 0.9189999999999999,
      "coverage_std": 0.014092551223962241,
      "coverage_median": 0.921,
      "coverage_q25": 0.909,
      "coverage_q75": 0.9235,
      "coverage_min": 0.898,
      "coverage_max": 0.95,
      "width_mean": 409.5476686609382,
      "width_std": 80.95172130948023
    },
    "3": {
      "coverage_mean": 0.9212,
      "coverage_std": 0.018616122045152134,
      "coverage_median": 0.922,
      "coverage_q25": 0.91,
      "coverage_q75": 0.9285000000000001,
      "coverage_min": 0.892,
      "coverage_max": 0.956,
      "width_mean": 403.30158211330837,
      "width_std": 56.125089058789776
    },
    "4": {
      "coverage_mean": 0.9309999999999998,
      "coverage_std": 0.012907362240210002,
      "coverage_median": 0.933,
      "coverage_q25": 0.92,
      "coverage_q75": 0.9415,
      "coverage_min": 0.912,
      "coverage_max": 0.95,
      "width_mean": 390.4846317910055,
      "width_std": 59.936382754534534
    },
    "5": {
      "coverage_mean": 0.9373999999999999,
      "coverage_std": 0.006873136110975791,
      "coverage_median": 0.939,
      "coverage_q25": 0.93,
      "coverage_q75": 0.943,
      "coverage_min": 0.928,
      "coverage_max": 0.946,
      "width_mean": 400.02531870849043,
      "width_std": 57.92004147419131
    },
    "6": {
      "coverage_mean": 0.9410000000000001,
      "coverage_std": 0.011941524190822509,
      "coverage_median": 0.941,
      "coverage_q25": 0.936,
      "coverage_q75": 0.952,
      "coverage_min": 0.92,
      "coverage_max": 0.956,
      "width_mean": 408.91243048093486,
      "width_std": 53.559407468077495
    },
    "7": {
      "coverage_mean": 0.9359999999999999,
      "coverage_std": 0.010392304845413222,
      "coverage_median": 0.938,
      "coverage_q25": 0.9265000000000001,
      "coverage_q75": 0.9455,
      "coverage_min": 0.918,
      "coverage_max": 0.948,
      "width_mean": 410.3475812092855,
      "width_std": 48.51988302413932
    },
    "8": {
      "coverage_mean": 0.9433999999999999,
      "coverage_std": 0.00890168523370712,
      "coverage_median": 0.942,
      "coverage_q25": 0.936,
      "coverage_q75": 0.9484999999999999,
      "coverage_min": 0.934,
      "coverage_max": 0.962,
      "width_mean": 415.60879684834924,
      "width_std": 47.50530853873557
    },
    "9": {
      "coverage_mean": 0.9416,
      "coverage_std": 0.009830564581955576,
      "coverage_median": 0.941,
      "coverage_q25": 0.9365,
      "coverage_q75": 0.95,
      "coverage_min": 0.926,
      "coverage_max": 0.958,
      "width_mean": 417.02545786052394,
      "width_std": 47.6004373772751
    },
    "10": {
      "coverage_mean": 0.945,
      "coverage_std": 0.012876334882255876,
      "coverage_median": 0.945,
      "coverage_q25": 0.9395,
      "coverage_q75": 0.954,
      "coverage_min": 0.918,
      "coverage_max": 0.962,
      "width_mean": 421.41849497110553,
      "width_std": 47.729427181185926
    },
    "11": {
      "coverage_mean": 0.9432,
      "coverage_std": 0.013746272221951628,
      "coverage_median": 0.9410000000000001,
      "coverage_q25": 0.9325000000000001,
      "coverage_q75": 0.952,
      "coverage_min": 0.924,
      "coverage_max": 0.964,
      "width_mean": 421.47973075994435,
      "width_std": 47.40134077062062
    },
    "12": {
      "coverage_mean": 0.9433999999999999,
      "coverage_std": 0.013237824594698303,
      "coverage_median": 0.939,
      "coverage_q25": 0.936,
      "coverage_q75": 0.9524999999999999,
      "coverage_min": 0.922,
      "coverage_max": 0.968,
      "width_mean": 421.97713109773713,
      "width_std": 53.38480344615209
    },
    "13": {
      "coverage_mean": 0.943,
      "coverage_std": 0.01580506248010425,
      "coverage_median": 0.939,
      "coverage_q25": 0.931,
      "coverage_q75": 0.9544999999999999,
      "coverage_min": 0.918,
      "coverage_max": 0.972,
      "width_mean": 419.7473216317902,
      "width_std": 53.34130471721686
    },
    "14": {
      "coverage_mean": 0.9412,
      "coverage_std": 0.011771151175649692,
      "coverage_median": 0.938,
      "coverage_q25": 0.9305000000000001,
      "coverage_q75": 0.9504999999999999,
      "coverage_min": 0.928,
      "coverage_max": 0.964,
      "width_mean": 419.2507609756026,
      "width_std": 54.210380629005805
    },
    "15": {
      "coverage_mean": 0.9405999999999999,
      "coverage_std": 0.00829698740507658,
      "coverage_median": 0.94,
      "coverage_q25": 0.9345000000000001,
      "coverage_q75": 0.9455,
      "coverage_min": 0.926,
      "coverage_max": 0.956,
      "width_mean": 418.52316248733877,
      "width_std": 55.480322127610144
    },
    "16": {
      "coverage_mean": 0.9394,
      "coverage_std": 0.005868560300448444,
      "coverage_median": 0.94,
      "coverage_q25": 0.936,
      "coverage_q75": 0.942,
      "coverage_min": 0.93,
      "coverage_max": 0.95,
      "width_mean": 418.10352104858146,
      "width_std": 56.7748401852799
    },
    "17": {
      "coverage_mean": 0.9374,
      "coverage_std": 0.008811356308764236,
      "coverage_median": 0.936,
      "coverage_q25": 0.931,
      "coverage_q75": 0.947,
      "coverage_min": 0.922,
      "coverage_max": 0.948,
      "width_mean": 417.6851005813984,
      "width_std": 58.31195024243079
    },
    "18": {
      "coverage_mean": 0.9405999999999999,
      "coverage_std": 0.0060033324079214155,
      "coverage_median": 0.941,
      "coverage_q25": 0.937,
      "coverage_q75": 0.9455,
      "coverage_min": 0.93,
      "coverage_max": 0.948,
      "width_mean": 416.6805377483009,
      "width_std": 58.510057924790196
    },
    "19": {
      "coverage_mean": 0.9364000000000001,
      "coverage_std": 0.00788923316932637,
      "coverage_median": 0.937,
      "coverage_q25": 0.9305000000000001,
      "coverage_q75": 0.941,
      "coverage_min": 0.924,
      "coverage_max": 0.952,
      "width_mean": 414.4078145123296,
      "width_std": 57.81803336334837
    },
    "20": {
      "coverage_mean": 0.9359999999999999,
      "coverage_std": 0.009380831519646816,
      "coverage_median": 0.937,
      "coverage_q25": 0.927,
      "coverage_q75": 0.9435,
      "coverage_min": 0.922,
      "coverage_max": 0.95,
      "width_mean": 414.1633849402115,
      "width_std": 56.1552345319515
    },
    "21": {
      "coverage_mean": 0.9395999999999999,
      "coverage_std": 0.009666436778875619,
      "coverage_median": 0.941,
      "coverage_q25": 0.9345000000000001,
      "coverage_q75": 0.947,
      "coverage_min": 0.924,
      "coverage_max": 0.952,
      "width_mean": 413.72819370404375,
      "width_std": 56.43561180544161
    },
    "22": {
      "coverage_mean": 0.9380000000000001,
      "coverage_std": 0.008532291603080583,
      "coverage_median": 0.937,
      "coverage_q25": 0.931,
      "coverage_q75": 0.941,
      "coverage_min": 0.928,
      "coverage_max": 0.958,
      "width_mean": 413.7506060299944,
      "width_std": 56.68971233295201
    },
    "23": {
      "coverage_mean": 0.9356,
      "coverage_std": 0.011271202242884262,
      "coverage_median": 0.933,
      "coverage_q25": 0.9275,
      "coverage_q75": 0.94,
      "coverage_min": 0.92,
      "coverage_max": 0.958,