{
  "regime": "last_step",
  "domain": "synthetic",
  "mode": "full",
  "covariate_mode": "dynamic",
  "with_shift": true,
  "alpha": 0.1,
  "T": 20,
  "n_seeds": 30,
  "base_seed": 1000,
  "n_tr": 300,
  "n_cal": 300,
  "n_test": 200,
  "target_coverage": 0.9,
  "per_seed_coverage": [
    0.885,
    0.795,
    0.86,
    0.915,
    0.84,
    0.875,
    0.82,
    0.795,
    0.87,
    0.88,
    0.875,
    0.875,
    0.86,
    0.895,
    0.88,
    0.845,
    0.835,
    0.88,
    0.855,
    0.885,
    0.96,
    0.87,
    0.835,
    0.85,
    0.82,
    0.925,
    0.935,
    0.865,
    0.9,
    0.87
  ],
  "per_seed_width": [
    1.1103413658683474,
    0.9950024452747864,
    1.0440927960650417,
    1.0878508612178401,
    0.940446115135861,
    1.128723942908559,
    1.0066231032100053,
    1.1157642773664718,
    1.143558227877696,
    1.1888989711086568,
    1.0337074027704656,
    1.1135742365254915,
    1.0482665588430824,
    1.0150817080659642,
    1.1443513407815278,
    1.0515862869284351,
    1.1160477033148462,
    1.024787442660285,
    1.1005065462177503,
    1.0383184173186817,
    1.1830430602383557,
    1.014766955594036,
    0.9933760122312929,
    1.1039167912940768,
    1.1113356458847599,
    1.0361613924968627,
    1.239673178128796,
    1.1448138195832798,
    1.0743266365578403,
    1.146201480508383
  ],
  "per_seed_n_inf": [
    29,
    22,
    32,
    72,
    51,
    14,
    23,
    44,
    37,
    36,
    50,
    28,
    41,
    31,
    34,
    25,
    27,
    27,
    20,
    34,
    54,
    45,
    28,
    32,
    15,
    54,
    41,
    31,
    49,
    24
  ],
  "coverage_mean": 0.8683333333333333,
  "coverage_std": 0.03684049704092254,
  "coverage_se": 0.0067261237530051995,
  "width_mean": 1.0831714907325825,
  "width_std": 0.06671213448565946,
  "width_se": 0.012179913639037997
}