{
  "regime": "last_step",
  "domain": "synthetic",
  "mode": "full",
  "covariate_mode": "static",
  "with_shift": true,
  "alpha": 0.1,
  "T": 20,
  "n_seeds": 30,
  "base_seed": 1000,
  "n_tr": 300,
  "n_cal": 300,
  "n_test": 200,
  "target_coverage": 0.9,
  "per_seed_coverage": [
    0.925,
    0.915,
    0.93,
    0.905,
    0.85,
    0.87,
    0.93,
    0.905,
    0.95,
    0.93,
    0.9,
    0.92,
    0.835,
    0.905,
    0.825,
    0.9,
    0.88,
    0.885,
    0.935,
    0.94,
    0.89,
    0.895,
    0.875,
    0.895,
    0.93,
    0.865,
    0.92,
    0.865,
    0.905,
    0.92
  ],
  "per_seed_width": [
    0.7374477058041938,
    0.7141672387590745,
    0.7388037552821796,
    0.7058018898763919,
    0.6690709157200719,
    0.6795026130151451,
    0.7345511174688426,
    0.679473580753396,
    0.7185451415943496,
    0.8075029830078413,
    0.7355035140434796,
    0.7371252356058762,
    0.6437186661399148,
    0.704387972860504,
    0.6454109976881406,
    0.6884075730493352,
    0.6746596311437765,
    0.7247375187588975,
    0.7966897341673326,
    0.8071118769550115,
    0.739221912295853,
    0.6740347263465613,
    0.7282471870257083,
    0.6885047862620802,
    0.7654179497701656,
    0.6224585031000885,
    0.7223235524479751,
    0.6445829015281218,
    0.6928046464216203,
    0.7126053621277244
  ],
  "per_seed_n_inf": [
    0,
    4,
    0,
    1,
    0,
    2,
    5,
    0,
    1,
    6,
    3,
    1,
    2,
    0,
    1,
    0,
    0,
    0,
    1,
    3,
    1,
    2,
    1,
    4,
    0,
    3,
    4,
    2,
    1,
    6
  ],
  "coverage_mean": 0.8998333333333334,
  "coverage_std": 0.030645373042090543,
  "coverage_se": 0.005595054032771235,
  "width_mean": 0.7110940396339883,
  "width_std": 0.045670392271434185,
  "width_se": 0.008338234685724701
}