{
  "regime": "last_step",
  "domain": "synthetic",
  "mode": "uniform",
  "covariate_mode": "static",
  "with_shift": true,
  "alpha": 0.1,
  "T": 20,
  "n_seeds": 30,
  "base_seed": 1000,
  "n_tr": 300,
  "n_cal": 300,
  "n_test": 200,
  "target_coverage": 0.9,
  "per_seed_coverage": [
    0.885,
    0.885,
    0.93,
    0.9,
    0.895,
    0.895,
    0.925,
    0.905,
    0.95,
    0.915,
    0.89,
    0.92,
    0.885,
    0.895,
    0.805,
    0.9,
    0.875,
    0.88,
    0.935,
    0.91,
    0.87,
    0.89,
    0.88,
    0.89,
    0.895,
    0.88,
    0.875,
    0.855,
    0.915,
    0.89
  ],
  "per_seed_width": [
    0.6832036108681946,
    0.6755807498063844,
    0.7456293642874531,
    0.6965903662001607,
    0.7191344690769571,
    0.702625675432547,
    0.7442993766079619,
    0.6906739996634707,
    0.718051691779045,
    0.7267091895379215,
    0.7214889214855441,
    0.7316976828993839,
    0.7048296250421671,
    0.6775457033085022,
    0.6197964060797319,
    0.689488946839667,
    0.6747786503367763,
    0.7201210891538204,
    0.7897149428932977,
    0.7095165625933048,
    0.6985522992383341,
    0.6709645946310664,
    0.7240301607602158,
    0.6830964535317142,
    0.7209627148892481,
    0.6488078920929733,
    0.6775723195106993,
    0.6347517930715938,
    0.7003707333763769,
    0.674619192913795
  ],
  "per_seed_n_inf": [
    0,
    0,
    0,
    0,
    0,
    0,
    0,
    0,
    0,
    0,
    0,
    0,
    0,
    0,
    0,
    0,
    0,
    0,
    0,
    0,
    0,
    0,
    0,
    0,
    0,
    0,
    0,
    0,
    0,
    0
  ],
  "coverage_mean": 0.8939999999999999,
  "coverage_std": 0.02628053779256937,
  "coverage_se": 0.004798147790785756,
  "width_mean": 0.6991735059302768,
  "width_std": 0.033815066284440046,
  "width_se": 0.006173758195840072
}