{
  "regime": "last_step",
  "domain": "synthetic",
  "mode": "uniform",
  "covariate_mode": "dynamic",
  "with_shift": true,
  "alpha": 0.1,
  "T": 20,
  "n_seeds": 30,
  "base_seed": 1000,
  "n_tr": 300,
  "n_cal": 300,
  "n_test": 200,
  "target_coverage": 0.9,
  "per_seed_coverage": [
    0.845,
    0.825,
    0.835,
    0.815,
    0.75,
    0.865,
    0.78,
    0.705,
    0.82,
    0.79,
    0.8,
    0.83,
    0.84,
    0.875,
    0.83,
    0.81,
    0.78,
    0.785,
    0.8,
    0.825,
    0.855,
    0.78,
    0.82,
    0.76,
    0.77,
    0.91,
    0.875,
    0.79,
    0.845,
    0.805
  ],
  "per_seed_width": [
    1.058844963214544,
    1.1026595498165392,
    0.9886549956535617,
    0.9820705230055538,
    0.9743753898402936,
    1.0827789374112633,
    0.9611338294146978,
    1.0146952705768406,
    1.0765818732945205,
    1.015447654651478,
    0.9836001607766033,
    0.9918669074169527,
    1.0640587310483263,
    0.9868064852083465,
    1.064127030672659,
    0.9950396961695008,
    0.9816645701110815,
    0.9193106925468865,
    1.0401142157069405,
    0.953017591282698,
    0.9572003349956495,
    0.9547964412446077,
    0.9691413373737648,
    1.0597990386470457,
    1.0433073161310862,
    1.058448709199135,
    1.123814215883609,
    1.0388949424670315,
    0.9907682112614882,
    0.997873890084691
  ],
  "per_seed_n_inf": [
    0,
    0,
    0,
    0,
    0,
    0,
    0,
    0,
    0,
    0,
    0,
    0,
    0,
    0,
    0,
    0,
    0,
    0,
    0,
    0,
    0,
    0,
    0,
    0,
    0,
    0,
    0,
    0,
    0,
    0
  ],
  "coverage_mean": 0.8138333333333333,
  "coverage_std": 0.04146651929234261,
  "coverage_se": 0.007570715999213068,
  "width_mean": 1.0143631168369132,
  "width_std": 0.049545435745310645,
  "width_se": 0.00904571759304314
}