{
  "regime": "whole_trajectory",
  "domain": "synthetic",
  "mode": "full",
  "covariate_mode": "static",
  "with_shift": true,
  "alpha": 0.1,
  "T": 20,
  "n_seeds": 30,
  "base_seed": 1000,
  "n_tr": 300,
  "n_aci": 150,
  "n_cal": 300,
  "n_test": 200,
  "target_coverage": 0.9,
  "per_seed_coverage": [
    0.9,
    0.84,
    0.89,
    0.92,
    0.89,
    0.895,
    0.795,
    0.81,
    0.87,
    0.98,
    0.915,
    0.89,
    0.895,
    0.965,
    0.885,
    0.925,
    0.93,
    0.85,
    0.83,
    0.78,
    0.85,
    0.92,
    0.915,
    0.925,
    0.92,
    0.89,
    0.94,
    0.825,
    0.92,
    0.83
  ],
  "per_seed_pooled_coverage": [
    0.9905,
    0.992,
    0.9905,
    0.996,
    0.9935,
    0.99225,
    0.97425,
    0.97575,
    0.99325,
    0.999,
    0.99375,
    0.9915,
    0.989,
    0.998,
    0.9925,
    0.9945,
    0.9955,
    0.98975,
    0.9905,
    0.98025,
    0.98575,
    0.996,
    0.9935,
    0.99375,
    0.993,
    0.99175,
    0.997,
    0.98625,
    0.9955,
    0.98075
  ],
  "per_seed_width": [
    3.4749893602575623,
    3.527757918834353,
    3.456313583205187,
    3.7819769677589163,
    3.8385548528719386,
    4.234497484939715,
    2.371027113164781,
    2.824866138996136,
    4.2463200497423275,
    5.592493195213112,
    3.646024819080385,
    2.936340365032265,
    2.7207089091181222,
    4.262425635242281,
    4.113619659682241,
    3.9539841184272566,
    4.718992181686352,
    3.8532758502519027,
    3.220686528252748,
    3.051229994949985,
    2.7196341045071195,
    4.624701671726135,
    4.135513545990072,
    4.421864670869562,
    4.336052251766639,
    4.088296495888108,
    4.968999577065757,
    3.2505443492898993,
    4.606912840003056,
    3.310470288642921
  ],
  "per_seed_gamma_opt": [
    0.001,
    0.1,
    0.001,
    0.1,
    0.05,
    0.005,
    0.001,
    0.001,
    0.1,
    0.001,
    0.001,
    0.001,
    0.01,
    0.01,
    0.001,
    0.001,
    0.001,
    0.001,
    0.1,
    0.001,
    0.001,
    0.1,
    0.001,
    0.005,
    0.001,
    0.001,
    0.1,
    0.005,
    0.05,
    0.001
  ],
  "per_seed_n_inf": [
    1,
    1,
    2,
    2,
    0,
    3,
    4,
    1,
    4,
    3,
    6,
    2,
    0,
    0,
    1,
    0,
    1,
    0,
    0,
    3,
    1,
    1,
    4,
    1,
    1,
    2,
    0,
    0,
    2,
    0
  ],
  "coverage_mean": 0.8863333333333334,
  "coverage_std": 0.04828618389928485,
  "coverage_se": 0.008815810712493691,
  "pooled_coverage_mean": 0.9908499999999999,
  "width_mean": 3.809635817415228,
  "width_std": 0.7344178269770573,
  "width_se": 0.1340857368230868,
  "coverage_by_time_mean": [
    0.8880000000000002,
    0.9529999999999998,
    0.9831666666666667,
    0.9938333333333332,
    0.9991666666666666,
    0.9998333333333334,
    1.0,
    1.0,
    1.0,
    1.0,
    1.0,
    1.0,
    1.0,
    1.0,
    1.0,
    1.0,
    1.0,
    1.0,
    1.0,
    1.0
  ],
  "width_by_time_mean": [
    6.9485026452750285,
    5.744445261325635,
    4.747928653046654,
    4.077435326547122,
    3.6925785599561056,
    3.494701804815882,
    3.401719642649657,
    3.3682293089199598,
    3.35079990857719,
    3.375579625734948,
    3.377848015344765,
    3.4039538046445825,
    3.381259984546007,
    3.4075572371192515,
    3.400230108132968,
    3.395116739032659,
    3.4017616071733983,
    3.4089621588909806,
    3.409292565928146,
    3.4048133906436227
  ]
}