{
  "regime": "whole_trajectory",
  "domain": "synthetic",
  "mode": "full",
  "covariate_mode": "dynamic",
  "with_shift": true,
  "alpha": 0.1,
  "T": 20,
  "n_seeds": 30,
  "base_seed": 1000,
  "n_tr": 300,
  "n_aci": 150,
  "n_cal": 300,
  "n_test": 200,
  "target_coverage": 0.9,
  "per_seed_coverage": [
    0.815,
    0.69,
    0.79,
    0.785,
    0.79,
    0.715,
    0.6,
    0.73,
    0.705,
    0.685,
    0.72,
    0.575,
    0.6,
    0.67,
    0.825,
    0.66,
    0.725,
    0.665,
    0.715,
    0.75,
    0.71,
    0.655,
    0.77,
    0.735,
    0.695,
    0.735,
    0.705,
    0.665,
    0.78,
    0.67
  ],
  "per_seed_pooled_coverage": [
    0.97875,
    0.9665,
    0.97925,
    0.97475,
    0.97375,
    0.96525,
    0.95475,
    0.96825,
    0.9715,
    0.969,
    0.976,
    0.95325,
    0.95475,
    0.97075,
    0.9795,
    0.96275,
    0.96775,
    0.96275,
    0.9795,
    0.967,
    0.96875,
    0.961,
    0.9695,
    0.9705,
    0.966,
    0.96525,
    0.972,
    0.96575,
    0.9765,
    0.96475
  ],
  "per_seed_width": [
    2.6314425540106887,
    2.2676625832878763,
    2.5045219001777723,
    2.3448253874022096,
    2.551346689380748,
    2.241470373477293,
    2.2088770101044233,
    2.2845786997666933,
    2.3278166850922615,
    2.268770609760417,
    2.3809489152186107,
    2.170705750547266,
    2.1074423034709353,
    2.3227388567741416,
    2.672021014982921,
    2.196535293287805,
    2.222271207090105,
    2.094911798940335,
    2.394336603112108,
    2.1672588172108727,
    2.1241519214704927,
    2.214511381565325,
    2.631753270087963,
    2.2765181909547874,
    2.4633470259323587,
    2.563260035259338,
    2.2400458793259945,
    2.1612517996162497,
    2.570767981256204,
    2.183770082777538
  ],
  "per_seed_gamma_opt": [
    0.001,
    0.001,
    0.05,
    0.005,
    0.001,
    0.001,
    0.001,
    0.001,
    0.01,
    0.01,
    0.1,
    0.001,
    0.005,
    0.05,
    0.001,
    0.01,
    0.001,
    0.001,
    0.1,
    0.001,
    0.001,
    0.001,
    0.001,
    0.01,
    0.01,
    0.01,
    0.01,
    0.001,
    0.05,
    0.001
  ],
  "per_seed_n_inf": [
    0,
    0,
    0,
    0,
    0,
    0,
    0,
    0,
    0,
    0,
    0,
    0,
    0,
    0,
    0,
    0,
    0,
    0,
    0,
    0,
    0,
    0,
    0,
    0,
    0,
    0,
    0,
    0,
    0,
    0
  ],
  "coverage_mean": 0.7110000000000001,
  "coverage_std": 0.06090155991434045,
  "coverage_se": 0.011119052717445552,
  "pooled_coverage_mean": 0.9685250000000001,
  "width_mean": 2.326328687378058,
  "width_std": 0.16831782949972396,
  "width_se": 0.030730490682435767,
  "coverage_by_time_mean": [
    0.9431666666666665,
    0.8640000000000001,
    0.8350000000000001,
    0.8983333333333333,
    0.9474999999999999,
    0.9789999999999998,
    0.9889999999999997,
    0.9926666666666667,
    0.9941666666666665,
    0.9945,
    0.9946666666666666,
    0.9940000000000001,
    0.9936666666666665,
    0.9923333333333334,
    0.9930000000000001,
    0.9924999999999998,
    0.9938333333333333,
    0.9923333333333332,
    0.9938333333333333,
    0.993
  ],
  "width_by_time_mean": [
    5.595395626956862,
    3.125350730329591,
    2.1837196900204074,
    2.0802965674794596,
    2.1414730817939645,
    2.157750712648636,
    2.1633180001596064,
    2.1257586626085803,
    2.1268258336246313,
    2.1041203714968253,
    2.0934918457051572,
    2.1058000258970506,
    2.0902128212370474,
    2.065721928157374,
    2.0479216523844963,
    2.050788292500859,
    2.0726411543593217,
    2.0480747613487167,
    2.078046491245519,
    2.069865497607051
  ]
}