{
  "regime": "whole_trajectory",
  "domain": "synthetic",
  "mode": "uniform",
  "covariate_mode": "static",
  "with_shift": true,
  "alpha": 0.1,
  "T": 20,
  "n_seeds": 30,
  "base_seed": 1000,
  "n_tr": 300,
  "n_aci": 150,
  "n_cal": 300,
  "n_test": 200,
  "target_coverage": 0.9,
  "per_seed_coverage": [
    0.76,
    0.695,
    0.655,
    0.77,
    0.72,
    0.675,
    0.65,
    0.72,
    0.685,
    0.71,
    0.68,
    0.665,
    0.745,
    0.66,
    0.71,
    0.725,
    0.685,
    0.66,
    0.74,
    0.635,
    0.725,
    0.7,
    0.655,
    0.705,
    0.765,
    0.725,
    0.72,
    0.72,
    0.64,
    0.695
  ],
  "per_seed_pooled_coverage": [
    0.96675,
    0.98125,
    0.9475,
    0.98325,
    0.9775,
    0.947,
    0.94275,
    0.95075,
    0.97425,
    0.95275,
    0.94925,
    0.95025,
    0.967,
    0.9555,
    0.9555,
    0.959,
    0.95075,
    0.9475,
    0.9795,
    0.9405,
    0.958,
    0.97925,
    0.9475,
    0.96075,
    0.964,
    0.95925,
    0.9785,
    0.9575,
    0.9675,
    0.94775
  ],
  "per_seed_width": [
    2.1407524091722063,
    2.3108727172257266,
    1.9519565996511032,
    2.2271501284631157,
    2.1672410227288377,
    2.074707855119038,
    1.8927699121724206,
    2.0697450150252896,
    2.28830751344331,
    2.0711558604260683,
    1.9705559654029057,
    1.8982074276241108,
    2.043547180757457,
    1.9938763043920327,
    2.091956461931737,
    2.1545363957018413,
    2.0246652853412153,
    2.044560751795026,
    2.2514256889107673,
    2.0538610418906154,
    1.9920871547185588,
    2.2743553360338775,
    1.9872741347144178,
    2.3003290773707534,
    2.142085336954072,
    2.3176566263744136,
    2.175973178291797,
    2.0277604693315547,
    2.228541418429075,
    1.990614035147502
  ],
  "per_seed_gamma_opt": [
    0.001,
    0.1,
    0.001,
    0.1,
    0.05,
    0.005,
    0.001,
    0.001,
    0.1,
    0.001,
    0.001,
    0.001,
    0.01,
    0.01,
    0.001,
    0.001,
    0.001,
    0.001,
    0.1,
    0.001,
    0.001,
    0.1,
    0.001,
    0.005,
    0.001,
    0.001,
    0.1,
    0.005,
    0.05,
    0.001
  ],
  "per_seed_n_inf": [
    0,
    0,
    0,
    0,
    0,
    0,
    0,
    0,
    0,
    0,
    0,
    0,
    0,
    0,
    0,
    0,
    0,
    0,
    0,
    0,
    0,
    0,
    0,
    0,
    0,
    0,
    0,
    0,
    0,
    0
  ],
  "coverage_mean": 0.6998333333333332,
  "coverage_std": 0.036685222577429656,
  "coverage_se": 0.006697774644252011,
  "pooled_coverage_mean": 0.9599499999999999,
  "width_mean": 2.105284276818028,
  "width_std": 0.12395782873687358,
  "width_se": 0.022631499659515924,
  "coverage_by_time_mean": [
    0.7371666666666666,
    0.8131666666666668,
    0.8548333333333332,
    0.9011666666666667,
    0.9413333333333332,
    0.975,
    0.9934999999999998,
    0.9976666666666668,
    0.9986666666666667,
    0.9998333333333334,
    0.9990000000000001,
    0.9991666666666666,
    0.9980000000000001,
    0.9991666666666668,
    0.9986666666666668,
    0.9984999999999999,
    0.9981666666666666,
    0.9983333333333334,
    0.9993333333333332,
    0.9983333333333333
  ],
  "width_by_time_mean": [
    5.243315975252595,
    4.041508799476043,
    3.045173275244818,
    2.374540233738864,
    1.9890342937035987,
    1.7906218076548368,
    1.697393702430649,
    1.6639451163612653,
    1.6465916657201944,
    1.6709022079592886,
    1.6730875181981202,
    1.6991823619882744,
    1.6766017006515548,
    1.7029482207427067,
    1.6955090789626759,
    1.6903901092563853,
    1.696841473345231,
    1.7039997623496064,
    1.7043215264968388,
    1.6997767068270175
  ]
}