{
  "regime": "whole_trajectory",
  "domain": "synthetic",
  "mode": "uniform",
  "covariate_mode": "dynamic",
  "with_shift": true,
  "alpha": 0.1,
  "T": 20,
  "n_seeds": 30,
  "base_seed": 1000,
  "n_tr": 300,
  "n_aci": 150,
  "n_cal": 300,
  "n_test": 200,
  "target_coverage": 0.9,
  "per_seed_coverage": [
    0.765,
    0.68,
    0.77,
    0.78,
    0.745,
    0.715,
    0.575,
    0.73,
    0.695,
    0.675,
    0.715,
    0.535,
    0.59,
    0.685,
    0.725,
    0.675,
    0.73,
    0.665,
    0.755,
    0.745,
    0.72,
    0.635,
    0.685,
    0.76,
    0.665,
    0.715,
    0.745,
    0.68,
    0.765,
    0.7
  ],
  "per_seed_pooled_coverage": [
    0.973,
    0.96475,
    0.978,
    0.974,
    0.9685,
    0.96525,
    0.95075,
    0.96775,
    0.97075,
    0.969,
    0.97575,
    0.948,
    0.954,
    0.97175,
    0.96625,
    0.96475,
    0.9685,
    0.9645,
    0.98275,
    0.96825,
    0.97075,
    0.96175,
    0.96125,
    0.974,
    0.961,
    0.96375,
    0.97675,
    0.967,
    0.9735,
    0.968
  ],
  "per_seed_width": [
    2.4460139433379626,
    2.225033751230729,
    2.4702002570953647,
    2.310852284715246,
    2.3414226466618038,
    2.2327570305291173,
    2.1457086047981693,
    2.256333565419085,
    2.263807464752347,
    2.247689084123849,
    2.3799846602327754,
    2.1199629891432576,
    2.105809807766122,
    2.33052331779228,
    2.2877396132112864,
    2.2313927468882615,
    2.2477038476411657,
    2.1342132093182773,
    2.4702036130728695,
    2.176636357389052,
    2.151492922821945,
    2.211271983061917,
    2.233101441968487,
    2.3466796673247825,
    2.2462623096556116,
    2.4861496975769595,
    2.339871168587595,
    2.1830246962440287,
    2.4292630306421823,
    2.2392514456794146
  ],
  "per_seed_gamma_opt": [
    0.001,
    0.001,
    0.05,
    0.005,
    0.001,
    0.001,
    0.001,
    0.001,
    0.01,
    0.01,
    0.1,
    0.001,
    0.005,
    0.05,
    0.001,
    0.01,
    0.001,
    0.001,
    0.1,
    0.001,
    0.001,
    0.001,
    0.001,
    0.01,
    0.01,
    0.01,
    0.01,
    0.001,
    0.05,
    0.001
  ],
  "per_seed_n_inf": [
    0,
    0,
    0,
    0,
    0,
    0,
    0,
    0,
    0,
    0,
    0,
    0,
    0,
    0,
    0,
    0,
    0,
    0,
    0,
    0,
    0,
    0,
    0,
    0,
    0,
    0,
    0,
    0,
    0,
    0
  ],
  "coverage_mean": 0.7006666666666667,
  "coverage_std": 0.05776004001229762,
  "coverage_se": 0.010545492279045459,
  "pooled_coverage_mean": 0.9674666666666666,
  "width_mean": 2.2763452386227314,
  "width_std": 0.10673122428106765,
  "width_se": 0.01948636637629462,
  "coverage_by_time_mean": [
    0.9408333333333333,
    0.8623333333333332,
    0.8318333333333336,
    0.8919999999999999,
    0.9453333333333334,
    0.9773333333333329,
    0.9874999999999997,
    0.9914999999999999,
    0.9941666666666668,
    0.9941666666666666,
    0.9944999999999998,
    0.9941666666666666,
    0.9938333333333332,
    0.9926666666666667,
    0.9931666666666668,
    0.9931666666666666,
    0.9928333333333333,
    0.9924999999999998,
    0.9935000000000002,
    0.9920000000000001
  ],
  "width_by_time_mean": [
    5.545412178201534,
    3.0753672815742648,
    2.1337362412650815,
    2.0303131187241332,
    2.091489633038638,
    2.1077672638933103,
    2.11333455140428,
    2.0757752138532535,
    2.076842384869305,
    2.054136922741499,
    2.0435083969498313,
    2.0558165771417247,
    2.0402293724817206,
    2.015738479402048,
    1.9979382036291709,
    2.000804843745532,
    2.0226577056039954,
    1.9980913125933908,
    2.028063042490193,
    2.019882048851725
  ]
}