{
  "regime": "whole_trajectory",
  "domain": "medical",
  "mode": "full",
  "alpha": 0.1,
  "n_seeds": 10,
  "base_seed": 1000,
  "n_traincal": 1000,
  "n_test": 500,
  "cal_frac": 0.5,
  "frac_aci": 0.15,
  "target_coverage": 0.9,
  "per_seed_coverage": [
    0.966,
    0.964,
    0.964,
    0.954,
    0.95,
    0.962,
    0.96,
    0.962,
    0.982,
    0.978
  ],
  "per_seed_pooled_coverage": [
    0.9976521739130435,
    0.9982608695652174,
    0.9978260869565218,
    0.9974782608695653,
    0.9963478260869565,
    0.9972173913043478,
    0.9979130434782608,
    0.9980869565217392,
    0.9992173913043478,
    0.9986956521739131
  ],
  "per_seed_width": [
    1843.008813596326,
    1800.806685637981,
    1815.8640296077117,
    1871.3431340412242,
    1734.3478919349195,
    1836.8159122661546,
    1788.5994379504862,
    1832.4156017867701,
    1931.811324873614,
    1878.3262557997982
  ],
  "per_seed_gamma_opt": [
    0.001,
    0.01,
    0.001,
    0.001,
    0.005,
    0.001,
    0.005,
    0.005,
    0.001,
    0.001
  ],
  "per_seed_n_inf": [
    0,
    0,
    0,
    0,
    0,
    0,
    0,
    0,
    0,
    0
  ],
  "coverage_mean": 0.9642,
  "coverage_std": 0.009184770002564036,
  "coverage_se": 0.002904479299289292,
  "pooled_coverage_mean": 0.9978695652173913,
  "width_mean": 1833.3339087494987,
  "width_std": 51.415957376942636,
  "width_se": 16.259153338927526,
  "coverage_by_time_mean": [
    0.9982,
    0.9966000000000002,
    0.9978,
    0.9969999999999999,
    0.9972,
    0.9972,
    0.9978,
    0.9972,
    0.9986,
    0.9955999999999999,
    0.9975999999999999,
    0.9976,
    0.9979999999999999,
    0.9984,
    0.999,
    0.999,
    0.9965999999999999,
    0.9982,
    0.9982,
    0.9982000000000001,
    0.999,
    0.9996,
    0.9984
  ]
}