{
  "regime": "whole_trajectory",
  "domain": "medical",
  "mode": "uniform",
  "alpha": 0.1,
  "n_seeds": 10,
  "base_seed": 1000,
  "n_traincal": 1000,
  "n_test": 500,
  "cal_frac": 0.5,
  "frac_aci": 0.15,
  "target_coverage": 0.9,
  "per_seed_coverage": [
    0.97,
    0.964,
    0.966,
    0.954,
    0.954,
    0.964,
    0.962,
    0.96,
    0.982,
    0.976
  ],
  "per_seed_pooled_coverage": [
    0.9980869565217392,
    0.9982608695652174,
    0.9980869565217392,
    0.9974782608695653,
    0.9965217391304347,
    0.9978260869565218,
    0.9980869565217392,
    0.9979130434782608,
    0.9992173913043478,
    0.9985217391304347
  ],
  "per_seed_width": [
    1869.8953011781398,
    1807.1605429859446,
    1824.5169191912557,
    1877.0747328362563,
    1737.6399923972601,
    1845.204517735099,
    1803.1594175441687,
    1827.2891559648547,
    1929.3326627768083,
    1868.5621085401683
  ],
  "per_seed_gamma_opt": [
    0.001,
    0.01,
    0.001,
    0.001,
    0.005,
    0.001,
    0.005,
    0.005,
    0.001,
    0.001
  ],
  "per_seed_n_inf": [
    0,
    0,
    0,
    0,
    0,
    0,
    0,
    0,
    0,
    0
  ],
  "coverage_mean": 0.9652000000000001,
  "coverage_std": 0.008447484832777158,
  "coverage_se": 0.002671329257130242,
  "pooled_coverage_mean": 0.998,
  "width_mean": 1838.9835351149954,
  "width_std": 49.39196238580627,
  "width_se": 15.619109924451205,
  "coverage_by_time_mean": [
    0.9982,
    0.9964000000000001,
    0.9978,
    0.9969999999999999,
    0.9974000000000001,
    0.9973999999999998,
    0.9978,
    0.9974000000000001,
    0.9986,
    0.9964000000000001,
    0.9978,
    0.9978000000000001,
    0.9982000000000001,
    0.9984,
    0.999,
    0.999,
    0.9970000000000001,
    0.9982,
    0.9985999999999999,
    0.9984,
    0.9992000000000001,
    0.9996,
    0.9984
  ]
}