{
  "time_steps": [
    1,
    2,
    3,
    4,
    5,
    6,
    7,
    8,
    9,
    10,
    11,
    12,
    13,
    14,
    15,
    16,
    17,
    18,
    19,
    20
  ],
  "n_seeds": 30,
  "config": {
    "predictor": "adaptive",
    "n_series": 300,
    "n_train": 600,
    "n_cal": 600,
    "alpha": 0.1,
    "aci_stepsize": 0.005,
    "T": 20,
    "window_size": 800,
    "ar_coef": 0.7,
    "beta": 1.0,
    "noise_std": 0.2,
    "trend_coef": 0.0,
    "covariate_mode": "static",
    "with_shift": true,
    "covar_rate": 1.0,
    "covar_rate_shift": 2.0,
    "x_rate": 0.7,
    "x_trend": 0.0,
    "x_noise_std": 0.2,
    "x0_lambda": 1.0,
    "x_rate_shift": null,
    "x_trend_shift": null,
    "x_noise_std_shift": null,
    "x0_lambda_shift": null
  },
  "by_time": {
    "1": {
      "coverage_mean": 0.6662222222222223,
      "coverage_std": 0.022554187150608897,
      "coverage_median": 0.67,
      "coverage_q25": 0.6633333333333333,
      "coverage_q75": 0.6766666666666666,
      "coverage_min": 0.59,
      "coverage_max": 0.72,
      "width_mean": 2.814316690363386,
      "width_std": 0.20310957973070456,
      "width_median": 2.8088105900765195,
      "n_predictions_total": 9000,
      "empirical_coverage": 0.6662222222222223
    },
    "2": {
      "coverage_mean": 0.7495555555555555,
      "coverage_std": 0.023628816890701926,
      "coverage_median": 0.755,
      "coverage_q25": 0.7283333333333333,
      "coverage_q75": 0.7691666666666667,
      "coverage_min": 0.6933333333333334,
      "coverage_max": 0.7866666666666666,
      "width_mean": 2.3752953764991047,
      "width_std": 0.07514675783008645,
      "width_median": 2.363820912859881,
      "n_predictions_total": 9000,
      "empirical_coverage": 0.7495555555555555
    },
    "3": {
      "coverage_mean": 0.8747777777777778,
      "coverage_std": 0.02230567662897818,
      "coverage_median": 0.875,
      "coverage_q25": 0.86,
      "coverage_q75": 0.8858333333333334,
      "coverage_min": 0.84,
      "coverage_max": 0.9266666666666666,
      "width_mean": 1.7625304196831926,
      "width_std": 0.06875446425928214,
      "width_median": 1.7844525592700524,
      "n_predictions_total": 9000,
      "empirical_coverage": 0.8747777777777778
    },
    "4": {
      "coverage_mean": 0.9376666666666669,
      "coverage_std": 0.01664776706192601,
      "coverage_median": 0.9383333333333332,
      "coverage_q25": 0.9275,
      "coverage_q75": 0.9491666666666666,
      "coverage_min": 0.8966666666666666,
      "coverage_max": 0.9733333333333334,
      "width_mean": 1.5209430189235893,
      "width_std": 0.05604039420108678,
      "width_median": 1.5214807383405924,
      "n_predictions_total": 9000,
      "empirical_coverage": 0.9376666666666666
    },
    "5": {
      "coverage_mean": 0.9438888888888889,
      "coverage_std": 0.018540912385823033,
      "coverage_median": 0.9416666666666667,
      "coverage_q25": 0.9333333333333333,
      "coverage_q75": 0.9558333333333333,
      "coverage_min": 0.8966666666666666,
      "coverage_max": 0.9766666666666667,
      "width_mean": 1.3959748601778184,
      "width_std": 0.06553197839393692,
      "width_median": 1.3891049110007425,
      "n_predictions_total": 9000,
      "empirical_coverage": 0.9438888888888889
    },
    "6": {
      "coverage_mean": 0.9393333333333336,
      "coverage_std": 0.015902480589168745,
      "coverage_median": 0.9383333333333332,
      "coverage_q25": 0.93,
      "coverage_q75": 0.9533333333333334,
      "coverage_min": 0.91,
      "coverage_max": 0.9666666666666667,
      "width_mean": 1.3204586374821607,
      "width_std": 0.0510551321331401,
      "width_median": 1.3212354263202073,
      "n_predictions_total": 9000,
      "empirical_coverage": 0.9393333333333334
    },
    "7": {
      "coverage_mean": 0.9272222222222223,
      "coverage_std": 0.022095471856088754,
      "coverage_median": 0.9283333333333333,
      "coverage_q25": 0.9166666666666666,
      "coverage_q75": 0.9433333333333334,
      "coverage_min": 0.87,
      "coverage_max": 0.9633333333333334,
      "width_mean": 1.2737946116146501,
      "width_std": 0.04111378618952796,
      "width_median": 1.280149936295608,
      "n_predictions_total": 9000,
      "empirical_coverage": 0.9272222222222222
    },
    "8": {
      "coverage_mean": 0.9235555555555557,
      "coverage_std": 0.022042607450342082,
      "coverage_median": 0.9233333333333333,
      "coverage_q25": 0.9141666666666667,
      "coverage_q75": 0.935,
      "coverage_min": 0.8666666666666667,
      "coverage_max": 0.9633333333333334,
      "width_mean": 1.2237944403480578,
      "width_std": 0.039564751822178335,
      "width_median": 1.2315887008504856,
      "n_predictions_total": 9000,
      "empirical_coverage": 0.9235555555555556
    },
    "9": {
      "coverage_mean": 0.921,
      "coverage_std": 0.020113566455394114,
      "coverage_median": 0.9216666666666666,
      "coverage_q25": 0.91,
      "coverage_q75": 0.9383333333333332,
      "coverage_min": 0.88,
      "coverage_max": 0.9566666666666667,
      "width_mean": 1.1764608318096212,
      "width_std": 0.03830562935773846,
      "width_median": 1.1816342153267703,
      "n_predictions_total": 9000,
      "empirical_coverage": 0.921
    },
    "10": {
      "coverage_mean": 0.9084444444444444,
      "coverage_std": 0.022701498291772683,
      "coverage_median": 0.91,
      "coverage_q25": 0.8966666666666666,
      "coverage_q75": 0.9258333333333333,
      "coverage_min": 0.85,
      "coverage_max": 0.95,
      "width_mean": 1.1349057370636542,
      "width_std": 0.04075497150402082,
      "width_median": 1.1481422184491656,
      "n_predictions_total": 9000,
      "empirical_coverage": 0.9084444444444445
    },
    "11": {
      "coverage_mean": 0.9142222222222223,
      "coverage_std": 0.026288052959377986,
      "coverage_median": 0.92,
      "coverage_q25": 0.8975,
      "coverage_q75": 0.9325,
      "coverage_min": 0.8566666666666667,
      "coverage_max": 0.9633333333333334,
      "width_mean": 1.1005830498260485,
      "width_std": 0.03770889385241484,
      "width_median": 1.0996063830440512,
      "n_predictions_total": 9000,
      "empirical_coverage": 0.9142222222222223
    },
    "12": {
      "coverage_mean": 0.9135555555555557,
      "coverage_std": 0.026302138109587245,
      "coverage_median": 0.9166666666666666,
      "coverage_q25": 0.9008333333333334,
      "coverage_q75": 0.9333333333333333,
      "coverage_min": 0.8433333333333334,
      "coverage_max": 0.9566666666666667,
      "width_mean": 1.0651662157693047,
      "width_std": 0.03105972498278097,
      "width_median": 1.071859976483508,
      "n_predictions_total": 9000,
      "empirical_coverage": 0.9135555555555556
    },
    "13": {
      "coverage_mean": 0.9085555555555554,
      "coverage_std": 0.020614330386504207,
      "coverage_median": 0.91,
      "coverage_q25": 0.9008333333333334,
      "coverage_q75": 0.9233333333333333,
      "coverage_min": 0.86,
      "coverage_max": 0.9466666666666667,
      "width_mean": 1.0334154078337978,
      "width_std": 0.034316180919903266,
      "width_median": 1.0391781456036604,
      "n_predictions_total": 9000,
      "empirical_coverage": 0.9085555555555556
    },
    "14": {
      "coverage_mean": 0.9164444444444445,
      "coverage_std": 0.018195101769296642,
      "coverage_median": 0.9133333333333333,
      "coverage_q25": 0.9066666666666666,
      "coverage_q75": 0.9233333333333333,
      "coverage_min": 0.88,
      "coverage_max": 0.9566666666666667,
      "width_mean": 1.0145787896408376,
      "width_std": 0.036231370725519435,
      "width_median": 1.0132338609059974,
      "n_predictions_total": 9000,
      "empirical_coverage": 0.9164444444444444
    },
    "15": {
      "coverage_mean": 0.9223333333333333,
      "coverage_std": 0.02189452832034457,
      "coverage_median": 0.9216666666666666,
      "coverage_q25": 0.9066666666666666,
      "coverage_q75": 0.9375,