{
  "time_steps": [
    1,
    2,
    3,
    4,
    5,
    6,
    7,
    8,
    9,
    10,
    11,
    12,
    13,
    14,
    15,
    16,
    17,
    18,
    19,
    20
  ],
  "n_seeds": 30,
  "config": {
    "predictor": "algorithm",
    "n_series": 300,
    "n_train": 600,
    "n_cal": 600,
    "alpha": 0.1,
    "aci_stepsize": 0.005,
    "T": 20,
    "window_size": 800,
    "ar_coef": 0.7,
    "beta": 1.0,
    "noise_std": 0.2,
    "trend_coef": 0.0,
    "covariate_mode": "static",
    "with_shift": true,
    "covar_rate": 1.0,
    "covar_rate_shift": 2.0,
    "x_rate": 0.7,
    "x_trend": 0.0,
    "x_noise_std": 0.2,
    "x0_lambda": 1.0,
    "x_rate_shift": null,
    "x_trend_shift": null,
    "x_noise_std_shift": null,
    "x0_lambda_shift": null
  },
  "by_time": {
    "1": {
      "coverage_mean": 0.6642222222222223,
      "coverage_std": 0.022209996637039008,
      "coverage_median": 0.6666666666666666,
      "coverage_q25": 0.6575,
      "coverage_q75": 0.6758333333333333,
      "coverage_min": 0.59,
      "coverage_max": 0.72,
      "width_mean": 2.789920190915061,
      "width_std": 0.1887135566586422,
      "width_median": 2.77994076498775,
      "n_predictions_total": 9000,
      "empirical_coverage": 0.6642222222222223
    },
    "2": {
      "coverage_mean": 0.8276666666666667,
      "coverage_std": 0.029529018997639645,
      "coverage_median": 0.8233333333333334,
      "coverage_q25": 0.8075,
      "coverage_q75": 0.8483333333333334,
      "coverage_min": 0.7633333333333333,
      "coverage_max": 0.8866666666666667,
      "width_mean": 2.88885611926906,
      "width_std": 0.2246365031597061,
      "width_median": 2.857644387211491,
      "n_predictions_total": 9000,
      "empirical_coverage": 0.8276666666666667
    },
    "3": {
      "coverage_mean": 0.8796666666666667,
      "coverage_std": 0.021830152440043913,
      "coverage_median": 0.8766666666666667,
      "coverage_q25": 0.8675,
      "coverage_q75": 0.8966666666666666,
      "coverage_min": 0.84,
      "coverage_max": 0.9233333333333333,
      "width_mean": 1.7821784918770516,
      "width_std": 0.1119635546391624,
      "width_median": 1.7670295685580424,
      "n_predictions_total": 9000,
      "empirical_coverage": 0.8796666666666667
    },
    "4": {
      "coverage_mean": 0.8991111111111112,
      "coverage_std": 0.022818662494210558,
      "coverage_median": 0.9033333333333333,
      "coverage_q25": 0.8808333333333334,
      "coverage_q75": 0.9183333333333333,
      "coverage_min": 0.8333333333333334,
      "coverage_max": 0.9333333333333333,
      "width_mean": 1.360642414448633,
      "width_std": 0.06512097884272337,
      "width_median": 1.3722652339264994,
      "n_predictions_total": 9000,
      "empirical_coverage": 0.8991111111111111
    },
    "5": {
      "coverage_mean": 0.9117777777777778,
      "coverage_std": 0.02208960428083651,
      "coverage_median": 0.91,
      "coverage_q25": 0.9,
      "coverage_q75": 0.9283333333333333,
      "coverage_min": 0.8666666666666667,
      "coverage_max": 0.9566666666666667,
      "width_mean": 1.2591043811698808,
      "width_std": 0.07262753752658078,
      "width_median": 1.2725298300731218,
      "n_predictions_total": 9000,
      "empirical_coverage": 0.9117777777777778
    },
    "6": {
      "coverage_mean": 0.908,
      "coverage_std": 0.01973153144926499,
      "coverage_median": 0.9066666666666666,
      "coverage_q25": 0.8941666666666667,
      "coverage_q75": 0.92,
      "coverage_min": 0.8733333333333333,
      "coverage_max": 0.9433333333333334,
      "width_mean": 1.2267152663613041,
      "width_std": 0.06206410031219082,
      "width_median": 1.238616170632911,
      "n_predictions_total": 9000,
      "empirical_coverage": 0.908
    },
    "7": {
      "coverage_mean": 0.9075555555555557,
      "coverage_std": 0.02405138531982035,
      "coverage_median": 0.9116666666666666,
      "coverage_q25": 0.8966666666666666,
      "coverage_q75": 0.9275,
      "coverage_min": 0.83,
      "coverage_max": 0.94,
      "width_mean": 1.2134322944200104,
      "width_std": 0.048628876704606,
      "width_median": 1.2260400302731775,
      "n_predictions_total": 9000,
      "empirical_coverage": 0.9075555555555556
    },
    "8": {
      "coverage_mean": 0.9082222222222224,
      "coverage_std": 0.02323364950101043,
      "coverage_median": 0.91,
      "coverage_q25": 0.8975,
      "coverage_q75": 0.9258333333333333,
      "coverage_min": 0.8566666666666667,
      "coverage_max": 0.9433333333333334,
      "width_mean": 1.1776274761932681,
      "width_std": 0.04865455188637664,
      "width_median": 1.1815960632618752,
      "n_predictions_total": 9000,
      "empirical_coverage": 0.9082222222222223
    },
    "9": {
      "coverage_mean": 0.9073333333333334,
      "coverage_std": 0.02100088181570091,
      "coverage_median": 0.91,
      "coverage_q25": 0.8933333333333333,
      "coverage_q75": 0.92,
      "coverage_min": 0.8733333333333333,
      "coverage_max": 0.95,
      "width_mean": 1.1412728662852956,
      "width_std": 0.04473812967986739,
      "width_median": 1.1326376970239997,
      "n_predictions_total": 9000,
      "empirical_coverage": 0.9073333333333333
    },
    "10": {
      "coverage_mean": 0.8991111111111111,
      "coverage_std": 0.023896897882257885,
      "coverage_median": 0.9016666666666666,
      "coverage_q25": 0.8841666666666667,
      "coverage_q75": 0.92,
      "coverage_min": 0.8533333333333334,
      "coverage_max": 0.9433333333333334,
      "width_mean": 1.1140386830239684,
      "width_std": 0.05024250249838644,
      "width_median": 1.1199673021249894,
      "n_predictions_total": 9000,
      "empirical_coverage": 0.8991111111111111
    },
    "11": {
      "coverage_mean": 0.9014444444444444,
      "coverage_std": 0.024670920554119055,
      "coverage_median": 0.905,
      "coverage_q25": 0.8833333333333333,
      "coverage_q75": 0.9166666666666666,
      "coverage_min": 0.8533333333333334,
      "coverage_max": 0.9466666666666667,
      "width_mean": 1.0689973447674965,
      "width_std": 0.04987407405227574,
      "width_median": 1.0653120585312097,
      "n_predictions_total": 9000,
      "empirical_coverage": 0.9014444444444445
    },
    "12": {
      "coverage_mean": 0.9032222222222221,
      "coverage_std": 0.026548116112745223,
      "coverage_median": 0.9066666666666666,
      "coverage_q25": 0.8908333333333334,
      "coverage_q75": 0.9208333333333334,
      "coverage_min": 0.8333333333333334,
      "coverage_max": 0.9466666666666667,
      "width_mean": 1.0412645330361918,
      "width_std": 0.030021507813225927,
      "width_median": 1.0409915897573558,
      "n_predictions_total": 9000,
      "empirical_coverage": 0.9032222222222223
    },
    "13": {
      "coverage_mean": 0.896111111111111,
      "coverage_std": 0.02016750839994193,
      "coverage_median": 0.9,
      "coverage_q25": 0.8866666666666667,
      "coverage_q75": 0.9125,
      "coverage_min": 0.8533333333333334,
      "coverage_max": 0.9366666666666666,
      "width_mean": 1.0109797520384327,
      "width_std": 0.04012322074744544,
      "width_median": 1.0116589435687517,
      "n_predictions_total": 9000,
      "empirical_coverage": 0.8961111111111111
    },
    "14": {
      "coverage_mean": 0.9061111111111111,
      "coverage_std": 0.02168944671413801,
      "coverage_median": 0.9083333333333333,
      "coverage_q25": 0.8908333333333334,
      "coverage_q75": 0.9233333333333333,
      "coverage_min": 0.86,
      "coverage_max": 0.95,
      "width_mean": 1.0000358027056966,
      "width_std": 0.050731330131263866,
      "width_median": 1.0020414358598115,
      "n_predictions_total": 9000,
      "empirical_coverage": 0.9061111111111111
    },
    "15": {
      "coverage_mean": 0.9095555555555556,
      "coverage_std": 0.027117485589400765,
      "coverage_median": 0.9166666666666666,
      "coverage_q25": 0.8975,
      "coverage_q75": 0.9233333333333333,
      "coverage_min": 0.8466666666666667,