{
  "time_steps": [
    1,
    2,
    3,
    4,
    5,
    6,
    7,
    8,
    9,
    10,
    11,
    12,
    13,
    14,
    15,
    16,
    17,
    18,
    19,
    20
  ],
  "n_seeds": 30,
  "config": {
    "predictor": "adaptive",
    "n_series": 300,
    "n_train": 600,
    "n_cal": 600,
    "alpha": 0.1,
    "aci_stepsize": 0.005,
    "T": 20,
    "window_size": 800,
    "ar_coef": 0.7,
    "beta": 1.0,
    "noise_std": 0.2,
    "trend_coef": 0.0,
    "covariate_mode": "static",
    "with_shift": false,
    "covar_rate": 1.0,
    "covar_rate_shift": 2.0,
    "x_rate": 0.7,
    "x_trend": 0.0,
    "x_noise_std": 0.2,
    "x0_lambda": 1.0,
    "x_rate_shift": null,
    "x_trend_shift": null,
    "x_noise_std_shift": null,
    "x0_lambda_shift": null
  },
  "by_time": {
    "1": {
      "coverage_mean": 0.9037777777777778,
      "coverage_std": 0.022106364649681572,
      "coverage_median": 0.9066666666666666,
      "coverage_q25": 0.8875000000000001,
      "coverage_q75": 0.92,
      "coverage_min": 0.8533333333333334,
      "coverage_max": 0.9366666666666666,
      "width_mean": 2.814316690363386,
      "width_std": 0.20310957973070456,
      "width_median": 2.8088105900765195,
      "n_predictions_total": 9000,
      "empirical_coverage": 0.9037777777777778
    },
    "2": {
      "coverage_mean": 0.9006666666666666,
      "coverage_std": 0.019708993998792643,
      "coverage_median": 0.9016666666666666,
      "coverage_q25": 0.89,
      "coverage_q75": 0.9125,
      "coverage_min": 0.86,
      "coverage_max": 0.9466666666666667,
      "width_mean": 2.3752953764991047,
      "width_std": 0.07514675783008644,
      "width_median": 2.363820912859881,
      "n_predictions_total": 9000,
      "empirical_coverage": 0.9006666666666666
    },
    "3": {
      "coverage_mean": 0.8952222222222223,
      "coverage_std": 0.0216996899334962,
      "coverage_median": 0.8983333333333333,
      "coverage_q25": 0.8833333333333333,
      "coverage_q75": 0.9091666666666667,
      "coverage_min": 0.8433333333333334,
      "coverage_max": 0.9466666666666667,
      "width_mean": 1.7625304196831926,
      "width_std": 0.0687544642592821,
      "width_median": 1.7844525592700524,
      "n_predictions_total": 9000,
      "empirical_coverage": 0.8952222222222223
    },
    "4": {
      "coverage_mean": 0.9019999999999999,
      "coverage_std": 0.02222111108333194,
      "coverage_median": 0.905,
      "coverage_q25": 0.8841666666666667,
      "coverage_q75": 0.9191666666666667,
      "coverage_min": 0.8533333333333334,
      "coverage_max": 0.94,
      "width_mean": 1.5209430189235893,
      "width_std": 0.056040394201086766,
      "width_median": 1.5214807383405926,
      "n_predictions_total": 9000,
      "empirical_coverage": 0.902
    },
    "5": {
      "coverage_mean": 0.8962222222222221,
      "coverage_std": 0.019412354472676405,
      "coverage_median": 0.8933333333333333,
      "coverage_q25": 0.8833333333333333,
      "coverage_q75": 0.9091666666666667,
      "coverage_min": 0.86,
      "coverage_max": 0.94,
      "width_mean": 1.3959748601778186,
      "width_std": 0.06553197839393696,
      "width_median": 1.3891049110007425,
      "n_predictions_total": 9000,
      "empirical_coverage": 0.8962222222222223
    },
    "6": {
      "coverage_mean": 0.8992222222222224,
      "coverage_std": 0.018908813021354436,
      "coverage_median": 0.8966666666666666,
      "coverage_q25": 0.8875000000000001,
      "coverage_q75": 0.915,
      "coverage_min": 0.8633333333333333,
      "coverage_max": 0.9333333333333333,
      "width_mean": 1.3204586374821607,
      "width_std": 0.05105513213314011,
      "width_median": 1.3212354263202073,
      "n_predictions_total": 9000,
      "empirical_coverage": 0.8992222222222223
    },
    "7": {
      "coverage_mean": 0.9007777777777778,
      "coverage_std": 0.019544504453195735,
      "coverage_median": 0.9,
      "coverage_q25": 0.8908333333333334,
      "coverage_q75": 0.9125,
      "coverage_min": 0.8633333333333333,
      "coverage_max": 0.9366666666666666,
      "width_mean": 1.2737946116146501,
      "width_std": 0.04111378618952793,
      "width_median": 1.280149936295608,
      "n_predictions_total": 9000,
      "empirical_coverage": 0.9007777777777778
    },
    "8": {
      "coverage_mean": 0.9053333333333334,
      "coverage_std": 0.017096675007038542,
      "coverage_median": 0.905,
      "coverage_q25": 0.8933333333333333,
      "coverage_q75": 0.9191666666666667,
      "coverage_min": 0.8766666666666667,
      "coverage_max": 0.9366666666666666,
      "width_mean": 1.2237944403480578,
      "width_std": 0.03956475182217835,
      "width_median": 1.2315887008504856,
      "n_predictions_total": 9000,
      "empirical_coverage": 0.9053333333333333
    },
    "9": {
      "coverage_mean": 0.8955555555555555,
      "coverage_std": 0.02031845235673326,
      "coverage_median": 0.8966666666666666,
      "coverage_q25": 0.8841666666666667,
      "coverage_q75": 0.9091666666666667,
      "coverage_min": 0.8466666666666667,
      "coverage_max": 0.9333333333333333,
      "width_mean": 1.1764608318096212,
      "width_std": 0.0383056293577385,
      "width_median": 1.1816342153267703,
      "n_predictions_total": 9000,
      "empirical_coverage": 0.8955555555555555
    },
    "10": {
      "coverage_mean": 0.8966666666666667,
      "coverage_std": 0.02669442999190266,
      "coverage_median": 0.8999999999999999,
      "coverage_q25": 0.8783333333333334,
      "coverage_q75": 0.9158333333333333,
      "coverage_min": 0.8233333333333334,
      "coverage_max": 0.9366666666666666,
      "width_mean": 1.1349057370636542,
      "width_std": 0.0407549715040208,
      "width_median": 1.1481422184491656,
      "n_predictions_total": 9000,
      "empirical_coverage": 0.8966666666666666
    },
    "11": {
      "coverage_mean": 0.8977777777777778,
      "coverage_std": 0.02194831189549047,
      "coverage_median": 0.8983333333333333,
      "coverage_q25": 0.8841666666666667,
      "coverage_q75": 0.9133333333333333,
      "coverage_min": 0.8466666666666667,
      "coverage_max": 0.94,
      "width_mean": 1.1005830498260485,
      "width_std": 0.03770889385241482,
      "width_median": 1.0996063830440512,
      "n_predictions_total": 9000,
      "empirical_coverage": 0.8977777777777778
    },
    "12": {
      "coverage_mean": 0.9021111111111111,
      "coverage_std": 0.021212912443155645,
      "coverage_median": 0.9016666666666666,
      "coverage_q25": 0.8875000000000001,
      "coverage_q75": 0.9133333333333333,
      "coverage_min": 0.8566666666666667,
      "coverage_max": 0.9566666666666667,
      "width_mean": 1.0651662157693047,
      "width_std": 0.031059724982780996,
      "width_median": 1.0718599764835075,
      "n_predictions_total": 9000,
      "empirical_coverage": 0.9021111111111111
    },
    "13": {
      "coverage_mean": 0.901888888888889,
      "coverage_std": 0.02225580795330337,
      "coverage_median": 0.9,
      "coverage_q25": 0.8933333333333333,
      "coverage_q75": 0.9183333333333333,
      "coverage_min": 0.85,
      "coverage_max": 0.9566666666666667,
      "width_mean": 1.0334154078337976,
      "width_std": 0.03431618091990319,
      "width_median": 1.0391781456036604,
      "n_predictions_total": 9000,
      "empirical_coverage": 0.9018888888888889
    },
    "14": {
      "coverage_mean": 0.9114444444444446,
      "coverage_std": 0.019064866529888674,
      "coverage_median": 0.9166666666666666,
      "coverage_q25": 0.9008333333333334,
      "coverage_q75": 0.9233333333333333,
      "coverage_min": 0.8566666666666667,
      "coverage_max": 0.9433333333333334,
      "width_mean": 1.0145787896408376,
      "width_std": 0.0362313707255194,
      "width_median": 1.0132338609059974,
      "n_predictions_total": 9000,
      "empirical_coverage": 0.9114444444444444
    },
    "15": {
      "coverage_mean": 0.9036666666666666,
      "coverage_std": 0.0164508245881363,