{
  "regime": "last_step",
  "domain": "medical",
  "mode": "full",
  "alpha": 0.1,
  "n_seeds": 10,
  "base_seed": 1000,
  "n_traincal": 1000,
  "n_test": 500,
  "cal_frac": 0.5,
  "target_coverage": 0.9,
  "per_seed_coverage": [
    0.896,
    0.862,
    0.916,
    0.892,
    0.93,
    0.906,
    0.866,
    0.922,
    0.88,
    0.916
  ],
  "per_seed_width": [
    236.74666846201094,
    191.79776366902883,
    202.67490924214894,
    232.02923094418767,
    250.34914143241917,
    205.56070171455445,
    153.14562351093883,
    255.63132427674302,
    178.65969892296968,
    188.68753983769622
  ],
  "per_seed_n_inf": [
    2,
    1,
    1,
    0,
    0,
    1,
    1,
    1,
    1,
    2
  ],
  "coverage_mean": 0.8986000000000001,
  "coverage_std": 0.02234367919569203,
  "coverage_se": 0.007065691756650588,
  "width_mean": 209.52826020126977,
  "width_std": 31.594711839277334,
  "width_se": 9.991125142880412
}