{
  "regime": "last_step",
  "domain": "medical",
  "mode": "uniform",
  "alpha": 0.1,
  "n_seeds": 10,
  "base_seed": 1000,
  "n_traincal": 1000,
  "n_test": 500,
  "cal_frac": 0.5,
  "target_coverage": 0.9,
  "per_seed_coverage": [
    0.946,
    0.886,
    0.936,
    0.93,
    0.928,
    0.922,
    0.896,
    0.928,
    0.898,
    0.962
  ],
  "per_seed_width": [
    352.0731578142169,
    215.9432238800678,
    224.84899280830373,
    307.2403080169538,
    246.47230313812318,
    239.21031002230478,
    184.98425300187776,
    273.7799857528074,
    206.48311257242452,
    318.96721717046836
  ],
  "per_seed_n_inf": [
    0,
    0,
    0,
    0,
    0,
    0,
    0,
    0,
    0,
    0
  ],
  "coverage_mean": 0.9231999999999999,
  "coverage_std": 0.022453507521097888,
  "coverage_se": 0.007100422522639053,
  "width_mean": 257.00028641775486,
  "width_std": 51.545487815996225,
  "width_se": 16.300114460300623
}